mtllib 09_03_2026.mtl
v -0.440212 -0.050229 0.007468
v -0.440270 0.000003 0.007830
v -0.440193 -0.046943 0.006795
v -0.440248 -0.083516 0.006334
v -0.440265 -0.009519 0.006910
v -0.440321 0.037104 0.007173
v -0.440372 0.044400 0.007917
v -0.440275 0.078649 0.006799
v -0.440309 -0.083720 0.007002
v -0.440147 -0.125767 0.007043
v -0.439958 -0.138005 0.006268
v -0.440174 0.078981 0.006274
v -0.440341 0.116537 0.006959
v -0.440102 -0.149721 0.006992
v -0.440382 -0.160870 0.005887
v -0.440625 -0.166864 0.006474
v -0.440011 0.140660 0.006326
v -0.439989 0.136956 0.006758
v -0.441031 -0.167178 0.005621
v -0.441958 -0.170516 0.006035
v -0.442441 -0.170231 0.004917
v 0.044913 -0.303050 0.006773
v 0.050756 -0.303091 0.006412
v 0.072981 -0.303085 0.008265
v 0.002257 -0.302882 0.006125
v 0.015165 -0.302949 0.005614
v -0.019527 -0.302715 0.004762
v 0.077673 -0.303036 0.008093
v 0.098713 -0.302932 0.008578
v -0.111057 -0.300290 0.004441
v -0.115636 -0.300346 0.003576
v -0.083078 -0.300449 0.003193
v -0.083415 -0.300324 0.004154
v -0.060470 -0.300598 0.004520
v -0.058451 -0.300720 0.003447
v -0.029336 -0.301080 0.005300
v -0.030082 -0.301130 0.004108
v -0.021331 -0.301775 0.005272
v -0.144525 -0.299851 0.003937
v -0.021249 -0.301472 0.004364
v -0.147508 -0.299962 0.003272
v -0.195427 -0.299836 0.003295
v -0.200357 -0.299684 0.003719
v -0.243490 -0.299461 0.003536
v -0.253387 -0.299389 0.003864
v -0.303769 -0.299459 0.003672
v -0.297135 -0.299442 0.004059
v -0.019527 -0.302715 0.004762
v -0.179297 0.285207 0.004857
v -0.207263 0.285312 0.004991
v -0.205508 0.285093 0.005486
v -0.178929 0.285499 0.004142
v -0.151460 0.285174 0.004081
v -0.151890 0.284891 0.004856
v -0.227807 0.284918 0.005580
v -0.227178 0.285084 0.005044
v -0.265094 0.285074 0.005152
v -0.145992 0.283603 0.004462
v -0.500758 -0.240138 0.004691
v -0.500605 -0.216409 0.004512
v -0.500062 -0.233784 0.002416
v -0.500234 -0.210337 0.002182
v -0.499460 -0.240501 0.002481
v -0.499582 -0.256170 0.003125
v -0.500989 -0.264486 0.005321
v -0.499370 -0.279286 0.003937
v -0.500819 -0.283126 0.005526
v -0.498794 -0.287168 0.004226
v -0.499747 -0.288030 0.005550
v -0.498537 -0.229173 0.001329
v -0.498620 -0.203553 0.000951
v -0.499339 -0.202948 0.001948
v -0.496829 -0.196945 0.001888
v -0.497935 -0.237776 0.001435
v -0.495060 -0.197547 0.000215
v -0.493475 -0.193595 0.000858
v -0.491386 -0.193129 -0.000342
v -0.488890 -0.188093 0.000588
v -0.489296 -0.187677 0.002080
v -0.486073 -0.186100 0.000308
v -0.095048 0.266767 0.003256
v -0.093928 0.267746 0.002148
v -0.101191 0.265239 0.003472
v -0.097363 0.267827 0.000794
v -0.105705 0.265595 0.001303
v -0.088501 0.267659 0.004332
v -0.084633 0.269821 0.003375
v -0.082323 0.271126 0.002421
v -0.077524 0.271078 0.004446
v -0.072390 0.273386 0.003641
v -0.102268 0.263618 0.004613
v -0.108388 0.262391 0.003329
v -0.109727 0.262743 0.001789
v -0.080555 0.269101 0.004723
v -0.091714 0.265248 0.004605
v -0.117004 0.260554 0.002880
v -0.111638 0.259436 0.004728
v -0.120133 0.257963 0.004800
v -0.125813 0.260087 0.003959
v -0.127757 0.257152 0.005984
v -0.120205 0.255832 0.005730
v -0.071653 0.274008 0.002462
v -0.069328 0.275427 0.002655
v 0.281927 -0.286936 0.009192
v 0.304125 -0.289356 0.009378
v 0.301285 -0.289756 0.010037
v 0.306979 -0.289984 0.010895
v 0.285388 -0.287243 0.008522
v 0.274105 -0.285455 0.008257
v 0.256761 -0.284847 0.009457
v 0.256614 -0.284447 0.008831
v 0.237290 -0.286134 0.009239
v 0.238752 -0.287016 0.009701
v 0.310960 -0.288037 0.011277
v 0.311867 -0.290427 0.012407
v 0.316509 -0.291894 0.013088
v 0.311901 -0.291833 0.014313
v 0.307987 -0.290979 0.013564
v 0.303739 -0.289797 0.012720
v 0.298520 -0.289184 0.011213
v 0.306792 -0.289965 0.014848
v 0.311530 -0.291598 0.016450
v -0.356008 0.284685 0.006458
v -0.399823 0.285607 0.006179
v -0.399861 0.285246 0.006701
v -0.358535 0.285153 0.006038
v -0.319997 0.284541 0.006517
v -0.312442 0.285189 0.006065
v -0.402182 0.287136 0.006534
v 0.151043 -0.302050 0.010474
v 0.161882 -0.301669 0.009672
v 0.174611 -0.300220 0.010977
v 0.148234 -0.302871 0.009903
v 0.182437 -0.299314 0.010523
v 0.165568 -0.299406 0.010907
v 0.148899 -0.299583 0.010611
v 0.127946 -0.301557 0.010347
v 0.129526 -0.299322 0.010485
v 0.106659 -0.299198 0.010003
v 0.103480 -0.300970 0.009997
v 0.078272 -0.299978 0.009879
v 0.177201 -0.298928 0.011242
v 0.100552 -0.302324 0.009215
v 0.076709 -0.301513 0.009178
v 0.072981 -0.303085 0.008265
v 0.062688 -0.301353 0.008608
v 0.044913 -0.303050 0.006773
v 0.129387 -0.302976 0.009898
v 0.126823 -0.302501 0.009497
v 0.098713 -0.302932 0.008578
v -0.448948 0.287455 0.006863
v -0.466971 0.287562 0.006403
v -0.479103 0.287305 0.006691
v -0.418021 0.287210 0.006440
v -0.252415 0.285146 0.005583
v -0.265094 0.285074 0.005152
v -0.275784 0.284351 0.005662
v -0.285304 0.285214 0.005116
v 0.199979 -0.295476 0.010172
v 0.203037 -0.294016 0.010958
v 0.196965 -0.295210 0.011141
v 0.194822 -0.296306 0.010676
v 0.186302 -0.298025 0.010882
v 0.182437 -0.299314 0.010523
v 0.211385 -0.292190 0.009844
v 0.177201 -0.298928 0.011242
v 0.174611 -0.300220 0.010977
v 0.193263 -0.296496 0.009164
v 0.214300 -0.291840 0.010789
v 0.222153 -0.290716 0.009975
v -0.028529 0.293541 0.000509
v -0.027487 0.295788 -0.000758
v -0.028478 0.295273 -0.001494
v -0.035448 0.291576 -0.000066
v -0.036525 0.289843 0.001104
v -0.038558 0.289385 0.000227
v -0.043057 0.287248 0.001340
v -0.024658 0.297120 -0.002055
v -0.021946 0.298398 -0.001643
v -0.021170 0.297754 0.000073
v -0.019608 0.299923 -0.000592
v -0.017783 0.300757 -0.001970
v -0.013678 0.302170 -0.001628
v -0.060655 0.277598 0.003242
v -0.058930 0.278668 0.001888
v -0.069328 0.275427 0.002655
v -0.057866 0.279744 0.002362
v 0.011153 0.309376 0.000084
v 0.011320 0.311210 -0.001789
v 0.000121 0.308526 -0.002726
v -0.002807 0.306545 -0.001825
v 0.015213 0.311476 -0.000499
v 0.007037 0.305997 0.001189
v -0.001709 0.301068 0.002179
v -0.011402 0.303344 -0.001307
v -0.013003 0.301396 -0.000155
v 0.016696 0.309089 0.001238
v 0.031945 0.313247 0.000111
v -0.016221 0.295883 0.002067
v -0.028495 0.290348 0.002214
v -0.041424 0.286469 0.002428
v -0.050895 0.282931 0.002096
v -0.045440 0.282782 0.003247
v -0.052056 0.281495 0.002754
v -0.055381 0.278395 0.003590
v -0.064401 0.274712 0.004160
v -0.072390 0.273386 0.003641
v -0.073131 0.271553 0.004631
v -0.077524 0.271078 0.004446
v 0.030711 0.310483 0.001399
v 0.001453 0.300795 0.002445
v 0.041940 0.314602 -0.000731
v 0.042657 0.310584 0.001118
v -0.038503 0.285107 0.002988
v -0.050764 0.279515 0.003385
v -0.080555 0.269101 0.004723
v -0.084633 0.269821 0.003375
v 0.034127 0.314693 -0.000714
v 0.043957 0.313181 -0.000177
v 0.054263 0.309537 0.000669
v 0.056656 0.306329 0.001501
v 0.018074 0.312563 -0.001532
v 0.032615 0.314216 -0.001248
v -0.004631 0.306170 -0.002473
v 0.010182 0.311097 -0.002531
v -0.010610 0.303706 -0.002400
v 0.407444 -0.288959 0.007934
v 0.393057 -0.288978 0.006369
v 0.407752 -0.288927 0.007154
v 0.429442 -0.287650 0.007055
v 0.386097 -0.288709 0.006733
v 0.374473 -0.287927 0.005577
v 0.369959 -0.287857 0.006282
v 0.231550 0.304760 -0.002338
v 0.234681 0.306768 -0.003075
v 0.232126 0.305070 -0.003259
v -0.297716 0.285860 0.009027
v -0.297680 0.286090 0.006632
v -0.302474 0.286156 0.006603
v -0.306315 0.285843 0.007860
v -0.292760 0.286454 0.005998
v -0.294173 0.286064 0.008394
v -0.295562 0.285523 0.010651
v -0.307088 0.286330 0.006455
v -0.312442 0.285189 0.006065
v -0.296556 0.285833 0.005193
v -0.293020 0.286214 0.004910
v -0.285304 0.285214 0.005116
v -0.304485 0.285746 0.005098
v -0.275784 0.284351 0.005662
v -0.307740 0.285596 0.005029
v 0.330553 -0.294203 0.004475
v 0.330058 -0.291601 0.003877
v 0.334687 -0.293972 0.000556
v 0.338874 -0.300119 -0.000269
v 0.339800 -0.296842 -0.002235
v 0.325386 -0.296655 0.009139
v 0.321581 -0.291546 0.009974
v 0.325288 -0.287145 0.005810
v 0.318800 -0.287938 0.010334
v 0.316710 -0.284376 0.010414
v 0.316509 -0.291894 0.013088
v 0.338131 -0.292641 -0.002030
v 0.321199 -0.278980 0.006504
v 0.329151 -0.279184 0.001491
v 0.330604 -0.284742 0.002044
v 0.330871 -0.275030 -0.000393
v 0.315863 -0.276510 0.008978
v 0.323232 -0.271333 0.004299
v 0.333874 -0.283896 -0.001492
v 0.319445 -0.271820 0.006541
v 0.320329 -0.266558 0.005495
v 0.328086 -0.271250 0.001240
v 0.315269 -0.262469 0.006726
v 0.316049 -0.288411 0.011649
v 0.341805 -0.300755 -0.001483
v 0.326527 -0.300019 0.010168
v 0.331424 -0.299461 0.006654
v 0.333557 -0.298851 0.004592
v 0.321586 -0.297214 0.013240
v 0.322792 -0.299860 0.013502
v 0.318030 -0.298982 0.015861
v 0.318666 -0.293621 0.013247
v 0.316258 -0.294747 0.014606
v 0.314569 -0.295690 0.016842
v 0.327730 -0.267053 0.002249
v 0.335202 -0.287346 -0.002254
v 0.336457 -0.290942 -0.002245
v 0.311901 -0.291833 0.014313
v 0.311530 -0.291598 0.016450
v 0.238752 -0.287016 0.009701
v 0.239305 -0.286368 0.010305
v 0.224576 -0.289622 0.010548
v 0.222153 -0.290716 0.009975
v 0.256761 -0.284847 0.009457
v 0.218819 -0.290124 0.010929
v 0.214300 -0.291840 0.010789
v 0.259381 -0.284355 0.010170
v 0.281927 -0.286936 0.009192
v 0.434743 0.129907 0.006377
v 0.431856 0.137370 0.005602
v 0.434350 0.129588 0.007154
v 0.436249 0.127832 0.007146
v 0.428238 0.141472 0.005908
v 0.429271 0.143447 0.005262
v 0.428379 0.149632 0.004636
v 0.460016 -0.095337 0.006112
v 0.461283 -0.095518 0.005307
v 0.454787 -0.091830 0.005869
v 0.455107 -0.092594 0.006634
v 0.462692 -0.095986 0.006031
v 0.452016 -0.087069 0.006543
v 0.430215 0.115283 0.005694
v 0.434729 0.123657 0.007099
v 0.429885 0.115111 0.006231
v 0.435995 0.125137 0.006850
v 0.425023 0.111331 0.005518
v -0.141900 0.276959 0.005255
v -0.141957 0.277959 0.004531
v -0.145992 0.283603 0.004462
v -0.138706 0.272708 0.004959
v -0.131716 0.262362 0.004396
v -0.134670 0.266269 0.004711
v -0.132182 0.261930 0.005274
v -0.136268 0.266847 0.005506
v -0.141690 0.273468 0.005846
v -0.132889 0.259411 0.006018
v -0.125813 0.260087 0.003959
v -0.127757 0.257152 0.005984
v 0.446391 0.174529 0.003501
v 0.446202 0.174255 0.002710
v 0.452076 0.177228 0.003029
v 0.444750 0.172172 0.003246
v 0.453517 0.179081 0.003213
v 0.462027 0.183605 0.003188
v 0.457074 0.184808 0.003631
v 0.446079 0.186706 0.003866
v 0.461671 0.194081 0.003750
v 0.472804 0.187036 0.003539
v 0.459663 0.181316 0.002738
v 0.344874 0.262037 0.000109
v 0.343011 0.265186 0.000297
v 0.344763 0.261761 0.000701
v 0.349272 0.258409 0.000575
v -0.003312 0.063385 0.002857
v -0.029671 0.077132 0.002798
v -0.018007 0.062582 0.002900
v -0.018576 0.101413 0.002773
v -0.029451 0.124641 0.002842
v -0.051593 0.072025 0.003070
v -0.044707 0.068640 0.002936
v -0.044964 0.118953 0.003019
v -0.058062 0.122081 0.003334
v -0.075467 0.081655 0.003813
v -0.075593 0.101656 0.003871
v -0.094302 0.084633 0.004236
v -0.095371 0.068277 0.004388
v -0.103619 0.076599 0.004548
v -0.100002 0.052086 0.004817
v -0.124228 0.073421 0.005622
v -0.128066 0.055177 0.006047
v -0.117975 0.029184 0.005848
v -0.126056 0.026974 0.006318
v -0.110837 0.011463 0.005810
v -0.097987 0.037816 0.004968
v -0.076125 0.067053 0.004015
v -0.078347 0.041916 0.004673
v -0.080406 0.015280 0.005154
v -0.092944 0.012060 0.005375
v -0.041350 0.174224 0.002875
v -0.052639 0.151353 0.003076
v 0.002377 0.125725 0.002677
v -0.029864 0.156680 0.002796
v -0.003097 0.168844 0.002600
v -0.008557 0.208338 0.002330
v -0.017351 0.184644 0.002570
v -0.005402 0.249833 0.002395
v -0.046181 0.225014 0.002684
v -0.053973 0.177215 0.003232
v -0.064207 0.149796 0.003565
v -0.080970 0.118443 0.004147
v -0.098126 0.158158 0.005014
v -0.094731 0.176737 0.004908
v -0.112868 0.166321 0.005715
v -0.121697 0.148138 0.006042
v -0.124862 0.166052 0.006108
v -0.139325 0.163865 0.006341
v -0.122419 0.117773 0.005775
v -0.126001 0.127726 0.005983
v -0.139011 0.084816 0.006168
v -0.127291 0.090654 0.005735
v -0.146773 0.146525 0.006422
v -0.173870 0.156269 0.006538
v -0.182313 0.132004 0.006516
v -0.146745 0.170151 0.006534
v -0.175574 0.184452 0.006430
v -0.144736 0.196446 0.006367
v -0.165403 0.221085 0.006332
v -0.183744 0.204565 0.006390
v -0.180980 0.244708 0.006324
v -0.199182 0.218307 0.006365
v -0.202265 0.188850 0.006415
v -0.221127 0.214950 0.006394
v -0.216733 0.239141 0.006364
v -0.254504 0.244349 0.006423
v -0.240686 0.207243 0.006461
v -0.274808 0.232843 0.006509
v -0.277436 0.261598 0.006491
v -0.230894 0.264340 0.006348
v -0.246747 0.277065 0.006311
v -0.280156 0.278977 0.006306
v -0.212274 0.278043 0.006199
v -0.203978 0.254385 0.006333
v -0.193450 0.273249 0.006190
v -0.167094 0.272980 0.006156
v -0.164782 0.253918 0.006321
v -0.151212 0.273161 0.006218
v -0.147724 0.253803 0.006398
v -0.141922 0.221863 0.006379
v -0.273940 0.211628 0.006598
v -0.245704 0.187923 0.006494
v -0.246435 0.157648 0.006514
v -0.211154 0.167590 0.006501
v -0.242420 0.167603 0.006531
v -0.288671 0.222125 0.006866
v -0.287882 0.271554 0.006599
v -0.280856 0.181332 0.006649
v -0.238964 0.140018 0.006437
v -0.207123 0.149226 0.006518
v -0.216398 0.125184 0.006457
v -0.259674 0.119203 0.006502
v -0.253126 0.090576 0.006493
v -0.243463 0.103196 0.006498
v -0.230898 0.081679 0.006528
v -0.185358 0.066538 0.006730
v -0.192434 0.078822 0.006535
v -0.166834 0.054787 0.006927
v -0.162051 0.084308 0.006529
v -0.192663 0.016016 0.007564
v -0.160641 0.025094 0.007108
v -0.210548 0.011642 0.007848
v -0.210021 0.019359 0.007801
v -0.196527 -0.011521 0.007440
v -0.182363 -0.022247 0.007277
v -0.166336 -0.008064 0.007064
v -0.148535 -0.019960 0.006763
v -0.162408 -0.041833 0.007079
v -0.126429 -0.029053 0.006429
v -0.119655 -0.022509 0.006179
v -0.107682 -0.042292 0.006315
v -0.110056 -0.056253 0.006553
v -0.094425 -0.065295 0.006297
v -0.081142 -0.083560 0.006288
v -0.075498 -0.069166 0.005822
v -0.082418 -0.053939 0.005622
v -0.093833 -0.039326 0.005727
v -0.097242 -0.013125 0.005299
v -0.111978 -0.010577 0.005798
v -0.124813 0.010782 0.006375
v -0.078029 -0.005795 0.004815
v -0.081278 -0.019100 0.005035
v -0.144604 -0.058357 0.006935
v -0.140167 -0.087667 0.006901
v -0.124988 -0.076479 0.006777
v -0.165060 -0.074624 0.007249
v -0.192525 -0.042784 0.007642
v -0.178302 -0.086898 0.007363
v -0.195830 -0.062993 0.007668
v -0.210204 -0.044689 0.008082
v -0.178344 -0.131310 0.007616
v -0.164312 -0.117280 0.007300
v -0.188123 -0.115250 0.007574
v -0.140531 -0.129768 0.007020
v -0.147128 -0.109875 0.006918
v -0.143083 -0.161383 0.007238
v -0.114369 -0.135064 0.006858
v -0.140176 -0.194432 0.007633
v -0.121549 -0.159776 0.007007
v -0.160915 -0.176750 0.007879
v -0.159335 -0.148611 0.007506
v -0.183373 -0.152594 0.007740
v -0.205991 -0.125723 0.007755
v -0.206165 -0.162328 0.007751
v -0.174735 -0.195755 0.008284
v -0.188501 -0.176966 0.007973
v -0.208213 -0.183175 0.008078
v -0.165477 -0.220453 0.008307
v -0.161229 -0.202540 0.008164
v -0.161753 -0.248106 0.008033
v -0.144336 -0.225476 0.007720
v -0.143850 -0.212570 0.007667
v -0.144359 -0.243016 0.007638
v -0.144465 -0.263622 0.007315
v -0.174636 -0.278181 0.007629
v -0.173651 -0.241752 0.008275
v -0.192632 -0.272576 0.007940
v -0.193925 -0.218089 0.008424
v -0.219194 -0.221006 0.008534
v -0.200407 -0.201762 0.008372
v -0.232916 -0.203100 0.008377
v -0.229965 -0.183037 0.008113
v -0.230238 -0.158506 0.007836
v -0.252464 -0.181030 0.008088
v -0.259923 -0.159409 0.007857
v -0.275004 -0.179700 0.008118
v -0.228630 -0.137639 0.007859
v -0.247470 -0.137140 0.007848
v -0.282481 -0.139558 0.007876
v -0.273974 -0.115091 0.007938
v -0.291835 -0.082640 0.008044
v -0.224905 -0.103787 0.007733
v -0.249120 -0.110658 0.007962
v -0.257916 -0.084991 0.008182
v -0.272588 -0.077178 0.008206
v -0.205298 -0.085606 0.007477
v -0.229776 -0.063726 0.008035
v -0.242627 -0.039185 0.008243
v -0.229189 -0.025303 0.007902
v -0.257452 -0.016910 0.008282
v -0.234018 -0.006963 0.007941
v -0.263042 -0.008141 0.008238
v -0.240660 0.017397 0.007979
v -0.255061 0.021140 0.008121
v -0.276303 0.025450 0.008134
v -0.278151 0.041066 0.008080
v -0.283451 0.004470 0.008108
v -0.289802 0.031701 0.008333
v -0.306175 0.016335 0.008384
v -0.319045 0.019704 0.008509
v -0.309088 0.039306 0.008430
v -0.317069 0.043238 0.008363
v -0.337346 -0.003901 0.008675
v -0.339897 0.019786 0.008557
v -0.360819 -0.009601 0.008405
v -0.358813 0.020222 0.008430
v -0.342973 0.038585 0.008527
v -0.378809 0.040077 0.008315
v -0.377141 -0.007892 0.008252
v -0.386092 -0.043784 0.008179
v -0.365011 -0.071044 0.007810
v -0.387819 -0.058590 0.007920
v -0.417934 -0.061373 0.007648
v -0.335421 -0.094053 0.007984
v -0.355789 -0.089051 0.007831
v -0.332202 -0.070713 0.008255
v -0.354347 -0.108924 0.007912
v -0.372319 -0.120693 0.007822
v -0.370944 -0.134216 0.007795
v -0.389242 -0.103942 0.007688
v -0.384793 -0.085232 0.007582
v -0.414873 -0.083665 0.007471
v -0.409191 -0.148116 0.007468
v -0.401545 -0.123517 0.007685
v -0.389705 -0.161325 0.007663
v -0.367555 -0.144972 0.007783
v -0.334324 -0.152827 0.008027
v -0.309673 -0.177279 0.008219
v -0.315197 -0.148896 0.007995
v -0.296616 -0.172141 0.008084
v -0.262280 -0.199547 0.008319
v -0.253716 -0.224609 0.008349
v -0.293860 -0.219771 0.008397
v -0.290099 -0.244321 0.008255
v -0.271138 -0.273987 0.008331
v -0.290252 -0.267294 0.008264
v -0.312407 -0.241573 0.008483
v -0.322236 -0.234063 0.008521
v -0.334664 -0.242968 0.008571
v -0.368578 -0.251056 0.008639
v -0.367681 -0.218446 0.008542
v -0.391863 -0.226906 0.008368
v -0.396306 -0.195033 0.008127
v -0.343138 -0.211401 0.008691
v -0.355970 -0.232808 0.008624
v -0.368388 -0.193589 0.008391
v -0.310794 -0.212713 0.008495
v -0.335430 -0.194085 0.008563
v -0.310770 -0.188242 0.008395
v -0.335826 -0.178825 0.008225
v -0.410720 -0.219832 0.008219
v -0.426294 -0.254132 0.008447
v -0.434190 -0.229295 0.008263
v -0.402344 -0.270879 0.008446
v -0.426962 -0.270959 0.008554
v -0.445805 -0.262002 0.008653
v -0.460319 -0.249936 0.008523
v -0.463857 -0.262339 0.008604
v -0.456727 -0.219626 0.008414
v -0.477090 -0.226645 0.008813
v -0.474614 -0.263075 0.008767
v -0.475781 -0.208152 0.008628
v -0.455734 -0.190142 0.008216
v -0.478959 -0.190612 0.008548
v -0.486681 -0.198159 0.008813
v -0.483652 -0.227229 0.009106
v -0.469928 -0.184377 0.008403
v -0.453935 -0.183762 0.008193
v -0.438155 -0.188458 0.007789
v -0.429321 -0.199323 0.007992
v -0.420710 -0.191821 0.007900
v -0.406744 -0.178045 0.007596
v -0.432694 -0.173621 0.007068
v -0.368343 -0.177452 0.007984
v -0.350657 -0.176939 0.008063
v -0.337621 -0.268912 0.008525
v -0.370459 -0.270421 0.008534
v -0.398002 -0.248735 0.008469
v -0.320593 -0.271235 0.008378
v -0.308329 -0.273690 0.008417
v -0.288549 -0.197828 0.008343
v -0.432516 -0.157574 0.007009
v -0.433679 -0.132053 0.007143
v -0.430564 -0.099905 0.007355
v -0.438655 -0.102291 0.007190
v -0.438498 -0.082840 0.007173
v -0.434904 -0.055579 0.007480
v -0.435031 -0.041025 0.007699
v -0.365597 -0.044040 0.008420
v -0.337391 -0.051268 0.008814
v -0.337291 -0.042184 0.008958
v -0.407547 -0.035632 0.008025
v -0.435144 -0.016549 0.007763
v -0.402387 -0.008527 0.008109
v -0.387074 0.007750 0.008281
v -0.427225 0.008964 0.008273
v -0.438995 0.013518 0.008194
v -0.423206 0.036888 0.008385
v -0.438949 0.044840 0.008140
v -0.400980 0.039105 0.008340
v -0.318275 -0.008678 0.008754
v -0.313101 -0.021568 0.008763
v -0.290096 -0.035411 0.008495
v -0.303380 -0.044396 0.008569
v -0.292511 -0.053066 0.008392
v -0.265351 -0.037870 0.008561
v -0.263014 -0.058490 0.008484
v -0.318497 -0.044873 0.008854
v -0.294409 -0.061612 0.008203
v -0.298162 0.053626 0.008202
v -0.302177 0.064104 0.007909
v -0.297665 -0.123910 0.007933
v -0.315323 -0.113570 0.007955
v -0.327480 -0.128630 0.008008
v -0.343585 -0.135182 0.007989
v -0.320311 -0.086652 0.008039
v -0.321226 -0.066718 0.008363
v -0.306305 -0.084561 0.007960
v -0.254503 -0.243529 0.008278
v -0.225956 -0.252807 0.008167
v -0.252866 -0.271665 0.008142
v -0.226371 -0.275091 0.007993
v -0.234894 -0.284598 0.007826
v -0.261694 -0.285421 0.007836
v -0.209484 -0.284487 0.007928
v -0.209927 -0.275119 0.008095
v -0.205469 -0.246961 0.008269
v -0.183181 -0.288499 0.007330
v -0.151568 -0.281504 0.007108
v -0.142840 -0.288402 0.006770
v -0.205317 -0.108573 0.007611
v -0.105029 -0.111241 0.006609
v -0.080565 -0.109785 0.006300
v -0.083335 -0.141738 0.006631
v -0.108291 -0.159047 0.006934
v -0.117520 -0.177665 0.007197
v -0.092848 -0.190305 0.006964
v -0.083232 -0.178454 0.006830
v -0.077969 -0.189595 0.006656
v -0.109073 -0.204083 0.007394
v -0.082276 -0.206880 0.006981
v -0.115883 -0.226169 0.007445
v -0.087065 -0.228347 0.006983
v -0.104896 -0.262650 0.007339
v -0.087071 -0.248867 0.007024
v -0.077993 -0.276705 0.006575
v -0.105913 -0.288017 0.006988
v -0.080378 -0.288934 0.006583
v -0.055795 -0.288265 0.006039
v -0.055845 -0.261909 0.005867
v -0.072979 -0.252676 0.006473
v -0.076615 -0.227408 0.006639
v -0.061194 -0.240966 0.005873
v -0.056538 -0.205422 0.005722
v -0.058907 -0.189459 0.005669
v -0.070957 -0.168709 0.006354
v -0.061590 -0.173551 0.005783
v -0.065647 -0.156492 0.005894
v -0.070095 -0.111936 0.005825
v -0.056524 -0.116397 0.004920
v -0.066563 -0.080675 0.005579
v -0.055412 -0.096835 0.004840
v -0.046642 -0.124012 0.004356
v -0.055414 -0.148520 0.005068
v -0.043688 -0.176512 0.004670
v -0.042979 -0.098302 0.004173
v -0.054067 -0.076101 0.004521
v -0.040897 -0.071446 0.003925
v -0.041172 -0.290844 0.005852
v -0.044107 -0.260756 0.005659
v -0.047044 -0.239086 0.005508
v -0.043427 -0.202058 0.005337
v -0.119257 -0.248118 0.007402
v -0.129257 -0.267265 0.007256
v -0.113939 -0.282193 0.007119
v -0.195483 -0.027964 0.007486
v -0.210017 -0.016773 0.007678
v -0.242233 0.041349 0.007649
v -0.209789 0.038948 0.007535
v -0.192247 0.047508 0.007187
v -0.217423 0.066048 0.006771
v -0.240653 0.047061 0.007510
v -0.246888 0.068024 0.006680
v -0.262525 0.075845 0.006669
v -0.278823 0.082120 0.006651
v -0.279631 0.116626 0.006624
v -0.274731 0.151339 0.006552
v -0.288634 0.193997 0.006757
v -0.288495 0.157594 0.006710
v -0.206217 0.103902 0.006484
v -0.239844 0.117430 0.006498
v -0.146726 0.114234 0.006475
v -0.147622 0.084742 0.006399
v -0.141981 0.042025 0.006631
v -0.142838 -0.005876 0.006713
v -0.167657 0.009111 0.007142
v -0.124299 0.198847 0.005967
v -0.124625 0.216201 0.005985
v -0.126138 0.230646 0.006207
v -0.105880 0.115509 0.004791
v -0.089555 0.134851 0.004363
v -0.079851 0.136781 0.004116
v -0.081433 0.166847 0.004524
v -0.063870 0.171166 0.003752
v -0.077683 0.189211 0.004368
v -0.095593 0.212229 0.004617
v -0.105684 0.199870 0.005053
v -0.080974 0.209329 0.004241
v -0.079396 0.220690 0.004145
v -0.053860 0.207028 0.002877
v -0.058306 0.222678 0.003058
v -0.058684 0.240419 0.003188
v -0.079859 0.255168 0.004446
v -0.057774 0.257307 0.003427
v -0.080555 0.269101 0.004723
v -0.040203 0.260340 0.002862
v -0.050764 0.279515 0.003385
v -0.039943 0.197976 0.002619
v -0.038200 0.052746 0.003040
v -0.047917 0.047449 0.003267
v -0.033259 0.033378 0.003018
v -0.045625 0.029752 0.003253
v -0.043270 0.013016 0.003345
v -0.024738 0.010528 0.003210
v -0.011022 0.015549 0.002982
v -0.008492 0.002633 0.003044
v -0.029094 -0.016391 0.003262
v -0.005199 -0.026759 0.003166
v -0.038512 -0.043460 0.003444
v 0.011182 -0.043972 0.003151
v 0.027387 -0.021410 0.002991
v 0.042098 -0.048887 0.003115
v 0.018764 -0.059771 0.003369
v -0.005546 -0.056149 0.003507
v -0.005212 -0.072546 0.003978
v -0.012161 -0.083046 0.004149
v -0.035578 -0.098488 0.004070
v 0.000333 -0.113610 0.004051
v 0.009979 -0.092865 0.003975
v 0.019808 -0.078537 0.003828
v 0.016415 -0.108780 0.003977
v 0.057176 -0.082456 0.004029
v 0.046334 -0.105792 0.004124
v 0.040551 -0.119960 0.004274
v 0.007765 -0.126086 0.004218
v 0.013826 -0.143100 0.004715
v 0.000607 -0.137992 0.004380
v -0.011480 -0.151533 0.004304
v 0.023578 -0.161767 0.005146
v -0.003172 -0.168883 0.004768
v -0.023969 -0.165057 0.004372
v -0.026258 -0.176445 0.004690
v -0.037562 -0.174936 0.004495
v -0.034932 -0.194409 0.005194
v 0.036724 -0.150508 0.005120
v 0.062010 -0.108497 0.004473
v 0.089129 -0.092242 0.004845
v 0.048628 -0.125633 0.004644
v 0.046172 -0.160943 0.005637
v 0.020104 -0.175657 0.005529
v 0.041083 -0.184500 0.006121
v 0.022846 -0.190360 0.006052
v 0.002614 -0.198051 0.006136
v -0.015632 -0.189844 0.005560
v -0.010785 -0.206102 0.006160
v -0.034859 -0.208189 0.005454
v -0.026303 -0.231872 0.005837
v -0.032128 -0.251698 0.005723
v -0.015782 -0.224276 0.006179
v -0.002200 -0.214079 0.006423
v 0.045209 -0.211485 0.006504
v 0.063617 -0.203161 0.006609
v 0.085340 -0.211093 0.006951
v 0.052400 -0.261026 0.006832
v 0.041691 -0.233312 0.006582
v 0.007583 -0.264405 0.006483
v 0.044591 -0.284191 0.007147
v 0.025288 -0.285576 0.006938
v -0.000014 -0.290260 0.006582
v 0.008882 -0.295003 0.006804
v 0.044457 -0.295152 0.007564
v -0.006997 -0.267351 0.006266
v -0.028680 -0.267752 0.005760
v -0.033745 -0.291075 0.005904
v 0.022906 -0.231406 0.006473
v 0.084793 -0.238113 0.007176
v 0.103785 -0.212637 0.007061
v 0.108594 -0.230528 0.007349
v 0.118607 -0.255606 0.007898
v 0.101692 -0.261056 0.007755
v 0.079172 -0.257379 0.007365
v 0.120510 -0.204359 0.007160
v 0.113829 -0.186144 0.006738
v 0.098532 -0.187154 0.006722
v 0.112463 -0.153442 0.006513
v 0.087836 -0.168024 0.006476
v 0.081860 -0.194447 0.006721
v 0.069527 -0.146994 0.006086
v 0.059967 -0.171658 0.006202
v 0.082728 -0.147346 0.006361
v 0.126212 -0.132324 0.006409
v 0.085474 -0.129785 0.006152
v 0.101792 -0.115952 0.005945
v 0.134702 -0.115827 0.006182
v 0.143701 -0.099953 0.005751
v 0.126051 -0.096529 0.005509
v 0.115291 -0.076964 0.004661
v 0.089286 -0.076041 0.004372
v 0.062934 -0.073644 0.003869
v 0.135440 -0.078026 0.005182
v 0.160267 -0.079987 0.005628
v 0.160779 -0.112485 0.006205
v 0.173969 -0.105428 0.006248
v 0.156767 -0.135120 0.006490
v 0.180999 -0.148765 0.006607
v 0.150020 -0.149292 0.006611
v 0.160408 -0.168776 0.006750
v 0.136017 -0.187347 0.006920
v 0.160708 -0.197530 0.007093
v 0.155580 -0.214923 0.007517
v 0.176857 -0.215455 0.007634
v 0.160969 -0.239578 0.008374
v 0.189380 -0.237049 0.008589
v 0.177517 -0.256128 0.009393
v 0.207019 -0.257780 0.009726
v 0.212766 -0.222230 0.008243
v 0.190337 -0.217992 0.007884
v 0.197496 -0.203879 0.007527
v 0.230278 -0.199170 0.007743
v 0.235526 -0.224251 0.008536
v 0.231535 -0.253225 0.009743
v 0.257184 -0.235562 0.009420
v 0.255104 -0.207846 0.008456
v 0.267910 -0.223065 0.009236
v 0.205055 -0.184613 0.007116
v 0.191079 -0.179422 0.006965
v 0.187070 -0.166959 0.006776
v 0.223477 -0.168443 0.006802
v 0.195647 -0.126565 0.006486
v 0.216283 -0.138829 0.006640
v 0.208733 -0.108031 0.006508
v 0.202925 -0.082900 0.006392
v 0.185028 -0.083256 0.006171
v 0.231967 -0.122635 0.006699
v 0.236349 -0.076466 0.006426
v 0.226747 -0.061529 0.006094
v 0.200315 -0.063061 0.005826
v 0.184252 -0.067246 0.005619
v 0.158959 -0.072332 0.005267
v 0.133587 -0.058992 0.004070
v 0.115227 -0.059720 0.003704
v 0.071469 -0.056120 0.003080
v 0.158757 -0.056622 0.004364
v 0.201686 -0.040793 0.004948
v 0.182204 -0.041655 0.004392
v 0.222591 -0.044535 0.005482
v 0.220750 -0.028342 0.004879
v 0.209425 -0.008266 0.004204
v 0.185279 -0.019191 0.004018
v 0.239944 -0.010472 0.004409
v 0.223064 0.016757 0.003731
v 0.191894 0.020625 0.003700
v 0.199356 0.028281 0.003670
v 0.172248 0.040739 0.003716
v 0.164340 0.015122 0.003627
v 0.172880 -0.003361 0.003752
v 0.136666 0.001331 0.003309
v 0.139845 -0.017695 0.003395
v 0.163574 -0.025992 0.003832
v 0.134854 -0.043073 0.003525
v 0.119865 -0.043194 0.003273
v 0.153673 -0.043151 0.003826
v 0.107941 -0.024244 0.002992
v 0.084837 -0.037528 0.002804
v 0.104345 0.001514 0.002890
v 0.072100 -0.011000 0.002636
v 0.065423 -0.042491 0.002840
v 0.024415 -0.002983 0.002935
v 0.046359 0.007689 0.002796
v 0.021812 0.013999 0.002983
v 0.012390 0.023299 0.002875
v 0.035066 0.049452 0.002715
v 0.050832 0.032761 0.002715
v 0.064040 0.012420 0.002657
v 0.070328 0.040988 0.002663
v 0.054424 0.060611 0.002676
v 0.082126 0.061149 0.002613
v 0.069098 0.089465 0.002448
v 0.055425 0.106393 0.002516
v 0.048394 0.072712 0.002629
v 0.017769 0.074285 0.002635
v 0.013914 0.054007 0.002895
v -0.017130 0.033698 0.002812
v 0.000559 0.082139 0.002716
v 0.038289 0.097595 0.002607
v 0.029973 0.121839 0.002606
v 0.033578 0.147135 0.002504
v 0.027035 0.167903 0.002481
v 0.029832 0.189267 0.002371
v 0.049377 0.206301 0.002244
v 0.020699 0.221187 0.002301
v 0.005572 0.224075 0.002370
v 0.032089 0.246143 0.002282
v 0.005635 0.273216 0.002352
v -0.012099 0.264122 0.002530
v -0.022269 0.284622 0.002812
v -0.005568 0.291248 0.002622
v 0.023542 0.285236 0.002395
v 0.011079 0.299877 0.002543
v 0.053639 0.299541 0.002330
v 0.065106 0.295441 0.002215
v 0.037511 0.270016 0.002287
v 0.061933 0.270339 0.002214
v 0.059063 0.240532 0.002187
v 0.085127 0.250985 0.002167
v 0.091649 0.271741 0.002180
v 0.081113 0.283346 0.002208
v 0.115485 0.256868 0.002140
v 0.105624 0.268459 0.002199
v 0.116417 0.217476 0.002184
v 0.083523 0.213214 0.002177
v 0.121892 0.195143 0.002230
v 0.105272 0.165338 0.002293
v 0.077073 0.186917 0.002228
v 0.086358 0.127330 0.002353
v 0.125343 0.139682 0.002438
v 0.133510 0.175654 0.002349
v 0.145875 0.155191 0.002374
v 0.159241 0.168805 0.002334
v 0.179167 0.156551 0.002384
v 0.175191 0.128974 0.002477
v 0.147465 0.129462 0.002471
v 0.158958 0.106449 0.002518
v 0.121289 0.103304 0.002532
v 0.139556 0.091155 0.002606
v 0.155514 0.082880 0.002697
v 0.125684 0.069306 0.002768
v 0.167298 0.074524 0.002865
v 0.148511 0.056389 0.003253
v 0.107454 0.054911 0.002787
v 0.126469 0.034717 0.003142
v 0.085050 0.011677 0.002749
v 0.080617 0.032580 0.002691
v 0.091613 0.072778 0.002526
v 0.124541 0.011260 0.003151
v 0.149466 0.040333 0.003489
v 0.174198 0.053153 0.003612
v 0.204634 0.044922 0.003673
v 0.222152 0.057475 0.003378
v 0.244433 0.038240 0.003518
v 0.240189 0.061184 0.003127
v 0.236788 0.078844 0.002712
v 0.197644 0.078422 0.002771
v 0.194253 0.068297 0.003053
v 0.257674 0.073044 0.002694
v 0.261164 0.054672 0.003166
v 0.279328 0.073545 0.002737
v 0.293452 0.057905 0.003211
v 0.296096 0.042023 0.003540
v 0.290580 0.030033 0.003674
v 0.265506 0.033308 0.003433
v 0.265010 0.017268 0.003757
v 0.294672 0.018254 0.003952
v 0.260200 0.002013 0.004175
v 0.244277 0.019046 0.003803
v 0.249628 -0.003895 0.004359
v 0.287164 0.004965 0.004370
v 0.287856 -0.010709 0.005104
v 0.255255 -0.024902 0.005354
v 0.292130 -0.029533 0.005822
v 0.249287 -0.038611 0.005739
v 0.251977 -0.053753 0.006155
v 0.294534 -0.048474 0.006111
v 0.274221 -0.069244 0.006413
v 0.275093 -0.083340 0.006723
v 0.294336 -0.083508 0.006677
v 0.296201 -0.020306 0.005496
v 0.300491 0.006305 0.004263
v 0.304106 0.034306 0.003487
v 0.306107 0.066626 0.002922
v 0.329751 0.054633 0.002943
v 0.302065 0.078276 0.002699
v 0.325472 0.074305 0.002644
v 0.298020 0.108136 0.002615
v 0.260934 0.092939 0.002608
v 0.214054 0.096545 0.002635
v 0.190821 0.098565 0.002627
v 0.194756 0.115021 0.002535
v 0.257506 0.117505 0.002537
v 0.242794 0.132903 0.002511
v 0.213995 0.150745 0.002484
v 0.197050 0.138660 0.002527
v 0.208353 0.176761 0.002408
v 0.243994 0.165552 0.002487
v 0.238511 0.190005 0.002445
v 0.224007 0.210079 0.002379
v 0.192784 0.190260 0.002378
v 0.164201 0.190424 0.002408
v 0.188270 0.202731 0.002418
v 0.197098 0.220098 0.002383
v 0.171536 0.226907 0.002242
v 0.141105 0.221155 0.002150
v 0.155876 0.239500 0.002087
v 0.136191 0.250908 0.002202
v 0.179226 0.252882 0.002041
v 0.196761 0.254616 0.002209
v 0.194218 0.267108 0.001944
v 0.206982 0.270332 0.002095
v 0.202998 0.242789 0.002293
v 0.238132 0.267771 0.002234
v 0.225897 0.241082 0.002325
v 0.254678 0.231768 0.002315
v 0.254474 0.210605 0.002355
v 0.272250 0.195746 0.002371
v 0.287655 0.225111 0.002257
v 0.308555 0.202418 0.002311
v 0.308176 0.183196 0.002400
v 0.289501 0.170855 0.002488
v 0.315773 0.153667 0.002507
v 0.296576 0.143348 0.002598
v 0.325147 0.118681 0.002544
v 0.274295 0.139731 0.002546
v 0.277202 0.103287 0.002577
v 0.267607 0.169490 0.002483
v 0.328903 0.098597 0.002569
v 0.356235 0.126098 0.002579
v 0.366958 0.077915 0.002549
v 0.369222 0.069913 0.002611
v 0.357808 0.057691 0.002818
v 0.373081 0.041364 0.003282
v 0.352326 0.043766 0.002980
v 0.370025 0.010556 0.003684
v 0.353198 0.011219 0.003430
v 0.339507 0.129188 0.002556
v 0.337453 0.151047 0.002469
v 0.360429 0.171508 0.002455
v 0.338579 0.188372 0.002335
v 0.349965 0.210337 0.002287
v 0.344175 0.243540 0.002225
v 0.316968 0.223752 0.002239
v 0.323027 0.251839 0.002212
v 0.285360 0.253927 0.002194
v 0.268083 0.238880 0.002249
v 0.266641 0.268274 0.002211
v 0.308851 0.267509 0.002127
v 0.294637 0.278049 0.002055
v 0.257372 0.277550 0.001976
v 0.227672 0.275442 0.001949
v 0.327703 0.264278 0.002040
v 0.337621 0.251018 0.002182
v 0.339239 0.258766 0.002115
v 0.329007 0.268265 0.002032
v 0.357437 0.230036 0.002128
v 0.325621 0.038714 0.003062
v 0.333382 -0.005580 0.003667
v 0.314723 0.016371 0.003564
v 0.101520 0.102563 0.002442
v 0.084706 0.091436 0.002407
v 0.070147 0.125504 0.002402
v 0.065582 0.161617 0.002333
v 0.052106 -0.059530 0.003283
v 0.253967 -0.105737 0.006766
v 0.250872 -0.149786 0.006981
v 0.238650 -0.181225 0.007169
v 0.271774 -0.160555 0.007169
v 0.303200 -0.131295 0.006770
v 0.300526 -0.121861 0.006713
v 0.284288 -0.111094 0.006813
v 0.273895 -0.105786 0.006834
v 0.313940 -0.084598 0.006428
v 0.320778 -0.126989 0.006559
v 0.337475 -0.127575 0.006371
v 0.335640 -0.081387 0.006274
v 0.349625 -0.101761 0.006286
v 0.350003 -0.074778 0.006119
v 0.377531 -0.101118 0.006246
v 0.361068 -0.130163 0.006258
v 0.350244 -0.132444 0.006383
v 0.363868 -0.167716 0.006720
v 0.376340 -0.162219 0.006564
v 0.380733 -0.185473 0.007050
v 0.368299 -0.185769 0.007002
v 0.369524 -0.205880 0.007579
v 0.355468 -0.196465 0.007322
v 0.360461 -0.213246 0.007661
v 0.346908 -0.210155 0.007478
v 0.330456 -0.194605 0.007211
v 0.340110 -0.214309 0.007604
v 0.324478 -0.215387 0.007502
v 0.376099 -0.215322 0.007809
v 0.383725 -0.198192 0.007518
v 0.401876 -0.213668 0.007961
v 0.351925 -0.178810 0.006801
v 0.332589 -0.178805 0.006901
v 0.319027 -0.182496 0.007022
v 0.319455 -0.206913 0.007513
v 0.334218 -0.152118 0.006669
v 0.300922 -0.151771 0.007025
v 0.291501 -0.182338 0.007459
v 0.292241 -0.164713 0.007311
v 0.278196 -0.181786 0.007576
v 0.401305 -0.167375 0.006661
v 0.390383 -0.153014 0.006516
v 0.402340 -0.126327 0.006298
v 0.375457 -0.125738 0.006297
v 0.413986 -0.106065 0.006249
v 0.398177 -0.085755 0.006188
v 0.423405 -0.087220 0.006206
v 0.395255 -0.067437 0.006034
v 0.418675 -0.058132 0.005979
v 0.396061 -0.047934 0.005806
v 0.377876 -0.049575 0.005659
v 0.355264 -0.066956 0.005916
v 0.334635 -0.064277 0.005727
v 0.350182 -0.054991 0.005431
v 0.391354 -0.025387 0.005402
v 0.361036 -0.043510 0.005244
v 0.335411 -0.043198 0.004593
v 0.337986 -0.023046 0.004134
v 0.361634 -0.029843 0.004949
v 0.360213 -0.006413 0.004071
v 0.390291 -0.009304 0.004950
v 0.382215 0.016980 0.003916
v 0.405341 0.010376 0.005005
v 0.402175 0.028064 0.004557
v 0.394810 0.043980 0.003908
v 0.385361 0.044245 0.003520
v 0.417786 0.019532 0.005256
v 0.425301 0.004736 0.005653
v 0.408757 -0.004996 0.005473
v 0.402408 -0.027293 0.005683
v 0.431093 -0.016050 0.005772
v 0.438615 -0.046871 0.005927
v 0.435677 -0.065344 0.006130
v 0.436590 -0.080875 0.006285
v 0.447891 -0.072761 0.006196
v 0.447912 -0.024604 0.005798
v 0.436841 -0.106646 0.006371
v 0.424942 -0.133145 0.006371
v 0.439123 -0.157418 0.006547
v 0.422476 -0.177184 0.006675
v 0.437846 -0.183516 0.006781
v 0.471348 -0.168396 0.006702
v 0.457408 -0.155547 0.006570
v 0.450527 -0.140754 0.006651
v 0.467770 -0.155151 0.006646
v 0.469735 -0.125629 0.006669
v 0.451353 -0.117374 0.006563
v 0.468685 -0.106012 0.006574
v 0.476413 -0.158367 0.006812
v 0.478276 -0.132948 0.006868
v 0.478116 -0.116827 0.006796
v 0.471927 -0.176244 0.006848
v 0.462784 -0.208086 0.007655
v 0.444346 -0.205977 0.007481
v 0.456433 -0.101352 0.006791
v 0.451715 -0.090691 0.006805
v 0.403585 -0.185972 0.006995
v 0.423007 -0.205414 0.007652
v 0.411377 -0.209626 0.007904
v 0.394244 -0.192894 0.007200
v 0.267442 -0.191654 0.007828
v 0.271224 -0.201153 0.008246
v 0.135506 -0.219759 0.007488
v 0.120412 -0.241091 0.007575
v 0.147572 -0.238352 0.007994
v 0.128662 -0.260090 0.008268
v 0.104951 -0.268896 0.008177
v 0.082349 -0.267395 0.007789
v 0.138090 -0.272045 0.009097
v 0.149354 -0.280468 0.009669
v 0.176528 -0.267406 0.009727
v 0.196486 -0.275880 0.010100
v 0.175179 -0.287111 0.010249
v 0.185666 -0.292110 0.010518
v 0.198440 -0.288811 0.010489
v 0.225484 -0.281393 0.010234
v 0.251010 -0.273019 0.010225
v 0.244383 -0.253400 0.009859
v 0.264212 -0.260643 0.009974
v 0.282446 -0.258176 0.009897
v 0.280150 -0.232992 0.009381
v 0.291714 -0.244808 0.009598
v 0.299098 -0.252632 0.009821
v 0.209703 -0.287838 0.010452
v 0.236452 -0.284827 0.010436
v 0.129249 -0.162441 0.006662
v 0.058299 -0.273849 0.007281
v 0.060791 -0.137014 0.005565
v 0.077549 -0.121406 0.005717
v -0.041479 -0.056483 0.003649
v 0.037685 -0.073949 0.003742
v -0.046742 -0.018561 0.003450
v -0.061531 0.045323 0.003839
v -0.075731 0.015857 0.004969
v -0.056370 0.015040 0.003871
v -0.060560 -0.017566 0.003988
v -0.067458 -0.054909 0.004887
v -0.054977 -0.044501 0.003943
v -0.055629 -0.060890 0.004242
v 0.086055 -0.104706 0.005138
v -0.441649 -0.179923 0.007389
v -0.036938 0.276369 0.003048
v -0.045440 0.282782 0.003247
v 0.395856 0.064390 0.003264
v 0.392932 0.074735 0.002986
v 0.073138 -0.270559 0.007649
v 0.320720 -0.068241 0.005974
v 0.311232 -0.064190 0.005972
v 0.326548 -0.043898 0.004698
v 0.318528 -0.042874 0.004922
v 0.286730 -0.209058 0.008400
v 0.301122 -0.208314 0.007941
v 0.307180 -0.224319 0.008197
v 0.305512 -0.238611 0.008797
v 0.306692 -0.250814 0.009539
v 0.323523 -0.002447 0.003839
v 0.307242 -0.006642 0.004558
v 0.304386 -0.026295 0.005385
v 0.319910 -0.026488 0.004523
v 0.368599 0.146287 0.002703
v 0.371823 0.177841 0.002617
v 0.366087 0.203539 0.002594
v 0.363370 0.220290 0.002379
v 0.391050 0.088152 0.002977
v 0.376446 0.103935 0.002777
v -0.133553 0.250493 0.006238
v -0.120751 0.246188 0.006063
v -0.109226 0.233008 0.005599
v -0.088718 0.246912 0.004695
v -0.100021 0.238267 0.005122
v -0.142071 0.261181 0.006177
v 0.457989 -0.097386 0.006738
v -0.483389 -0.254656 0.009075
v -0.486026 -0.279661 0.009264
v -0.393530 0.047850 0.008176
v -0.380028 0.048217 0.008095
v -0.362696 0.047527 0.008233
v -0.343063 0.044865 0.008370
v -0.418948 0.046813 0.008186
v -0.273741 0.061924 0.007147
v -0.287089 0.074696 0.006961
v -0.288494 0.051034 0.007924
v -0.039026 -0.131244 0.004103
v -0.492108 -0.263790 0.009194
v -0.490397 -0.239867 0.009114
v -0.492403 -0.223375 0.009191
v -0.492021 -0.205398 0.008984
v 0.276528 -0.281089 0.010004
v 0.257367 -0.281106 0.010148
v -0.438616 -0.130092 0.007198
v 0.093825 0.285313 0.001946
v -0.007413 0.296280 0.002535
v -0.012897 0.291323 0.002603
v -0.024433 0.289264 0.002627
v -0.438590 -0.045429 0.007703
v -0.438690 -0.016631 0.007845
v -0.137314 0.261009 0.006216
v 0.435795 0.008207 0.005457
v 0.441934 0.001314 0.005342
v -0.288694 0.144323 0.006873
v -0.288315 0.111073 0.006809
v 0.450352 -0.016112 0.005699
v 0.453957 -0.047822 0.005707
v 0.454615 -0.027487 0.005674
v 0.450486 -0.060351 0.005816
v 0.482782 -0.138538 0.006796
v 0.485477 -0.114626 0.006657
v 0.156755 0.247514 0.001928
v 0.303320 0.279103 0.001922
v 0.310243 0.276420 0.001856
v 0.323717 0.273573 0.001862
v 0.311978 0.282040 0.001783
v 0.317222 0.278482 0.001876
v 0.349585 -0.227110 0.007506
v 0.116595 0.269858 0.001986
v 0.128944 0.260846 0.001952
v 0.431804 0.017434 0.005247
v 0.427721 0.029214 0.005033
v 0.422983 0.043584 0.004966
v 0.414166 0.044812 0.005082
v 0.418926 0.054771 0.004780
v 0.410506 0.050860 0.004761
v 0.404324 0.068541 0.003642
v 0.414882 0.064344 0.004236
v 0.404284 0.075609 0.003483
v -0.456539 -0.276460 0.009109
v -0.452308 -0.284815 0.009112
v -0.472811 -0.276015 0.008880
v -0.466123 -0.288592 0.008912
v -0.475526 -0.288793 0.008970
v -0.125838 0.252675 0.006030
v -0.244386 0.283002 0.006104
v -0.287798 0.284673 0.006171
v -0.094458 0.259309 0.004812
v -0.106987 0.256700 0.005110
v -0.120205 0.255832 0.005730
v 0.370462 -0.245298 0.007684
v 0.379984 -0.238243 0.007903
v 0.354786 -0.247759 0.007402
v 0.368366 -0.264652 0.007731
v 0.354642 -0.268749 0.007335
v 0.406509 -0.231992 0.008054
v 0.393559 -0.241931 0.008009
v 0.391176 -0.249013 0.008096
v 0.430367 -0.226567 0.007738
v 0.474343 -0.225121 0.008060
v 0.473178 -0.205544 0.007820
v 0.457113 -0.226333 0.007727
v 0.474396 -0.236244 0.008280
v 0.440497 -0.237859 0.007974
v 0.421755 -0.242186 0.008036
v 0.433973 -0.245237 0.008159
v 0.404473 -0.251312 0.008448
v 0.420182 -0.253293 0.008215
v 0.430964 -0.249992 0.008133
v 0.343116 -0.230407 0.007501
v 0.347992 -0.254002 0.007075
v 0.337732 -0.242460 0.007418
v -0.491940 -0.284096 0.009496
v 0.001453 0.300795 0.002445
v -0.440102 -0.149721 0.006992
v -0.439553 -0.171468 0.006701
v -0.007690 -0.298445 0.006374
v 0.449210 -0.080804 0.006574
v -0.491002 -0.288368 0.009178
v 0.408145 -0.259305 0.008617
v 0.421889 -0.272340 0.008799
v -0.292402 -0.278870 0.008058
v 0.329298 -0.236769 0.007190
v 0.362123 0.232872 0.001953
v 0.355119 0.237928 0.002061
v 0.389761 -0.252859 0.008042
v 0.377251 -0.252354 0.008023
v 0.377360 -0.262841 0.008229
v 0.386088 -0.269740 0.008307
v 0.377802 -0.273416 0.008160
v -0.496052 -0.225571 0.009098
v -0.496026 -0.244242 0.008949
v -0.091714 0.265248 0.004605
v -0.102268 0.263618 0.004613
v 0.289961 -0.271079 0.010236
v 0.296358 -0.264524 0.010349
v 0.285809 -0.281032 0.010158
v 0.423720 -0.264119 0.008724
v 0.432111 -0.273033 0.008961
v 0.069633 0.301187 0.001914
v 0.057757 0.302870 0.002081
v 0.079592 0.296162 0.001713
v 0.076070 0.293022 0.001953
v 0.017997 0.304076 0.002201
v 0.465649 -0.237419 0.008229
v 0.455152 -0.235731 0.008120
v 0.473753 -0.247387 0.008706
v 0.478016 -0.252815 0.008926
v 0.301692 0.286138 0.001622
v -0.368416 -0.283165 0.008242
v -0.378535 -0.282533 0.008196
v -0.401753 -0.288480 0.008056
v -0.426152 -0.281818 0.008295
v -0.311086 -0.284206 0.007972
v -0.323466 -0.283359 0.008103
v 0.168852 -0.282911 0.009922
v 0.169323 -0.296336 0.010237
v 0.151460 -0.296787 0.010151
v 0.077334 -0.298361 0.009675
v 0.101206 -0.287191 0.009453
v 0.083203 -0.287957 0.009346
v 0.104326 -0.297686 0.009772
v 0.124144 -0.288252 0.009773
v 0.128620 -0.296645 0.010095
v 0.310243 -0.254626 0.009800
v -0.028198 -0.298336 0.005796
v -0.050791 -0.297944 0.005492
v -0.027034 -0.299780 0.005851
v -0.187411 0.282380 0.005726
v -0.210287 0.283220 0.005886
v -0.152702 0.282052 0.005765
v 0.478851 -0.177027 0.007120
v 0.479451 -0.206185 0.008153
v 0.487772 -0.190667 0.007931
v 0.489705 -0.206716 0.008477
v 0.485089 -0.171526 0.007021
v 0.489954 -0.225722 0.008654
v 0.495635 -0.236210 0.009016
v 0.495830 -0.250297 0.009199
v 0.486973 -0.259904 0.009266
v 0.499940 -0.231038 0.008838
v 0.488223 -0.162470 0.006622
v 0.491759 -0.171772 0.007185
v 0.322197 -0.230184 0.007480
v 0.325145 -0.256152 0.007101
v -0.399366 0.070272 0.007174
v -0.370332 0.067257 0.007144
v -0.349745 0.062116 0.007357
v -0.434596 0.062225 0.007378
v 0.104761 0.280052 0.001710
v -0.293649 0.062021 0.007965
v -0.297599 0.076338 0.007994
v -0.294598 0.102576 0.007583
v -0.297531 0.105135 0.007663
v -0.291035 0.076158 0.007258
v -0.291642 0.105453 0.007095
v -0.297242 0.142259 0.007982
v -0.294375 0.137127 0.007908
v -0.496001 -0.273572 0.009115
v 0.496068 -0.209045 0.008916
v 0.499939 -0.204555 0.008764
v 0.496750 -0.184974 0.008061
v 0.499808 -0.186631 0.008076
v 0.385210 0.117397 0.003084
v 0.392038 0.102026 0.003217
v 0.397194 0.173950 0.003319
v 0.387123 0.177488 0.003044
v 0.411303 0.166429 0.003828
v 0.424695 0.180181 0.004019
v 0.406401 0.158201 0.003851
v 0.390206 0.149113 0.003381
v 0.389083 0.132417 0.003257
v 0.401715 0.202659 0.003928
v 0.384815 0.205204 0.003430
v 0.417436 0.190864 0.003895
v 0.414757 0.208185 0.004067
v 0.433727 0.194692 0.003887
v 0.436593 0.178726 0.004041
v 0.444442 0.204735 0.003672
v 0.410942 0.239233 0.003638
v 0.439365 0.230591 0.003282
v 0.425236 0.241527 0.003412
v 0.433731 0.254540 0.003218
v 0.459137 0.227262 0.002803
v 0.455906 0.210726 0.003175
v 0.413862 0.254498 0.003229
v 0.397528 0.222206 0.003729
v 0.393098 0.246845 0.003230
v 0.369082 0.221768 0.002742
v 0.388820 0.254491 0.003114
v 0.474716 0.214985 0.003156
v 0.467705 0.198037 0.003704
v 0.467965 0.190090 0.003749
v 0.430896 0.164346 0.004463
v 0.376453 0.247183 0.002905
v 0.368282 0.236010 0.002558
v 0.377515 0.252778 0.002850
v 0.364498 0.241106 0.002551
v 0.478928 0.198860 0.004007
v 0.426914 0.157654 0.004785
v 0.397317 0.265112 0.002705
v 0.414778 0.265633 0.002717
v 0.433785 0.264529 0.002742
v 0.425643 0.268654 0.002551
v 0.386898 0.260546 0.002729
v 0.361171 -0.276783 0.007321
v 0.355689 -0.276061 0.007333
v 0.357871 -0.280272 0.007399
v 0.362206 -0.284641 0.007341
v 0.369711 -0.282508 0.007317
v -0.038503 0.285107 0.002988
v 0.437633 -0.255986 0.008528
v 0.441950 -0.270177 0.009190
v 0.341529 -0.255012 0.006919
v 0.341646 -0.269876 0.006661
v 0.336533 -0.257082 0.007078
v 0.331007 -0.253648 0.006843
v 0.497990 -0.262456 0.009678
v 0.494498 -0.268500 0.009669
v 0.153642 0.248742 0.001878
v 0.489222 -0.120502 0.006862
v 0.488911 -0.143076 0.006731
v 0.446108 0.253388 0.002738
v 0.458644 0.234290 0.002625
v 0.469860 0.232478 0.002067
v 0.454393 0.249095 0.002382
v 0.414210 -0.271893 0.008992
v 0.413346 -0.278315 0.009072
v 0.404490 -0.277141 0.009220
v 0.405886 -0.268247 0.009180
v 0.403549 -0.262308 0.009149
v 0.397999 -0.256235 0.008693
v 0.406652 -0.283593 0.009099
v 0.471520 0.223700 0.002777
v 0.482542 0.219527 0.002740
v 0.487388 0.205466 0.003782
v 0.386887 -0.283383 0.007855
v 0.395106 -0.278307 0.008617
v 0.349721 -0.270277 0.006948
v 0.438173 -0.282480 0.008742
v 0.056422 -0.285710 0.007625
v 0.047521 -0.298541 0.007860
v 0.007960 -0.298735 0.006959
v -0.325155 0.078077 0.006919
v -0.311339 0.086696 0.007039
v -0.324714 0.087087 0.006781
v -0.320441 0.119132 0.006785
v -0.306581 0.106309 0.007087
v -0.304626 0.121544 0.007256
v -0.313909 0.153464 0.006772
v -0.304586 0.147052 0.007174
v -0.299478 0.158326 0.007037
v -0.294219 0.166566 0.006921
v -0.293414 0.159577 0.007019
v -0.356640 0.083479 0.006708
v -0.348258 0.073105 0.006916
v -0.384571 0.084383 0.006717
v -0.331195 0.068977 0.007281
v -0.340934 0.100048 0.006703
v -0.338714 0.130411 0.006678
v -0.351176 0.114809 0.006700
v -0.366113 0.130440 0.006672
v -0.399005 0.109961 0.006824
v -0.405027 0.086346 0.006849
v -0.362757 0.152406 0.006664
v -0.394122 0.141105 0.006694
v -0.334245 0.147824 0.006654
v -0.325531 0.165508 0.006763
v -0.314389 0.185081 0.006880
v -0.355159 0.166923 0.006767
v -0.358910 0.186900 0.006835
v -0.383939 0.175821 0.006805
v -0.353588 0.209911 0.006711
v -0.340067 0.217270 0.006797
v -0.376341 0.225076 0.006762
v -0.308723 0.191661 0.006938
v -0.321727 0.200449 0.006899
v -0.308993 0.207293 0.007141
v -0.358443 0.250713 0.006704
v -0.400312 0.191488 0.006917
v -0.394189 0.208566 0.006843
v -0.410213 0.220487 0.006764
v -0.386676 0.243190 0.006753
v -0.429077 0.239775 0.006814
v -0.407040 0.159027 0.006776
v -0.417470 0.102112 0.006860
v -0.435265 0.076158 0.006934
v -0.439119 0.082444 0.006854
v -0.440341 0.116537 0.006959
v -0.412430 0.130369 0.006799
v -0.438915 0.149921 0.006788
v -0.431057 0.149076 0.006829
v -0.437518 0.165721 0.006992
v -0.433093 0.179180 0.007093
v -0.443911 0.181158 0.007339
v -0.454154 0.178235 0.007367
v -0.449893 0.167483 0.007135
v -0.441284 0.161241 0.006884
v -0.458213 0.182979 0.007456
v -0.426107 0.209308 0.006960
v -0.448497 0.211819 0.007368
v -0.460868 0.209786 0.007597
v -0.454504 0.220219 0.007495
v -0.459259 0.229205 0.007481
v -0.441913 0.229080 0.007045
v -0.450384 0.245449 0.007138
v -0.467045 0.245253 0.007399
v -0.446899 0.263605 0.007103
v -0.461819 0.260466 0.007428
v -0.452922 0.276389 0.007125
v -0.421546 0.282095 0.006787
v -0.386090 0.257475 0.006813
v -0.409718 0.263983 0.006839
v -0.371257 0.278687 0.006819
v -0.346738 0.268595 0.006745
v -0.352077 0.282383 0.006683
v -0.322000 0.282628 0.006714
v -0.323262 0.243913 0.006821
v -0.324485 0.228423 0.006841
v -0.318939 0.271186 0.006737
v -0.313615 0.228443 0.007115
v -0.309180 0.251114 0.007104
v -0.399861 0.285246 0.006701
v -0.460137 0.193504 0.007394
v -0.465498 0.198511 0.007461
v -0.475378 0.257509 0.007439
v -0.479767 0.279927 0.007062
v -0.471226 0.285375 0.006914
v -0.448948 0.287455 0.006863
v -0.465728 0.210389 0.007500
v -0.468918 0.212682 0.007448
v -0.488625 0.264805 0.007038
v -0.493300 0.270547 0.006931
v -0.495002 0.277564 0.006782
v -0.495683 0.266092 0.006923
v -0.477040 0.234014 0.007177
v -0.472356 0.223405 0.006980
v -0.489727 0.241256 0.006986
v -0.486290 0.237235 0.007051
v -0.313673 0.283229 0.006951
v -0.304755 0.187004 0.007140
v -0.297944 0.182051 0.007176
v -0.292926 0.176959 0.006972
v -0.440275 0.078649 0.006799
v -0.440372 0.044400 0.007917
v -0.482861 0.231373 0.006977
v -0.303091 0.084718 0.007414
v 0.361293 0.252686 0.003017
v 0.483451 -0.106911 0.006169
v -0.479103 0.287305 0.006691
v 0.499930 -0.256141 0.009037
v 0.373205 -0.273968 0.007858
v 0.403951 0.144135 0.004116
v 0.394386 0.120333 0.003546
v 0.397366 0.134016 0.003731
v -0.418021 0.287210 0.006440
v -0.402182 0.287136 0.006534
v 0.317235 -0.234322 0.007817
v 0.313569 -0.245502 0.008471
v 0.425614 -0.279085 0.009464
v 0.344721 0.252213 0.002497
v 0.359896 0.248209 0.002941
v 0.442259 -0.254244 0.008833
v 0.398663 0.091666 0.003475
v 0.405148 0.089030 0.003615
v 0.410895 0.086851 0.003622
v -0.293957 -0.288128 0.007581
v -0.318148 -0.288625 0.007768
v -0.375892 -0.288686 0.007885
v 0.487106 -0.149805 0.006399
v 0.486975 -0.157835 0.006384
v -0.293231 0.186128 0.007381
v -0.499614 0.258240 0.006492
v -0.294505 0.148267 0.007725
v -0.291100 0.137387 0.007235
v 0.440737 0.170389 0.003809
v 0.471969 -0.253242 0.009085
v 0.489302 -0.270854 0.009922
v 0.461546 -0.242304 0.008801
v 0.458480 -0.254233 0.009143
v 0.451845 -0.248892 0.009008
v 0.476239 -0.268500 0.009618
v 0.456780 -0.265434 0.009518
v 0.462825 -0.273810 0.009858
v 0.474290 -0.275192 0.009840
v 0.483466 -0.273866 0.009890
v 0.491245 -0.279166 0.010192
v 0.471578 -0.280860 0.009788
v 0.486913 -0.283120 0.009822
v 0.458052 -0.275267 0.010025
v 0.497933 -0.277082 0.010047
v 0.453268 -0.266140 0.009800
v 0.449603 -0.278620 0.009771
v 0.451227 -0.283097 0.009692
v 0.498411 -0.270816 0.010195
v 0.450209 -0.262491 0.009759
v 0.346755 -0.276872 0.006639
v 0.342691 -0.284781 0.006854
v -0.499373 0.274417 0.006576
v 0.418241 0.149109 0.004949
v 0.425617 0.148847 0.005126
v -0.495914 -0.213490 0.008683
v 0.287924 0.286896 0.001437
v 0.212487 0.287618 0.000688
v 0.202925 0.286355 0.000537
v 0.233224 0.286407 0.001144
v 0.254118 0.287502 0.001211
v 0.192375 0.273991 0.001343
v 0.272069 -0.283534 0.010236
v 0.184255 -0.296812 0.010995
v -0.276671 0.282831 0.005976
v 0.063926 -0.283495 0.007974
v 0.067163 -0.298666 0.009207
v 0.486689 0.195029 0.004520
v 0.480977 0.190538 0.004232
v 0.292164 -0.280553 0.010650
v -0.309263 0.228359 0.007362
v -0.486003 -0.193453 0.008538
v -0.487433 0.283527 0.006569
v 0.446322 -0.265001 0.009283
v 0.411309 0.074848 0.003500
v 0.412589 0.085711 0.003296
v 0.414204 0.095534 0.003989
v 0.165489 0.260125 0.000938
v 0.339411 -0.271414 0.006522
v 0.494825 0.201806 0.004116
v -0.450648 -0.288306 0.008886
v -0.429185 -0.288808 0.008024
v -0.417965 -0.288602 0.007929
v 0.358247 0.242825 0.002628
v 0.354060 0.240813 0.002342
v 0.431012 -0.283388 0.008451
v -0.073131 0.271553 0.004631
v -0.056870 0.268461 0.003576
v -0.055381 0.278395 0.003590
v 0.400789 0.102248 0.003833
v 0.412840 0.097672 0.004533
v 0.400385 0.118661 0.004013
v 0.406037 0.110567 0.004200
v 0.409561 0.117760 0.004193
v 0.353786 0.245741 0.002552
v -0.440270 0.000003 0.007830
v 0.353049 0.239911 0.001948
v 0.347237 0.241118 0.002163
v 0.412356 0.145546 0.004818
v 0.404455 0.136419 0.004364
v 0.404976 0.125647 0.004686
v -0.206810 -0.288068 0.007665
v 0.493320 -0.281584 0.009978
v 0.421160 -0.284793 0.008357
v -0.440645 -0.176131 0.007021
v -0.067655 0.272533 0.004439
v -0.060678 -0.298025 0.005315
v -0.071518 -0.293054 0.006097
v -0.085394 -0.292084 0.006335
v -0.003123 -0.301264 0.006294
v 0.011555 -0.301584 0.006835
v 0.445020 0.266708 0.001953
v 0.178979 0.265692 0.001110
v 0.490376 -0.134377 0.006882
v 0.492509 -0.131325 0.006804
v -0.477507 0.227542 0.006721
v -0.474089 0.219955 0.006892
v 0.378972 0.257496 0.002580
v 0.364443 0.255268 0.002718
v -0.064401 0.274712 0.004160
v 0.134908 0.265199 0.001340
v 0.124633 0.270998 0.001327
v -0.499802 0.268220 0.007305
v 0.489313 0.212367 0.003116
v 0.499661 0.206673 0.003441
v 0.462350 0.239143 0.002057
v 0.456862 0.253529 0.001906
v 0.449320 0.260273 0.002002
v -0.461911 0.190216 0.007222
v -0.246836 -0.288368 0.007521
v -0.309079 0.283751 0.007331
v -0.148061 0.281545 0.005555
v 0.351358 0.244620 0.002802
v -0.447539 -0.179355 0.007376
v -0.457292 -0.180892 0.007735
v 0.499499 -0.180605 0.007571
v 0.492740 -0.169689 0.006944
v 0.409917 0.114709 0.004052
v 0.413249 0.103824 0.004777
v 0.437270 0.269991 0.002115
v 0.285752 -0.284425 0.010477
v -0.016221 0.295883 0.002067
v 0.456967 -0.037812 0.005437
v -0.440309 -0.083720 0.007002
v -0.440147 -0.125767 0.007043
v 0.303967 -0.269074 0.011178
v 0.483991 0.223877 0.002146
v 0.284305 0.295219 0.000550
v 0.269058 0.295650 0.000240
v 0.229848 0.295425 0.000016
v -0.319997 0.284541 0.006517
v -0.356008 0.284685 0.006458
v 0.490438 -0.164322 0.006453
v 0.317590 -0.250443 0.007856
v 0.397206 0.272051 0.001947
v 0.384689 0.264517 0.001977
v -0.309851 0.285224 0.006885
v 0.046287 -0.301412 0.007573
v 0.177796 0.275905 0.000076
v 0.187954 0.278076 0.000665
v 0.193703 0.284566 0.000292
v 0.167307 0.273984 -0.000025
v 0.156002 0.269230 0.000099
v 0.153350 0.259025 0.000732
v 0.153241 0.270706 -0.000105
v 0.177771 0.282223 -0.000312
v 0.187017 0.285403 -0.000046
v 0.165289 0.282125 -0.001105
v 0.153690 0.278387 -0.000941
v 0.156466 0.280609 -0.001047
v 0.144922 0.277130 -0.000699
v 0.196965 -0.295210 0.011141
v 0.186302 -0.298025 0.010882
v 0.177201 -0.298928 0.011242
v 0.165568 -0.299406 0.010907
v 0.030711 0.310483 0.001399
v -0.441903 0.154524 0.006636
v -0.446161 0.162776 0.006511
v -0.439989 0.136956 0.006758
v -0.114650 -0.292231 0.006542
v 0.062688 -0.301353 0.008608
v 0.422743 0.141657 0.005881
v 0.416882 0.138505 0.005859
v 0.475605 -0.103764 0.006087
v 0.469527 -0.100374 0.005944
v -0.297445 0.196352 0.008505
v -0.303505 0.197175 0.007882
v 0.093717 0.287904 0.001593
v 0.473827 -0.283356 0.009523
v 0.321789 -0.258355 0.007515
v -0.440212 -0.050229 0.007468
v 0.168530 0.284049 -0.001000
v 0.175801 0.287441 -0.000878
v 0.182643 0.289834 -0.000995
v 0.219879 0.294278 -0.000108
v 0.305468 -0.259854 0.010235
v 0.310663 -0.262956 0.010982
v 0.312764 -0.257186 0.009710
v -0.491495 -0.198364 0.008391
v 0.418610 0.060530 0.004280
v 0.413987 0.113699 0.004527
v -0.294014 0.204374 0.009301
v 0.205590 -0.291604 0.011150
v 0.286554 -0.286753 0.010254
v 0.221154 -0.288516 0.010759
v 0.330778 -0.262698 0.006101
v 0.334261 -0.263146 0.006357
v 0.430443 0.157816 0.004364
v 0.426962 0.273520 0.001888
v 0.497065 0.216888 0.002033
v 0.352992 0.250462 0.001993
v 0.343735 0.257361 0.001972
v 0.336650 0.267709 0.001242
v 0.349470 0.252436 0.001813
v 0.350284 -0.276336 0.006382
v 0.350775 -0.282996 0.005997
v 0.348499 -0.282734 0.006180
v 0.351499 -0.285698 0.005692
v 0.416254 0.273403 0.001659
v -0.140770 -0.292253 0.006291
v 0.292690 -0.284914 0.011169
v 0.138325 0.268731 0.000655
v 0.129526 -0.299322 0.010485
v 0.106659 -0.299198 0.010003
v 0.078272 -0.299978 0.009879
v -0.463331 0.191303 0.006933
v 0.327719 -0.263636 0.006451
v 0.412095 0.133849 0.005650
v 0.486546 -0.110191 0.006102
v 0.415564 0.070823 0.003482
v 0.413014 0.077817 0.003060
v 0.116338 0.277364 0.001024
v 0.148899 -0.299583 0.010611
v 0.307792 -0.264824 0.011016
v 0.372606 0.261369 0.001699
v 0.417471 0.105332 0.005370
v -0.495852 -0.283671 0.008977
v -0.170020 -0.292830 0.006591
v 0.419938 0.113690 0.005775
v -0.494751 0.247077 0.006606
v -0.499288 0.252987 0.006372
v 0.455372 0.264779 0.000854
v 0.499196 0.202709 0.003480
v 0.425501 -0.278627 0.009554
v 0.353720 0.257289 0.000916
v 0.494786 0.198530 0.003846
v 0.330688 -0.273572 0.005422
v 0.333266 -0.263959 0.005864
v 0.335034 -0.274037 0.005320
v 0.338265 -0.275984 0.005781
v 0.330731 -0.279101 0.005613
v 0.334541 -0.279839 0.005053
v 0.338173 -0.279605 0.005407
v 0.334322 -0.286576 0.005226
v 0.338780 -0.286454 0.005212
v 0.338068 -0.291786 0.005296
v 0.336132 -0.296067 0.005793
v 0.341678 -0.291242 0.005045
v -0.001709 0.301068 0.002179
v -0.295066 0.206782 0.009680
v 0.304073 -0.278401 0.012007
v 0.299592 -0.281028 0.011612
v 0.490920 -0.140809 0.006360
v -0.477604 -0.184969 0.007868
v -0.480116 -0.187927 0.008261
v -0.484963 -0.188953 0.007812
v 0.383247 -0.286480 0.007265
v 0.406290 -0.286437 0.008668
v 0.474547 0.236902 0.000987
v 0.466493 0.242720 0.001187
v 0.462369 0.252809 0.000827
v 0.203037 -0.294016 0.010958
v 0.355376 -0.284490 0.006134
v -0.028495 0.290348 0.002214
v 0.409994 0.126700 0.005560
v 0.418959 0.118538 0.005684
v 0.134810 0.276060 -0.000637
v 0.429350 0.130646 0.007759
v 0.076709 -0.301513 0.009178
v 0.056656 0.306329 0.001501
v 0.042657 0.310584 0.001118
v -0.302567 0.211806 0.008792
v -0.298285 0.218094 0.009510
v -0.302671 0.234209 0.009113
v -0.297909 0.241214 0.009569
v -0.302199 0.252815 0.008907
v -0.297216 0.267856 0.009398
v -0.302632 0.273260 0.008876
v -0.297211 0.275783 0.009286
v -0.294761 0.267609 0.009353
v -0.294705 0.276217 0.009410
v -0.298035 0.284270 0.009358
v -0.301751 0.284281 0.009145
v -0.306262 0.270644 0.008298
v -0.305804 0.283956 0.008536
v 0.344049 -0.289175 0.006295
v -0.196767 -0.291611 0.006873
v -0.205508 0.285093 0.005486
v 0.446288 0.273902 0.000696
v 0.331472 -0.283849 0.005863
v -0.275784 0.284351 0.005662
v 0.347248 -0.287239 0.005418
v 0.424713 0.130725 0.007860
v 0.433033 0.125370 0.007621
v 0.424464 0.127072 0.007695
v 0.417128 0.130369 0.007076
v 0.415533 0.126346 0.006776
v 0.425694 0.119840 0.006743
v 0.429185 0.117281 0.006717
v 0.420762 0.108841 0.006050
v 0.016696 0.309089 0.001238
v -0.471582 0.215957 0.007141
v 0.326670 0.277211 0.000962
v 0.439921 0.007565 0.004920
v 0.438155 0.008747 0.005177
v 0.436042 0.015049 0.004733
v 0.433733 0.017256 0.004986
v 0.430019 0.025305 0.004873
v -0.029336 -0.301080 0.005300
v 0.421501 0.119201 0.006154
v 0.411880 0.276586 0.000939
v 0.476418 0.250122 -0.001210
v 0.476192 0.242683 -0.000302
v 0.482112 0.244741 -0.001315
v 0.486067 0.237944 -0.000414
v 0.436335 0.276793 0.000841
v -0.291201 -0.292013 0.006881
v -0.314461 -0.292085 0.007043
v -0.242995 -0.291716 0.006814
v 0.291806 0.293931 0.000501
v 0.317735 -0.257638 0.008236
v -0.111638 0.259436 0.004728
v -0.104768 0.260930 0.004672
v 0.423839 0.050495 0.004244
v 0.420462 0.058857 0.004069
v 0.426120 0.039927 0.004520
v -0.442576 -0.172505 0.006319
v -0.448737 -0.173985 0.005966
v -0.454504 0.175435 0.006955
v -0.451232 0.168191 0.006965
v 0.341293 -0.289124 0.005806
v -0.227807 0.284918 0.005580
v 0.432963 0.160678 0.003948
v 0.437194 0.166522 0.003660
v 0.184447 0.291669 -0.001365
v 0.192791 0.293115 -0.001654
v -0.290999 0.189760 0.007079
v -0.291635 0.206204 0.007923
v -0.425574 -0.292480 0.007139
v -0.370510 -0.292172 0.007148
v -0.395489 -0.292750 0.007147
v -0.083810 -0.298100 0.004951
v -0.113063 -0.297947 0.005312
v -0.252415 0.285146 0.005583
v 0.490283 0.227134 0.000784
v 0.499780 0.222410 0.000613
v 0.454326 0.276029 -0.000821
v 0.301178 -0.287875 0.012994
v 0.302416 -0.284891 0.013056
v -0.306287 0.250773 0.008057
v -0.306686 0.229015 0.008193
v -0.306514 0.205705 0.007720
v 0.369959 -0.287857 0.006282
v 0.408589 0.274121 0.001454
v 0.488174 0.192810 0.003978
v 0.205769 0.296514 -0.001430
v 0.199383 0.296129 -0.001844
v 0.470941 0.257728 -0.001335
v 0.461125 0.266311 -0.000463
v 0.466476 0.266382 -0.001366
v 0.463455 0.272715 -0.001455
v 0.456768 0.273958 -0.000884
v 0.360743 0.258633 0.001669
v 0.325339 -0.266874 0.007115
v 0.061540 0.306122 0.001021
v -0.297716 0.285860 0.009027
v 0.407444 -0.288959 0.007934
v 0.386097 -0.288709 0.006733
v 0.497598 0.199814 0.003374
v 0.447181 -0.006597 0.005224
v 0.452119 -0.015114 0.005249
v 0.455223 -0.023094 0.005131
v 0.493657 0.232581 -0.000667
v 0.488673 0.236600 -0.000460
v 0.499785 0.212477 0.002400
v -0.295336 0.248595 0.010057
v -0.295886 0.217386 0.010077
v -0.294846 0.223331 0.010073
v -0.292760 0.286454 0.005998
v 0.328091 -0.271137 0.006102
v -0.179297 0.285207 0.004857
v 0.427958 0.038184 0.004159
v -0.466905 0.199149 0.007176
v 0.496832 0.229873 -0.000933
v 0.308479 -0.273024 0.012658
v 0.316183 -0.263188 0.009381
v -0.088501 0.267659 0.004332
v 0.360536 0.256098 0.002144
v 0.361692 0.261208 0.001096
v -0.457389 -0.176325 0.005878
v -0.463721 -0.181061 0.007571
v 0.432027 0.023490 0.004632
v 0.307270 -0.278131 0.013012
v 0.313725 -0.263776 0.010404
v 0.002257 -0.302882 0.006125
v -0.459885 0.184026 0.007152
v -0.495603 -0.288396 0.008262
v 0.499560 -0.261191 0.009233
v 0.500187 -0.266105 0.009231
v 0.357973 -0.288601 0.005134
v -0.441958 -0.170516 0.006035
v -0.291516 0.266285 0.007629
v -0.291052 0.283893 0.007412
v -0.440625 -0.166864 0.006474
v 0.194551 0.295677 -0.002385
v 0.420572 0.107595 0.005728
v -0.492286 0.242839 0.006591
v 0.499163 0.216750 0.001471
v -0.151890 0.284891 0.004856
v 0.375216 0.264403 0.001077
v -0.495710 -0.206466 0.008045
v -0.488860 0.238966 0.006772
v -0.291794 0.238264 0.007784
v 0.389368 0.269505 0.001373
v 0.381543 0.266044 0.001172
v 0.391490 0.271597 0.001171
v 0.310843 -0.269113 0.012748
v 0.447011 -0.285395 0.008629
v 0.432619 -0.285688 0.007568
v 0.429442 -0.287650 0.007055
v 0.361816 -0.287983 0.006239
v 0.443906 0.000602 0.004875
v -0.306315 0.285843 0.007860
v 0.490718 -0.121181 0.006414
v 0.320568 -0.272371 0.009564
v 0.493798 -0.170218 0.006746
v -0.295361 0.277810 0.010026
v -0.294173 0.286064 0.008394
v -0.007641 -0.302461 0.005545
v -0.019527 -0.302715 0.004762
v 0.455155 -0.049563 0.005131
v 0.450605 -0.060561 0.005392
v -0.108388 0.262391 0.003329
v -0.295463 0.266200 0.010046
v 0.313111 -0.269206 0.012308
v 0.381942 0.266987 0.000539
v -0.021331 -0.301775 0.005272
v -0.312442 0.285189 0.006065
v 0.418658 0.104298 0.004803
v 0.416235 0.098588 0.004041
v 0.340597 0.266357 0.000743
v 0.310937 -0.288105 0.016971
v 0.306288 -0.282830 0.013978
v 0.466932 -0.285839 0.008485
v 0.044913 -0.303050 0.006773
v 0.333382 -0.290608 0.006384
v 0.308264 -0.285095 0.015653
v -0.499552 -0.282329 0.007349
v -0.499465 -0.261163 0.007477
v 0.323014 -0.277884 0.009454
v 0.480301 -0.285340 0.008553
v -0.495777 0.247369 0.006267
v -0.295562 0.285523 0.010651
v -0.497580 0.276590 0.006314
v 0.480081 0.188834 0.003505
v 0.492827 0.195905 0.003530
v 0.500598 -0.272330 0.008942
v 0.451428 -0.084218 0.006211
v 0.448473 -0.074069 0.005726
v 0.165721 0.283049 -0.001577
v -0.492307 0.280420 0.006347
v 0.316431 -0.280342 0.014237
v 0.326600 -0.289683 0.009912
v 0.310970 -0.273093 0.014075
v 0.372809 0.262842 0.000815
v -0.293955 0.284369 0.009191
v 0.319603 -0.281699 0.012894
v 0.329381 -0.296078 0.010233
v 0.495506 -0.280884 0.009362
v -0.448676 0.165261 0.006508
v 0.311720 -0.271382 0.013980
v 0.313908 -0.280848 0.016007
v 0.311053 -0.277123 0.016033
v 0.311303 -0.281380 0.017245
v 0.312399 -0.283330 0.017646
v 0.319425 -0.292331 0.015770
v 0.314453 -0.289687 0.017707
v 0.331468 -0.299128 0.009349
v 0.154713 0.280321 -0.001616
v 0.146059 0.277588 -0.001448
v 0.336443 -0.298306 0.005728
v 0.340710 -0.294882 0.003384
v 0.318305 -0.295806 0.017856
v 0.321389 -0.296001 0.015956
v 0.317975 -0.297345 0.017896
v 0.322885 -0.298298 0.015702
v 0.321450 -0.299642 0.015681
v 0.441447 0.170095 0.003266
v 0.426569 0.277192 0.000495
v 0.489883 -0.283466 0.009064
v 0.325167 -0.300239 0.013289
v 0.328967 -0.299683 0.010835
v 0.338476 -0.300011 0.003681
v 0.334402 -0.299748 0.005855
v 0.477639 0.249432 -0.001528
v 0.461758 0.273863 -0.002042
v 0.455998 0.274908 -0.001415
v 0.298520 -0.289184 0.011213
v 0.303739 -0.289797 0.012720
v 0.318030 -0.298982 0.015861
v 0.420976 0.107093 0.004615
v 0.481446 0.190510 0.003114
v 0.360350 0.258898 0.001213
v 0.438192 0.008944 0.004587
v 0.433866 0.017378 0.004343
v 0.441799 0.002115 0.004457
v 0.485990 0.238691 -0.001175
v 0.492622 -0.133877 0.006179
v 0.418488 0.061130 0.003564
v 0.314049 -0.293884 0.017830
v 0.314569 -0.295690 0.016842
v 0.311530 -0.291598 0.016450
v 0.306792 -0.289965 0.014848
v 0.499664 0.224301 -0.000456
v 0.426210 0.040239 0.003759
v 0.430099 0.025467 0.004181
v 0.134810 0.276060 -0.000637
v 0.128950 0.276855 -0.001057
v 0.122951 0.277508 -0.000070
v 0.144922 0.277130 -0.000699
v 0.139839 0.276492 -0.001079
v 0.146059 0.277588 -0.001448
v 0.153690 0.278387 -0.000941
v 0.271052 0.307418 -0.002573
v 0.260474 0.307731 -0.003103
v 0.250551 0.307462 -0.002594
v 0.234681 0.306768 -0.003075
v 0.280628 0.306853 -0.002946
v -0.227807 0.284918 0.005580
v -0.265094 0.285074 0.005152
v -0.252415 0.285146 0.005583
v 0.329678 -0.300321 0.009218
v 0.326527 -0.300019 0.010168
v 0.331424 -0.299461 0.006654
v 0.334402 -0.299748 0.005855
v 0.333557 -0.298851 0.004592
v 0.338097 -0.301085 0.001687
v 0.338874 -0.300119 -0.000269
v 0.341805 -0.300755 -0.001483
v 0.340797 -0.300859 0.000898
v 0.346366 -0.300188 -0.000925
v 0.328967 -0.299683 0.010835
v 0.325167 -0.300239 0.013289
v 0.322792 -0.299860 0.013502
v 0.321450 -0.299642 0.015681
v 0.318030 -0.298982 0.015861
v 0.331468 -0.299128 0.009349
v 0.456558 -0.032354 0.004589
v 0.455223 -0.023094 0.005131
v 0.456967 -0.037812 0.005437
v 0.205646 0.298443 -0.002310
v 0.198333 0.296748 -0.003073
v 0.199383 0.296129 -0.001844
v 0.194551 0.295677 -0.002385
v 0.205280 0.298534 -0.003019
v 0.207476 0.300034 -0.002956
v 0.488568 -0.119628 0.005918
v 0.486546 -0.110191 0.006102
v 0.489222 -0.120502 0.006862
v -0.441903 0.154524 0.006636
v -0.441915 0.154685 0.006292
v -0.440011 0.140660 0.006326
v -0.441320 0.159026 0.005817
v -0.438886 0.143548 0.005957
v -0.440174 0.078981 0.006274
v -0.439989 0.136956 0.006758
v -0.466905 0.199149 0.007176
v -0.468918 0.212682 0.007448
v -0.468975 0.212882 0.006770
v -0.471582 0.215957 0.007141
v 0.498826 -0.277855 0.008011
v 0.500598 -0.272330 0.008942
v 0.499072 -0.277427 0.009135
v 0.500213 -0.272124 0.007471
v 0.495506 -0.280884 0.009362
v 0.497933 -0.277082 0.010047
v 0.499517 -0.180364 0.006844
v 0.493798 -0.170218 0.006746
v 0.499499 -0.180605 0.007571
v 0.455155 -0.049563 0.005131
v 0.456385 -0.042066 0.004609
v 0.456967 -0.037812 0.005437
v 0.456558 -0.032354 0.004589
v 0.462027 0.183605 0.003188
v 0.462943 0.183779 0.002368
v 0.472121 0.186292 0.002939
v 0.459663 0.181316 0.002738
v 0.472804 0.187036 0.003539
v 0.480081 0.188834 0.003505
v 0.231550 0.304760 -0.002338
v 0.215115 0.302904 -0.003454
v 0.215037 0.303048 -0.002977
v 0.232126 0.305070 -0.003259
v 0.213636 0.301200 -0.002418
v 0.220783 0.302276 -0.001987
v 0.340799 0.266860 -0.000106
v 0.338033 0.275735 -0.000845
v 0.340597 0.266357 0.000743
v 0.343011 0.265186 0.000297
v 0.207476 0.300034 -0.002956
v 0.205646 0.298443 -0.002310
v 0.205769 0.296514 -0.001430
v 0.199383 0.296129 -0.001844
v 0.218647 0.300540 -0.001804
v 0.219879 0.294278 -0.000108
v 0.229848 0.295425 0.000016
v 0.242186 0.302805 -0.001633
v 0.242405 0.305073 -0.001924
v 0.269058 0.295650 0.000240
v 0.270995 0.299450 -0.000685
v 0.284305 0.295219 0.000550
v 0.267908 0.302641 -0.001602
v 0.273583 0.305845 -0.001985
v 0.250551 0.307462 -0.002594
v 0.291425 0.301222 -0.001692
v 0.291932 0.302824 -0.001799
v 0.296786 0.296639 -0.000756
v 0.297605 0.301767 -0.002107
v 0.303775 0.299055 -0.001903
v 0.309492 0.290335 -0.000438
v 0.301692 0.286138 0.001622
v 0.291806 0.293931 0.000501
v 0.311978 0.282040 0.001783
v 0.324767 0.285570 -0.000861
v 0.317222 0.278482 0.001876
v 0.326670 0.277211 0.000962
v 0.331175 0.284198 -0.001198
v 0.332698 0.281159 -0.000848
v 0.336650 0.267709 0.001242
v 0.312066 0.295265 -0.002223
v 0.318501 0.291803 -0.002291
v 0.271052 0.307418 -0.002573
v 0.322971 0.288485 -0.001615
v 0.234681 0.306768 -0.003075
v 0.280628 0.306853 -0.002946
v 0.282742 0.305262 -0.002352
v 0.334697 0.279728 -0.001243
v 0.296182 0.302985 -0.002586
v 0.312272 0.295799 -0.002672
v 0.325126 0.286445 -0.001801
v 0.487965 -0.146207 0.005814
v 0.490920 -0.140809 0.006360
v 0.487106 -0.149805 0.006399
v 0.492622 -0.133877 0.006179
v 0.492622 -0.133877 0.006179
v 0.490718 -0.121181 0.006414
v 0.492509 -0.131325 0.006804
v 0.489883 -0.283466 0.009064
v 0.494267 -0.281314 0.008022
v 0.495506 -0.280884 0.009362
v 0.489607 -0.283431 0.007856
v 0.480301 -0.285340 0.008553
v 0.478258 -0.285580 0.006906
v 0.498826 -0.277855 0.008011
v 0.486301 -0.282917 0.006969
v 0.467594 0.265247 -0.002609
v 0.463455 0.272715 -0.001455
v 0.469186 0.262797 -0.002100
v 0.471574 0.256567 -0.002432
v 0.466476 0.266382 -0.001366
v 0.470941 0.257728 -0.001335
v 0.474114 0.253611 -0.001450
v 0.476418 0.250122 -0.001210
v 0.477639 0.249432 -0.001528
v -0.441958 -0.170516 0.006035
v -0.442441 -0.170231 0.004917
v -0.449265 -0.171186 0.003625
v -0.471441 -0.181550 0.007047
v -0.476268 -0.180334 0.003571
v -0.476001 -0.182763 0.006830
v -0.467562 -0.176167 0.002725
v -0.482050 -0.185374 0.006839
v -0.464457 -0.178453 0.005809
v -0.460100 -0.173841 0.003364
v -0.457389 -0.176325 0.005878
v -0.451145 -0.172916 0.004652
v -0.448737 -0.173985 0.005966
v -0.442576 -0.172505 0.006319
v -0.477604 -0.184969 0.007868
v -0.463721 -0.181061 0.007571
v -0.469928 -0.184377 0.008403
v -0.480116 -0.187927 0.008261
v -0.484963 -0.188953 0.007812
v -0.486609 -0.187477 0.006460
v -0.491817 -0.193317 0.006239
v -0.491495 -0.198364 0.008391
v -0.494031 -0.197205 0.006535
v -0.495710 -0.206466 0.008045
v -0.485001 -0.185309 0.004240
v -0.460260 -0.172993 0.001752
v -0.470275 -0.176883 0.001754
v -0.452414 -0.172761 0.002460
v -0.489296 -0.187677 0.002080
v -0.492174 -0.191556 0.003493
v -0.467993 -0.175779 0.000907
v -0.479648 -0.181657 0.001802
v -0.496829 -0.196945 0.001888
v -0.483150 -0.184647 -0.000297
v -0.486073 -0.186100 0.000308
v -0.499162 -0.242277 0.007392
v -0.499102 -0.225570 0.007532
v -0.500758 -0.240138 0.004691
v -0.500605 -0.216409 0.004512
v -0.499465 -0.261163 0.007477
v -0.500989 -0.264486 0.005321
v -0.498676 -0.211514 0.006936
v -0.499615 -0.206596 0.004225
v -0.499552 -0.282329 0.007349
v -0.500819 -0.283126 0.005526
v -0.497741 -0.203154 0.005697
v -0.498672 -0.288101 0.006937
v -0.499747 -0.288030 0.005550
v -0.499339 -0.202948 0.001948
v -0.500234 -0.210337 0.002182
v -0.495914 -0.213490 0.008683
v -0.496052 -0.225571 0.009098
v -0.496026 -0.244242 0.008949
v -0.495852 -0.283671 0.008977
v -0.495603 -0.288396 0.008262
v -0.496739 -0.292317 0.005955
v -0.309851 0.285224 0.006885
v -0.312442 0.285189 0.006065
v -0.319997 0.284541 0.006517
v 0.165721 0.283049 -0.001577
v 0.156324 0.280629 -0.002265
v 0.154713 0.280321 -0.001616
v 0.156466 0.280609 -0.001047
v -0.496739 -0.292317 0.005955
v -0.499747 -0.288030 0.005550
v -0.495969 -0.292813 0.004862
v -0.490664 -0.296907 0.005007
v -0.498794 -0.287168 0.004226
v -0.490451 -0.295463 0.003868
v -0.492898 -0.292058 0.003437
v -0.495636 -0.288552 0.003467
v -0.486979 -0.298022 0.004177
v 0.436335 0.276793 0.000841
v 0.440780 0.276607 0.000245
v 0.426569 0.277192 0.000495
v 0.454326 0.276029 -0.000821
v 0.428379 0.149632 0.004636
v 0.430073 0.157240 0.003547
v 0.430443 0.157816 0.004364
v 0.426537 0.145007 0.004265
v 0.432963 0.160678 0.003948
v 0.433960 0.163091 0.003338
v 0.437194 0.166522 0.003660
v 0.436889 0.166957 0.003109
v 0.441447 0.170095 0.003266
v -0.458213 0.182979 0.007456
v -0.457836 0.182468 0.006593
v -0.454504 0.175435 0.006955
v -0.459885 0.184026 0.007152
v -0.441903 0.154524 0.006636
v -0.446161 0.162776 0.006511
v -0.441320 0.159026 0.005817
v -0.450200 0.170614 0.005984
v -0.448676 0.165261 0.006508
v -0.451232 0.168191 0.006965
v -0.453037 0.173709 0.006526
v -0.455814 0.183442 0.006035
v -0.463331 0.191303 0.006933
v -0.462125 0.196954 0.006217
v -0.465329 0.198216 0.006635
v 0.408589 0.274121 0.001454
v 0.409021 0.274611 0.001013
v 0.398464 0.273368 0.001184
v 0.397206 0.272051 0.001947
v 0.391490 0.271597 0.001171
v 0.411880 0.276586 0.000939
v 0.414204 0.095534 0.003989
v 0.414179 0.095416 0.003352
v 0.416235 0.098588 0.004041
v 0.412589 0.085711 0.003296
v 0.418658 0.104298 0.004803
v 0.418290 0.104018 0.003971
v 0.420976 0.107093 0.004615
v 0.414562 0.100935 0.002715
v 0.412266 0.093422 0.002710
v 0.417589 0.110097 0.002586
v 0.423595 0.111871 0.004261
v 0.411076 0.081422 0.002462
v 0.413014 0.077817 0.003060
v 0.414697 0.071731 0.003051
v 0.415564 0.070823 0.003482
v 0.418488 0.061130 0.003564
v 0.425023 0.111331 0.005518
v 0.430215 0.115283 0.005694
v 0.477639 0.249432 -0.001528
v 0.471574 0.256567 -0.002432
v 0.474114 0.253611 -0.001450
v 0.469186 0.262797 -0.002100
v 0.455223 -0.023094 0.005131
v 0.453653 -0.019621 0.004647
v 0.452119 -0.015114 0.005249
v 0.450193 -0.012661 0.004760
v 0.447181 -0.006597 0.005224
v 0.446273 -0.005793 0.004619
v 0.443906 0.000602 0.004875
v 0.456558 -0.032354 0.004589
v 0.107552 0.135773 0.001692
v 0.097035 0.185392 0.001408
v 0.119356 0.189919 0.001363
v 0.133218 0.163246 0.001565
v 0.128412 0.149237 0.001649
v 0.135456 0.131393 0.001751
v 0.166800 0.163483 0.001712
v 0.131582 0.182055 0.001498
v 0.155632 0.179571 0.001617
v 0.141455 0.199964 0.001391
v 0.120227 0.215166 0.001186
v 0.125140 0.216157 0.001209
v 0.157091 0.212580 0.001311
v 0.096480 0.234772 0.001222
v 0.102491 0.210237 0.001289
v 0.063889 0.234358 0.001492
v 0.069577 0.215766 0.001450
v 0.075283 0.195523 0.001431
v 0.071646 0.175923 0.001596
v 0.051641 0.211903 0.001592
v 0.047471 0.193837 0.001694
v 0.018378 0.188978 0.001794
v 0.009307 0.227081 0.001787
v 0.036847 0.235093 0.001651
v 0.052343 0.262924 0.001449
v 0.075306 0.250417 0.001289
v 0.071582 0.280997 0.001114
v 0.093381 0.260359 0.001017
v 0.116566 0.252705 0.000799
v 0.125221 0.241873 0.000798
v 0.136279 0.234320 0.000778
v 0.133671 0.256375 0.000256
v 0.147554 0.244643 0.000189
v 0.101269 0.273061 0.000862
v 0.086222 0.274178 0.001009
v 0.050507 0.282685 0.001382
v 0.027647 0.269031 0.001588
v 0.019595 0.252954 0.001653
v 0.005941 0.280207 0.001680
v 0.021536 0.291070 0.001539
v -0.000733 0.275178 0.001749
v -0.056609 0.266770 0.001904
v -0.044732 0.220747 0.001893
v -0.009537 0.203552 0.001845
v -0.043680 0.149214 0.001900
v -0.010139 0.133536 0.001870
v 0.026853 0.155978 0.001838
v 0.031180 0.108992 0.001845
v -0.040644 0.080146 0.001897
v 0.048671 0.166005 0.001792
v -0.097748 0.085543 0.001943
v -0.060163 0.035312 0.001932
v -0.016809 0.041506 0.001881
v 0.014342 0.060480 0.001866
v -0.045689 -0.006844 0.001909
v 0.002451 0.009424 0.001886
v -0.003741 -0.019358 0.001886
v -0.034945 -0.063127 0.001918
v -0.000644 -0.060125 0.001905
v 0.044559 -0.050109 0.001900
v 0.066252 -0.079925 0.001919
v 0.008187 -0.107769 0.001928
v -0.048765 -0.130836 0.001933
v -0.049112 -0.083314 0.001956
v -0.041015 -0.176929 0.001943
v -0.070898 -0.021067 0.001961
v -0.071321 -0.000396 0.001952
v -0.094204 -0.014487 0.002230
v -0.100614 0.013895 0.002630
v -0.103598 -0.013381 0.002519
v -0.087032 0.013029 0.002389
v -0.067727 0.013688 0.002022
v -0.092212 0.047284 0.002026
v -0.077791 0.036445 0.002070
v -0.097283 0.029525 0.002260
v -0.103511 0.056656 0.002145
v -0.118355 0.077745 0.002486
v -0.109201 0.097462 0.002197
v -0.091344 0.112144 0.001952
v -0.107248 0.116678 0.002103
v -0.084800 0.152468 0.001984
v -0.072521 0.181038 0.001936
v -0.087989 0.188859 0.002067
v -0.098436 0.210412 0.002111
v -0.084080 0.223240 0.001969
v -0.077266 0.253401 0.001937
v -0.096047 0.164062 0.002240
v -0.104910 0.210257 0.002289
v -0.109738 0.032140 0.002605
v -0.110946 0.012236 0.003109
v -0.048812 0.280999 0.001828
v -0.058930 0.278668 0.001888
v 0.086769 0.147062 0.001686
v 0.020491 0.023247 0.001870
v 0.060817 -0.010604 0.001867
v 0.046162 0.048060 0.001842
v 0.075444 0.034946 0.001855
v 0.127958 0.015632 0.001873
v 0.099578 0.072006 0.001819
v 0.139590 0.052872 0.001855
v 0.054232 0.076695 0.001848
v 0.097422 0.094742 0.001761
v 0.071865 0.127053 0.001783
v 0.099251 0.115803 0.001741
v 0.128687 0.085971 0.001794
v 0.224147 0.078045 0.001824
v 0.187258 0.092866 0.001770
v 0.243304 0.080343 0.001848
v 0.192400 0.058364 0.001875
v 0.155438 0.091859 0.001788
v 0.185909 0.074932 0.001806
v 0.176198 0.135355 0.001770
v 0.176522 0.117051 0.001778
v 0.214331 0.116162 0.001817
v 0.211227 0.166077 0.001712
v 0.237687 0.146105 0.001779
v 0.187483 0.169661 0.001687
v 0.179712 0.194336 0.001651
v 0.153111 0.231783 0.000833
v 0.185053 0.224028 0.001343
v 0.209590 0.221204 0.001504
v 0.204740 0.242477 0.001125
v 0.237699 0.228400 0.001589
v 0.254100 0.226862 0.001574
v 0.284356 0.234735 0.001484
v 0.293250 0.216130 0.001607
v 0.313159 0.186866 0.001669
v 0.314971 0.220222 0.001445
v 0.299961 0.174390 0.001772
v 0.340966 0.182172 0.001599
v 0.336743 0.146647 0.001803
v 0.357045 0.173039 0.001720
v 0.356558 0.116912 0.001843
v 0.340514 0.105920 0.001834
v 0.352030 0.073917 0.001853
v 0.316930 0.060244 0.001882
v 0.350551 0.040930 0.001898
v 0.328057 -0.043490 0.002071
v 0.320054 -0.016959 0.002007
v 0.346203 -0.023354 0.001954
v 0.341098 -0.045127 0.002152
v 0.371322 -0.032823 0.002522
v 0.332619 -0.000137 0.001922
v 0.262361 0.036481 0.001910
v 0.184304 0.017107 0.001904
v 0.256274 0.015675 0.001925
v 0.116422 -0.030638 0.001884
v 0.087099 0.005112 0.001865
v 0.118227 -0.054247 0.001905
v -0.002512 -0.148006 0.001948
v -0.044390 -0.271169 0.003052
v -0.038997 -0.250402 0.002939
v -0.033615 -0.271094 0.003072
v -0.048143 -0.253471 0.002964
v -0.049267 -0.229754 0.002575
v -0.036830 -0.208767 0.002543
v -0.044357 -0.210338 0.002475
v -0.028194 -0.175294 0.001971
v 0.019810 -0.156148 0.002218
v 0.001289 -0.171906 0.002247
v 0.022238 -0.167937 0.002535
v 0.044515 -0.147598 0.002372
v 0.041967 -0.138443 0.002101
v 0.042795 -0.123470 0.001944
v 0.068395 -0.105416 0.001970
v 0.091321 -0.078322 0.001957
v 0.114766 -0.075149 0.001959
v 0.142853 -0.064697 0.001953
v 0.183376 -0.046154 0.001933
v 0.203095 -0.021121 0.001960
v 0.207436 -0.039755 0.002188
v 0.225554 -0.018768 0.001935
v 0.248705 0.000773 0.001931
v 0.279142 0.001561 0.002041
v 0.302863 0.003373 0.001975
v 0.395960 0.014291 0.001925
v 0.374217 -0.005203 0.001946
v 0.388581 0.058381 0.001901
v 0.399291 0.047181 0.001993
v 0.402715 0.071422 0.001951
v 0.397432 0.098111 0.001899
v 0.377560 0.139927 0.001879
v 0.406577 0.113871 0.001876
v 0.402218 0.125822 0.001939
v 0.403205 0.139332 0.001973
v 0.405406 0.155372 0.001923
v 0.368948 0.168973 0.001817
v 0.391410 0.192695 0.001880
v 0.422178 0.188757 0.001932
v 0.420075 0.174733 0.001934
v 0.435859 0.176269 0.002096
v 0.465935 0.187214 0.002037
v 0.434301 0.222794 0.001873
v 0.448002 0.224732 0.001774
v 0.466042 0.211038 0.001794
v 0.428938 0.256737 0.001783
v 0.441853 0.247164 0.001657
v 0.397104 0.251344 0.001889
v 0.405536 0.216359 0.001909
v 0.395561 0.244568 0.001870
v 0.377229 0.214688 0.001810
v 0.379895 0.238604 0.001775
v 0.375414 0.247861 0.001752
v 0.368145 0.245396 0.001609
v 0.405954 0.261312 0.001738
v 0.392851 0.262305 0.001695
v 0.397007 0.267636 0.001541
v 0.365859 0.200678 0.001647
v 0.359035 0.215792 0.001322
v 0.337231 0.215623 0.001293
v 0.323584 0.242879 0.001152
v 0.337234 0.241338 0.001147
v 0.352488 0.227411 0.001077
v 0.303009 0.249120 0.001315
v 0.280924 0.258456 0.001182
v 0.264610 0.241973 0.001327
v 0.233916 0.261202 0.000919
v 0.279940 0.263192 0.001052
v 0.217518 0.261204 0.000812
v 0.202412 0.258292 0.000659
v 0.193852 0.236724 0.001082
v 0.301132 0.081995 0.001849
v 0.316100 0.116210 0.001849
v 0.294310 0.130153 0.001832
v 0.270219 0.097943 0.001831
v 0.249268 0.118179 0.001809
v 0.267130 0.148292 0.001782
v 0.261693 0.175992 0.001745
v 0.221656 0.194009 0.001686
v 0.257365 0.205336 0.001708
v 0.220844 0.207088 0.001678
v -0.049186 -0.179527 0.002179
v 0.112282 -0.089408 0.002220
v 0.083331 -0.097649 0.002110
v 0.254845 -0.016924 0.002318
v 0.278864 -0.015103 0.002552
v 0.294640 -0.010967 0.002431
v 0.316507 -0.043049 0.002356
v 0.312990 -0.026596 0.002314
v 0.302427 -0.012076 0.002312
v 0.478667 0.199376 0.002087
v 0.002262 0.296535 0.001360
v 0.005540 0.300740 0.001282
v 0.379499 0.255226 0.001611
v 0.384496 0.262043 0.001470
v 0.481903 0.211227 0.001829
v -0.092626 0.247713 0.002233
v -0.089761 0.261411 0.002229
v -0.084331 0.265389 0.002213
v -0.068351 0.273981 0.002163
v -0.100832 0.257961 0.002333
v -0.094889 0.231365 0.002256
v -0.077811 0.271179 0.002171
v 0.059908 0.291666 0.001072
v 0.075103 0.288646 0.000842
v 0.064386 0.300763 0.000807
v 0.044865 0.304659 0.000856
v 0.023305 0.304631 0.000927
v 0.084464 0.288461 0.000865
v 0.059725 -0.120246 0.002243
v 0.080538 -0.111230 0.002577
v 0.092250 0.284489 0.000749
v 0.095166 0.267178 0.000853
v -0.031278 -0.287832 0.003468
v -0.046323 -0.286823 0.003357
v -0.033334 -0.298314 0.003478
v -0.045113 -0.298334 0.003277
v -0.055653 -0.294805 0.003272
v 0.328032 -0.050270 0.002277
v 0.373542 -0.020720 0.002217
v 0.397325 -0.006004 0.002420
v 0.408498 0.013173 0.002322
v 0.386335 -0.029470 0.002826
v 0.382581 -0.040695 0.002991
v 0.368031 -0.050795 0.003037
v 0.399462 -0.048354 0.003862
v 0.392369 -0.057246 0.004126
v 0.405364 -0.063373 0.004666
v 0.410897 -0.047344 0.004143
v 0.340952 -0.053107 0.002576
v 0.411737 0.023893 0.002424
v -0.063260 -0.057413 0.002103
v -0.084443 -0.032515 0.002448
v -0.056638 -0.081349 0.002187
v -0.089012 -0.048142 0.002942
v -0.078375 -0.054965 0.002676
v -0.066193 -0.067725 0.002396
v -0.093624 -0.027595 0.002541
v -0.107675 -0.021922 0.002933
v 0.159382 -0.065305 0.002179
v 0.184539 -0.057163 0.002334
v 0.211411 -0.057651 0.003069
v 0.145371 -0.079558 0.002541
v 0.161891 -0.071758 0.002591
v 0.136861 -0.094701 0.002759
v 0.149818 -0.100300 0.003230
v 0.164112 -0.079802 0.003196
v 0.409662 0.097731 0.002267
v 0.409154 0.077004 0.002150
v 0.413316 0.109852 0.001938
v 0.309213 0.259905 0.000981
v 0.330008 0.251337 0.000840
v 0.210324 0.269546 0.000269
v 0.236542 0.272370 0.000437
v 0.256081 0.272532 0.000495
v 0.282265 0.274606 0.000428
v 0.301878 0.271054 0.000567
v 0.338761 0.256458 0.000997
v 0.323710 0.259534 0.000655
v 0.225218 -0.036368 0.002370
v 0.217489 -0.048394 0.002670
v 0.247069 -0.022698 0.002494
v 0.254928 -0.034571 0.003426
v 0.278904 -0.031450 0.003515
v 0.292680 -0.031774 0.003538
v 0.302051 -0.030903 0.003041
v 0.297785 -0.043920 0.003666
v 0.314948 -0.050854 0.002678
v 0.237525 -0.059298 0.004144
v -0.002425 0.284849 0.001376
v -0.009888 0.296783 0.001043
v -0.015363 0.292884 0.001143
v -0.029863 0.279146 0.001731
v -0.021416 0.289648 0.001267
v -0.031235 0.286267 0.001725
v -0.042853 0.283914 0.001822
v 0.489287 0.202012 0.002235
v 0.408436 -0.030501 0.003764
v 0.410341 -0.016058 0.003293
v 0.416968 -0.005638 0.003233
v 0.423043 0.015688 0.003053
v 0.430170 0.004709 0.003579
v 0.437721 -0.013387 0.003785
v 0.427843 -0.026882 0.003884
v 0.435790 -0.045138 0.004213
v 0.432857 -0.066367 0.004830
v 0.411371 -0.082468 0.005241
v 0.432394 -0.082008 0.005250
v 0.443318 -0.073511 0.004994
v 0.441386 -0.056152 0.004371
v 0.443090 -0.027117 0.004000
v 0.446793 -0.051593 0.004288
v 0.440085 -0.098271 0.005406
v 0.451722 -0.089384 0.005451
v 0.446218 -0.018731 0.004051
v 0.456385 -0.042066 0.004609
v -0.092701 0.264995 0.002054
v 0.112835 0.272250 0.000537
v 0.122035 0.268561 0.000243
v -0.023933 -0.271122 0.003385
v -0.029181 -0.251465 0.003326
v -0.031796 -0.230101 0.003089
v -0.028309 -0.204664 0.002850
v 0.404220 -0.073481 0.005042
v 0.441080 -0.001705 0.004001
v 0.460685 0.226295 0.001438
v 0.467759 0.215760 0.001592
v 0.449382 0.233179 0.001605
v 0.332263 0.266577 0.000520
v 0.325869 0.270456 0.000281
v 0.317723 0.278663 0.000095
v 0.310055 0.271792 0.000303
v 0.304187 0.285234 -0.000307
v 0.370263 -0.079053 0.005157
v 0.346794 -0.084604 0.005341
v 0.321882 -0.084822 0.005286
v 0.347715 -0.077699 0.005169
v 0.376076 -0.086227 0.005293
v 0.370940 -0.071404 0.004778
v -0.015017 -0.298562 0.004144
v 0.288135 -0.047669 0.004063
v 0.252670 -0.061636 0.004531
v 0.256273 -0.048458 0.004078
v 0.274397 -0.062324 0.004476
v 0.291943 -0.064507 0.004666
v 0.299719 -0.062278 0.004445
v 0.249665 -0.072900 0.005107
v 0.227714 -0.074718 0.004959
v -0.105368 0.243276 0.002739
v -0.110573 0.253087 0.002742
v -0.104618 0.230131 0.002678
v 0.344905 0.219926 0.001118
v -0.060809 -0.298765 0.003078
v -0.103156 0.165656 0.002487
v -0.111923 0.200296 0.002682
v -0.108619 0.149089 0.002671
v -0.117998 0.107627 0.002598
v -0.116735 0.130744 0.002927
v 0.126899 0.250866 0.000408
v -0.030489 -0.192531 0.002335
v -0.022264 -0.188968 0.002516
v -0.011948 -0.183121 0.002549
v 0.429218 0.163178 0.002519
v 0.438361 0.171064 0.002350
v 0.453864 0.182611 0.002159
v 0.418312 0.163008 0.002174
v 0.410227 0.148321 0.002264
v 0.177002 0.246521 0.000379
v 0.187130 0.250615 0.000327
v 0.180663 0.259131 0.000075
v 0.190423 0.256889 0.000323
v 0.102181 -0.098506 0.002452
v 0.145925 -0.127268 0.004931
v 0.144681 -0.113688 0.004006
v 0.156975 -0.121511 0.004743
v 0.171605 -0.121934 0.005078
v 0.131848 -0.100178 0.002996
v 0.165668 -0.137013 0.005403
v 0.186487 -0.105217 0.005047
v 0.198421 -0.095469 0.005273
v 0.194737 -0.123654 0.005463
v 0.138865 -0.141361 0.005458
v 0.119808 -0.128235 0.005148
v 0.251104 -0.080369 0.005404
v 0.273454 -0.077019 0.005287
v 0.208829 -0.083175 0.005105
v 0.296285 -0.080044 0.005470
v -0.058934 -0.210633 0.003047
v -0.065495 -0.231139 0.003122
v -0.065034 -0.242418 0.003205
v 0.168357 -0.109112 0.004480
v 0.495506 0.210397 0.001819
v 0.481795 0.217366 0.001468
v 0.076664 0.293927 0.000592
v 0.070810 0.300336 0.000591
v 0.351319 0.233990 0.000915
v 0.355337 0.233709 0.000791
v 0.361001 0.226780 0.000709
v 0.348242 0.240233 0.000932
v 0.351533 0.238811 0.000836
v 0.413085 0.063414 0.002522
v 0.415444 0.050119 0.002882
v 0.423283 0.031801 0.003191
v 0.005423 -0.196851 0.004197
v 0.013935 -0.177122 0.002789
v 0.025537 -0.195997 0.004638
v -0.009207 -0.193984 0.003392
v 0.045604 -0.181765 0.004209
v 0.043458 -0.167062 0.003171
v 0.194204 -0.082291 0.004742
v 0.195422 -0.077374 0.004500
v 0.191244 -0.062244 0.002903
v 0.225931 -0.069174 0.004537
v 0.365887 0.223190 0.001164
v 0.375114 0.235796 0.001558
v 0.444990 0.259127 0.001172
v 0.429094 0.267002 0.001343
v 0.421420 0.261140 0.001624
v 0.453346 0.248284 0.001098
v 0.123046 -0.118127 0.004620
v -0.056092 -0.129264 0.002261
v -0.064323 -0.099368 0.002658
v 0.323750 -0.073151 0.004716
v 0.347789 -0.069911 0.004649
v 0.105430 0.277534 0.000559
v 0.368735 0.251966 0.001881
v 0.363629 0.242909 0.001458
v 0.314409 -0.079933 0.005188
v 0.305999 -0.068614 0.004631
v 0.317473 -0.070045 0.004445
v 0.317383 -0.058383 0.003128
v 0.328631 -0.058006 0.002851
v 0.355775 -0.061582 0.003754
v 0.098941 0.281333 0.000493
v 0.347626 0.246539 0.000621
v 0.343872 0.253561 0.000762
v 0.352772 0.250271 0.000879
v 0.358836 0.254089 0.001507
v 0.367127 0.257569 0.001578
v 0.479739 0.192156 0.002469
v 0.003654 -0.208265 0.004732
v -0.011329 -0.206535 0.004046
v -0.013917 -0.225158 0.004247
v -0.011759 -0.245969 0.004497
v 0.052474 -0.201541 0.005236
v 0.046268 -0.191669 0.004793
v 0.057469 -0.183693 0.004852
v 0.004924 -0.219933 0.004985
v -0.010957 -0.287946 0.004433
v 0.003898 -0.295242 0.005006
v 0.010902 -0.297712 0.005249
v 0.008572 -0.279713 0.005233
v -0.007631 -0.272899 0.004451
v 0.004163 -0.247667 0.005085
v 0.027880 -0.294209 0.005545
v 0.045744 -0.300468 0.005724
v 0.013366 -0.301508 0.005344
v 0.424458 -0.101815 0.005366
v 0.403398 -0.104191 0.005347
v 0.372027 -0.106550 0.005357
v 0.381952 -0.119943 0.005326
v 0.422172 -0.130958 0.005397
v 0.384159 -0.137476 0.005512
v 0.414895 -0.147273 0.005587
v 0.438792 -0.141855 0.005622
v 0.436020 -0.161234 0.005707
v 0.456279 -0.154324 0.005706
v 0.457627 -0.128568 0.005652
v 0.428625 -0.175952 0.005726
v 0.454693 -0.175279 0.005809
v 0.397924 -0.156204 0.005662
v 0.405654 -0.179226 0.005792
v 0.414344 -0.194200 0.005889
v 0.424235 -0.208540 0.005998
v 0.389271 -0.207302 0.005999
v 0.375327 -0.186856 0.005834
v 0.365481 -0.187903 0.005854
v 0.369366 -0.216116 0.005987
v 0.369356 -0.157629 0.005643
v 0.382612 -0.162829 0.005751
v 0.359540 -0.130032 0.005470
v 0.345157 -0.113607 0.005389
v 0.329536 -0.100600 0.005365
v 0.325537 -0.143830 0.005813
v 0.337994 -0.142280 0.005723
v 0.353361 -0.147714 0.005652
v 0.334474 -0.175280 0.005734
v 0.344358 -0.190676 0.005846
v 0.311046 -0.163858 0.005828
v 0.311213 -0.108990 0.005633
v 0.294077 -0.147050 0.005826
v 0.290225 -0.097986 0.005758
v 0.270598 -0.100410 0.005740
v 0.250178 -0.106402 0.005652
v 0.270412 -0.126802 0.005748
v 0.286787 -0.130756 0.005757
v 0.256512 -0.150287 0.005754
v 0.236609 -0.120900 0.005663
v 0.223967 -0.137386 0.005650
v 0.222172 -0.102983 0.005494
v 0.232169 -0.085251 0.005337
v 0.195490 -0.135905 0.005573
v 0.208835 -0.155204 0.005655
v 0.233242 -0.168242 0.005738
v 0.216722 -0.182583 0.005821
v 0.198649 -0.180660 0.005778
v 0.198546 -0.208164 0.005967
v 0.168830 -0.154367 0.005616
v 0.168474 -0.182728 0.005814
v 0.145275 -0.173238 0.005703
v 0.138226 -0.190020 0.005816
v 0.126701 -0.165929 0.005582
v 0.106252 -0.197436 0.005826
v 0.120521 -0.216049 0.005932
v 0.100816 -0.219965 0.005889
v 0.077856 -0.206123 0.005775
v 0.094211 -0.246642 0.005930
v 0.083033 -0.172710 0.005400
v 0.109422 -0.167021 0.005475
v 0.102106 -0.152636 0.005337
v 0.117693 -0.141931 0.005420
v 0.085157 -0.140671 0.004957
v 0.101031 -0.128322 0.004850
v 0.079482 -0.154615 0.005154
v 0.072815 -0.190294 0.005511
v 0.072016 -0.157618 0.004930
v 0.048391 -0.216473 0.005383
v 0.069472 -0.231388 0.005709
v 0.067201 -0.253230 0.005768
v 0.053781 -0.247565 0.005575
v 0.066895 -0.174766 0.005029
v 0.162781 -0.205618 0.005912
v 0.230107 -0.204374 0.006047
v 0.442058 -0.113544 0.005458
v 0.466850 -0.153932 0.005627
v 0.461820 -0.204261 0.005966
v 0.457377 -0.239209 0.006041
v 0.446385 -0.230369 0.005950
v 0.473607 -0.229566 0.006052
v 0.467937 -0.247787 0.006274
v 0.409752 -0.220247 0.006104
v 0.351981 -0.244977 0.005851
v 0.347907 -0.223208 0.005912
v 0.369230 -0.242428 0.005994
v 0.359048 -0.256946 0.005823
v 0.373143 -0.260568 0.005950
v 0.369521 -0.273434 0.005867
v 0.377165 -0.272129 0.005872
v 0.374473 -0.287927 0.005577
v 0.319288 -0.193417 0.005855
v 0.251871 -0.172072 0.005828
v 0.254260 -0.186295 0.005959
v 0.116783 -0.244940 0.006004
v 0.044821 -0.297155 0.005805
v 0.043740 -0.269275 0.005575
v 0.054855 -0.274884 0.005833
v 0.017571 -0.260492 0.005366
v 0.028743 -0.280675 0.005595
v 0.039032 -0.241656 0.005441
v 0.077652 -0.267809 0.005988
v 0.062445 -0.287550 0.006021
v 0.129334 -0.261344 0.006276
v 0.105166 -0.271605 0.006249
v 0.139481 -0.242682 0.006054
v 0.157315 -0.230031 0.006088
v 0.200275 -0.230052 0.006256
v 0.160137 -0.246861 0.006503
v 0.183770 -0.243876 0.006585
v 0.211643 -0.248455 0.007187
v 0.212682 -0.233730 0.006502
v 0.231453 -0.240252 0.006833
v 0.233331 -0.229459 0.006413
v 0.258773 -0.241738 0.007342
v 0.270902 -0.228747 0.007053
v 0.246034 -0.214166 0.006373
v 0.267003 -0.201042 0.006273
v 0.282857 -0.177838 0.005994
v 0.309602 -0.218830 0.005896
v 0.328725 -0.210697 0.005854
v 0.333862 -0.206914 0.005807
v 0.380529 -0.243348 0.005932
v 0.399026 -0.235235 0.006064
v 0.391309 -0.248919 0.005985
v 0.400015 -0.258078 0.006186
v 0.406754 -0.257538 0.006348
v 0.407114 -0.268954 0.006375
v 0.397314 -0.271850 0.006249
v 0.417287 -0.239502 0.006027
v 0.435956 -0.228693 0.005983
v 0.430859 -0.245055 0.006037
v 0.452082 -0.240113 0.006151
v 0.424287 -0.263658 0.006146
v 0.482927 -0.191999 0.005813
v 0.485252 -0.224479 0.005894
v 0.485356 -0.246840 0.006122
v 0.477476 -0.251496 0.006218
v 0.471017 -0.167433 0.005783
v 0.476033 -0.157299 0.005543
v 0.477863 -0.172190 0.005689
v 0.473894 -0.146514 0.005508
v 0.479132 -0.137922 0.005517
v 0.474592 -0.121628 0.005527
v 0.457361 -0.107846 0.005485
v 0.451354 -0.097424 0.005456
v 0.057133 -0.170530 0.004298
v 0.107440 -0.119012 0.004433
v 0.122286 -0.103071 0.003149
v 0.105267 -0.104214 0.002884
v 0.420433 -0.269385 0.006479
v 0.420447 -0.282468 0.006357
v 0.407825 -0.285757 0.006539
v 0.390435 -0.258452 0.006210
v 0.393855 -0.266153 0.006331
v 0.385651 -0.286064 0.005806
v 0.470147 -0.102833 0.005623
v 0.483367 -0.107527 0.005730
v 0.287057 -0.201534 0.006149
v 0.298419 -0.215900 0.006099
v 0.283441 -0.217621 0.006528
v 0.294316 -0.230237 0.006550
v 0.284620 -0.243613 0.007295
v 0.294305 -0.243749 0.007048
v 0.294750 -0.257047 0.007606
v 0.302861 -0.256501 0.007408
v 0.273630 -0.257522 0.007809
v 0.289144 -0.265248 0.007897
v 0.275906 -0.280983 0.008067
v 0.271326 -0.283758 0.008063
v 0.284606 -0.283952 0.008161
v 0.435845 -0.258668 0.006326
v 0.434150 -0.268009 0.006437
v 0.441049 -0.253904 0.006214
v 0.442995 -0.245122 0.006216
v 0.487965 -0.146207 0.005814
v 0.490195 -0.135568 0.005727
v 0.488568 -0.119628 0.005918
v 0.396353 -0.286555 0.006119
v 0.461283 -0.095518 0.005307
v 0.456971 -0.094460 0.005205
v 0.081678 -0.280876 0.006399
v 0.066328 -0.293795 0.006337
v 0.425998 -0.284648 0.006383
v 0.059067 -0.299098 0.006158
v 0.049494 -0.301855 0.005951
v 0.313880 -0.233083 0.005782
v 0.306231 -0.243188 0.006339
v 0.480112 -0.262860 0.006081
v 0.495077 -0.262504 0.006303
v 0.484515 -0.266489 0.006145
v 0.491914 -0.228212 0.006131
v 0.492355 -0.177120 0.006006
v 0.488339 -0.204755 0.005979
v 0.481821 -0.164527 0.005826
v 0.487841 -0.164611 0.005937
v 0.486841 -0.152682 0.005928
v 0.317254 -0.231955 0.005629
v 0.332277 -0.226147 0.005617
v 0.313372 -0.242328 0.005855
v 0.336329 -0.237024 0.005476
v 0.323214 -0.253498 0.004886
v 0.499937 -0.249074 0.006449
v 0.453919 -0.259552 0.007037
v 0.460772 -0.254556 0.006886
v 0.468488 -0.257537 0.006815
v 0.456973 -0.270128 0.007254
v 0.453699 -0.283262 0.007400
v 0.464699 -0.271477 0.007308
v 0.447364 -0.260010 0.006642
v 0.472085 -0.261559 0.006841
v 0.449672 -0.283309 0.007316
v 0.450246 -0.273997 0.007172
v 0.443736 -0.265509 0.006753
v 0.472807 -0.279381 0.007085
v -0.006732 -0.301155 0.004628
v 0.438211 -0.282657 0.006340
v 0.431531 -0.279369 0.006263
v 0.473424 -0.254542 0.006046
v 0.479779 -0.271085 0.006497
v 0.301425 -0.274594 0.008582
v 0.301289 -0.265738 0.008131
v 0.354311 -0.262539 0.005570
v 0.263658 -0.270234 0.008195
v 0.252914 -0.260077 0.008108
v 0.235422 -0.283711 0.008853
v 0.239649 -0.276227 0.008554
v 0.256431 -0.283411 0.008641
v 0.234952 -0.257771 0.007973
v 0.136534 -0.283043 0.007220
v 0.157600 -0.284431 0.007667
v 0.161754 -0.292130 0.008025
v 0.172807 -0.274119 0.007766
v 0.195026 -0.259525 0.007598
v 0.200025 -0.270875 0.008179
v 0.222708 -0.266955 0.008168
v 0.212951 -0.282035 0.008363
v 0.199847 -0.285464 0.008460
v 0.227225 -0.287850 0.008958
v 0.211032 -0.289754 0.008809
v 0.173441 -0.290942 0.007947
v 0.182996 -0.288068 0.008173
v 0.098253 -0.292727 0.007182
v 0.120150 -0.280892 0.006934
v 0.122561 -0.291547 0.007552
v 0.083191 -0.292699 0.006992
v 0.364570 -0.283707 0.005464
v 0.369296 -0.288017 0.005514
v 0.076231 -0.139691 0.004567
v 0.067767 -0.150620 0.004436
v 0.340408 -0.249166 0.005361
v 0.495712 -0.276073 0.006929
v 0.490833 -0.280178 0.006910
v 0.486825 -0.280674 0.006835
v 0.478220 -0.283095 0.006702
v 0.424474 -0.274535 0.005917
v 0.424681 -0.279400 0.005894
v 0.081943 -0.128091 0.004236
v 0.394103 -0.253663 0.005916
v 0.170005 0.256695 -0.000329
v 0.155503 0.256038 -0.000587
v 0.147629 0.254111 -0.000284
v 0.132791 0.262456 -0.000030
v 0.398464 0.273368 0.001184
v 0.499946 -0.231743 0.006531
v 0.499952 -0.208806 0.006760
v 0.499848 -0.187563 0.006456
v 0.197480 0.271275 -0.000174
v 0.186531 0.269432 -0.000516
v 0.406065 0.120212 0.001817
v 0.412090 0.122600 0.001993
v 0.363115 -0.279995 0.005440
v 0.359562 -0.278068 0.005278
v 0.203288 0.270912 -0.000158
v 0.082078 -0.299113 0.007386
v -0.070379 -0.284818 0.003998
v -0.068091 -0.269666 0.003903
v -0.080144 -0.266861 0.004427
v -0.082910 -0.284600 0.004250
v -0.105532 -0.283877 0.004800
v -0.105114 -0.266489 0.005168
v 0.434329 0.010022 0.003892
v 0.430754 0.018074 0.003622
v -0.081017 -0.240513 0.004014
v -0.081105 -0.227323 0.003997
v -0.079443 -0.206104 0.004136
v -0.067849 -0.197697 0.003498
v -0.057780 -0.181246 0.002730
v -0.057482 -0.170609 0.002712
v -0.065149 -0.120913 0.002909
v 0.448211 -0.058159 0.004624
v 0.446656 -0.074182 0.005206
v 0.453034 -0.050225 0.004672
v 0.427023 0.156358 0.002894
v 0.296715 0.287254 -0.000605
v -0.125240 0.070866 0.002972
v -0.126592 0.081917 0.002994
v 0.391490 0.271597 0.001171
v 0.050299 -0.149853 0.002772
v 0.069506 -0.122648 0.002900
v 0.059028 -0.138759 0.002963
v 0.340374 -0.261368 0.004790
v 0.347021 -0.260381 0.005127
v 0.354449 -0.271422 0.005188
v -0.119981 0.029067 0.003273
v -0.121864 0.012817 0.003834
v -0.121624 0.043296 0.003242
v 0.171760 -0.296368 0.008339
v 0.381942 0.266987 0.000539
v 0.334222 -0.249335 0.004881
v -0.091912 0.267372 0.001754
v 0.197427 0.282296 -0.001057
v -0.117385 -0.014631 0.003398
v -0.000675 0.300846 0.000969
v 0.486301 -0.282917 0.006969
v 0.478258 -0.285580 0.006906
v 0.381429 -0.062222 0.004218
v 0.375580 0.259956 0.001114
v 0.376563 0.265069 0.000406
v 0.372809 0.262842 0.000815
v -0.036597 0.286898 0.001635
v 0.310959 -0.262626 0.007685
v 0.313996 -0.250492 0.006000
v -0.104498 -0.034565 0.003465
v 0.318815 -0.250785 0.005207
v 0.366209 0.228135 0.001020
v 0.247782 0.286116 -0.000611
v 0.271591 0.287095 -0.000755
v 0.224033 0.288660 -0.001044
v 0.206846 0.295189 -0.002039
v 0.197033 0.292746 -0.002085
v 0.184786 0.289858 -0.002333
v 0.193263 -0.296496 0.009164
v 0.199719 -0.293988 0.009189
v 0.428135 0.025150 0.003568
v 0.458632 0.237408 0.000900
v 0.297363 -0.283104 0.008837
v 0.292147 -0.286909 0.008521
v 0.304125 -0.289356 0.009378
v -0.113654 0.237779 0.003460
v -0.109183 -0.289018 0.004444
v -0.076078 -0.289135 0.003853
v 0.415030 0.270443 0.000924
v 0.409110 0.269802 0.000995
v 0.411880 0.276586 0.000939
v 0.409021 0.274611 0.001013
v 0.419786 0.271848 0.000580
v 0.426569 0.277192 0.000495
v 0.473525 0.225818 0.000744
v 0.423147 0.044895 0.003366
v 0.360350 0.258898 0.001213
v 0.361692 0.261208 0.001096
v -0.074518 -0.187564 0.004098
v -0.081894 -0.189424 0.004431
v -0.075885 -0.176103 0.004536
v -0.080769 -0.173853 0.004840
v -0.073433 -0.164813 0.004390
v -0.073880 -0.133390 0.004054
v -0.074266 -0.115851 0.003764
v -0.082186 -0.140613 0.004692
v -0.081837 -0.116333 0.004293
v -0.081293 -0.081733 0.004086
v -0.075915 -0.083408 0.003737
v -0.099883 -0.175191 0.005132
v -0.098375 -0.133453 0.004959
v -0.096470 -0.113409 0.004648
v -0.094662 -0.079739 0.004428
v -0.111399 -0.110121 0.005090
v -0.117253 -0.133272 0.005420
v -0.125270 -0.110385 0.005298
v -0.131539 -0.130512 0.005561
v -0.136288 -0.151281 0.005663
v -0.110325 -0.167160 0.005308
v -0.144339 -0.111473 0.005663
v -0.160608 -0.161862 0.005978
v -0.140465 -0.179494 0.005827
v -0.166439 -0.194030 0.006129
v -0.152113 -0.208626 0.005980
v -0.168424 -0.224074 0.006205
v -0.212640 -0.214617 0.006458
v -0.189957 -0.192346 0.006244
v -0.223269 -0.200716 0.006388
v -0.246494 -0.224321 0.006172
v -0.221162 -0.237857 0.006189
v -0.231492 -0.252220 0.006048
v -0.197301 -0.244016 0.006140
v -0.249356 -0.261546 0.005999
v -0.267092 -0.228098 0.006071
v -0.272760 -0.203074 0.006154
v -0.306729 -0.186044 0.006076
v -0.288464 -0.174242 0.006118
v -0.250663 -0.182567 0.006169
v -0.205225 -0.179028 0.006193
v -0.237976 -0.154605 0.006148
v -0.213340 -0.160320 0.006123
v -0.185247 -0.153084 0.006060
v -0.167343 -0.127843 0.005912
v -0.200229 -0.132338 0.006107
v -0.222265 -0.140481 0.006172
v -0.220925 -0.119538 0.006140
v -0.197836 -0.112849 0.006012
v -0.197396 -0.099600 0.006008
v -0.173277 -0.097525 0.005889
v -0.157820 -0.103539 0.005831
v -0.141276 -0.081305 0.005791
v -0.118296 -0.078022 0.005292
v -0.132117 -0.061406 0.005519
v -0.113206 -0.061016 0.005022
v -0.108981 -0.072726 0.004985
v -0.118657 -0.044840 0.004824
v -0.135977 -0.035533 0.005303
v -0.123841 -0.033004 0.004743
v -0.129710 -0.024341 0.004836
v -0.129030 -0.010266 0.004566
v -0.149159 -0.021345 0.005573
v -0.156031 -0.044187 0.005770
v -0.182705 -0.037506 0.005946
v -0.167540 -0.002200 0.005785
v -0.148503 0.010648 0.005569
v -0.166095 0.023807 0.005756
v -0.146186 0.030856 0.005386
v -0.150956 0.044483 0.005526
v -0.175666 0.046112 0.005835
v -0.159299 0.056996 0.005582
v -0.155882 0.080193 0.005377
v -0.151817 0.082162 0.005273
v -0.146721 0.061436 0.005169
v -0.145057 0.115729 0.005240
v -0.151576 0.124383 0.005427
v -0.141911 0.132999 0.005083
v -0.149646 0.143292 0.005467
v -0.148627 0.157616 0.005569
v -0.129920 0.166636 0.004686
v -0.128702 0.145170 0.004479
v -0.132299 0.126334 0.004429
v -0.132229 0.113385 0.004300
v -0.142133 0.084500 0.004718
v -0.148618 0.176166 0.005495
v -0.134176 0.194439 0.004701
v -0.146676 0.199716 0.005366
v -0.135454 0.210313 0.004769
v -0.174239 0.083338 0.005604
v -0.175768 0.109420 0.005660
v -0.182095 0.128244 0.005682
v -0.178243 0.149037 0.005634
v -0.190126 0.166105 0.005709
v -0.171834 0.173409 0.005610
v -0.168902 0.196620 0.005543
v -0.165365 0.216829 0.005549
v -0.143266 0.229369 0.005467
v -0.156421 0.241682 0.005506
v -0.141006 0.251038 0.005250
v -0.140007 0.231620 0.005433
v -0.141466 0.263457 0.005064
v -0.163590 0.258640 0.005357
v -0.184412 0.233838 0.005554
v -0.199682 0.245288 0.005575
v -0.198234 0.265230 0.005496
v -0.227310 0.269316 0.005528
v -0.203843 0.275672 0.005336
v -0.182596 0.274571 0.005097
v -0.157936 0.271739 0.005049
v -0.142474 0.269861 0.004819
v -0.226395 0.249368 0.005602
v -0.214915 0.236056 0.005593
v -0.193341 0.210271 0.005663
v -0.225459 0.220718 0.005705
v -0.247233 0.237983 0.005687
v -0.252986 0.223987 0.005739
v -0.243644 0.197226 0.005761
v -0.210806 0.214221 0.005623
v -0.211400 0.204425 0.005701
v -0.217721 0.185130 0.005748
v -0.227188 0.161824 0.005733
v -0.226672 0.145283 0.005713
v -0.269849 0.138283 0.005736
v -0.249130 0.170388 0.005747
v -0.285502 0.165001 0.005755
v -0.286223 0.197387 0.005761
v -0.259108 0.205364 0.005728
v -0.285672 0.224836 0.005711
v -0.283567 0.243183 0.005654
v -0.289893 0.186461 0.005804
v -0.290851 0.210993 0.005876
v -0.291640 0.245130 0.005803
v -0.287410 0.274660 0.005282
v -0.283323 0.127292 0.005803
v -0.264950 0.104369 0.005659
v -0.239647 0.124921 0.005715
v -0.250995 0.100163 0.005694
v -0.226416 0.110938 0.005752
v -0.228263 0.090997 0.005813
v -0.206916 0.091599 0.005758
v -0.197548 0.067100 0.005772
v -0.228885 0.059825 0.005888
v -0.206569 0.039465 0.006001
v -0.231993 0.030084 0.006106
v -0.229749 0.016739 0.006184
v -0.188831 0.034590 0.005950
v -0.192412 0.016366 0.006019
v -0.198892 -0.000461 0.006054
v -0.216479 -0.006090 0.006165
v -0.210852 -0.026106 0.006145
v -0.212426 -0.048007 0.006280
v -0.238831 -0.024793 0.006293
v -0.270941 -0.037822 0.006573
v -0.238942 -0.056149 0.006326
v -0.200174 -0.071789 0.006057
v -0.227858 -0.087013 0.006145
v -0.258601 -0.081689 0.006312
v -0.253137 -0.119109 0.006221
v -0.268188 -0.100626 0.006255
v -0.276197 -0.115647 0.006210
v -0.280294 -0.146954 0.006124
v -0.261332 -0.143944 0.006123
v -0.257453 -0.163956 0.006083
v -0.268628 -0.168279 0.006101
v -0.297621 -0.142158 0.006076
v -0.291047 -0.104143 0.006128
v -0.312561 -0.106458 0.006069
v -0.315938 -0.144075 0.006116
v -0.310870 -0.163301 0.006101
v -0.337279 -0.156349 0.006123
v -0.356327 -0.168235 0.006040
v -0.342271 -0.181902 0.006002
v -0.335313 -0.197272 0.005753
v -0.328603 -0.221385 0.005438
v -0.353440 -0.208907 0.005473
v -0.378343 -0.219406 0.005324
v -0.383165 -0.201714 0.005419
v -0.396506 -0.235360 0.005243
v -0.407837 -0.198690 0.005409
v -0.417028 -0.211101 0.005210
v -0.427196 -0.198388 0.005186
v -0.438227 -0.210373 0.004984
v -0.422630 -0.230891 0.005148
v -0.368687 -0.184896 0.005872
v -0.415552 -0.184346 0.005671
v -0.429194 -0.171109 0.005629
v -0.423260 -0.165592 0.005862
v -0.395756 -0.169563 0.005876
v -0.407011 -0.133148 0.005935
v -0.384330 -0.143234 0.005991
v -0.385834 -0.109665 0.005962
v -0.362589 -0.122343 0.006039
v -0.346316 -0.134157 0.006154
v -0.324749 -0.126977 0.006157
v -0.336898 -0.110316 0.006118
v -0.353223 -0.096641 0.006035
v -0.327786 -0.079506 0.006152
v -0.307596 -0.088821 0.006072
v -0.303717 -0.071305 0.006175
v -0.280581 -0.073958 0.006295
v -0.293052 -0.038826 0.006435
v -0.278023 -0.031715 0.006525
v -0.271325 0.001419 0.006283
v -0.247488 -0.010564 0.006292
v -0.291512 -0.008598 0.006130
v -0.274591 0.017334 0.006235
v -0.256071 0.042384 0.006058
v -0.243875 0.035592 0.006061
v -0.254669 0.064064 0.005850
v -0.244546 0.082667 0.005742
v -0.264745 0.073450 0.005686
v -0.286326 0.061548 0.005865
v -0.282493 0.078527 0.005656
v -0.279430 0.038643 0.006194
v -0.292538 0.035763 0.006160
v -0.292631 0.005966 0.006038
v -0.331985 -0.056602 0.006553
v -0.329574 -0.039994 0.006785
v -0.382219 -0.062423 0.006141
v -0.361714 -0.080443 0.006063
v -0.405849 -0.087948 0.005957
v -0.413607 -0.069494 0.006013
v -0.431287 -0.036747 0.006137
v -0.370596 -0.040388 0.006356
v -0.408133 -0.018719 0.006228
v -0.376334 0.002144 0.006334
v -0.348777 -0.012965 0.006481
v -0.354937 -0.039318 0.006542
v -0.328344 -0.011748 0.006591
v -0.311895 -0.019894 0.006511
v -0.327039 0.002694 0.006442
v -0.318893 0.016825 0.006259
v -0.305054 0.039772 0.006244
v -0.299488 0.067701 0.005973
v -0.294364 0.099889 0.005852
v -0.308842 0.110347 0.005804
v -0.297944 0.139087 0.005983
v -0.313655 0.132194 0.005831
v -0.311889 0.159023 0.005752
v -0.298922 0.164397 0.005795
v -0.288540 0.151990 0.005864
v -0.293742 0.182723 0.005727
v -0.300627 0.184720 0.005772
v -0.302629 0.205437 0.005904
v -0.297776 0.222621 0.006128
v -0.308218 0.185563 0.005650
v -0.306067 0.205092 0.005429
v -0.330043 0.173997 0.005815
v -0.334331 0.154648 0.005818
v -0.350505 0.213239 0.005846
v -0.326249 0.194221 0.005777
v -0.325750 0.236342 0.005844
v -0.313087 0.196178 0.005612
v -0.314432 0.243103 0.005706
v -0.352390 0.251091 0.005826
v -0.345712 0.270561 0.005783
v -0.321816 0.283374 0.005573
v -0.371589 0.282373 0.005853
v -0.397970 0.264737 0.005868
v -0.390129 0.225161 0.005846
v -0.418526 0.237607 0.005849
v -0.423962 0.211191 0.005843
v -0.382573 0.206619 0.005819
v -0.387397 0.193616 0.005831
v -0.382001 0.149117 0.005854
v -0.417166 0.167628 0.005839
v -0.424184 0.110248 0.005869
v -0.382874 0.101005 0.005831
v -0.410413 0.084545 0.005859
v -0.367473 0.080847 0.005817
v -0.355342 0.095167 0.005778
v -0.333875 0.077454 0.005818
v -0.350949 0.059080 0.005945
v -0.320701 0.040977 0.006199
v -0.313134 0.082083 0.005792
v -0.336453 0.095974 0.005791
v -0.326118 0.119894 0.005830
v -0.355680 0.117802 0.005826
v -0.347268 0.037621 0.006322
v -0.362606 0.041155 0.006387
v -0.375809 0.056987 0.006060
v -0.407697 0.073423 0.005904
v -0.431159 0.059550 0.006054
v -0.405853 0.040331 0.006314
v -0.418198 0.039443 0.006397
v -0.431838 0.042516 0.006382
v -0.438978 0.076383 0.005902
v -0.434045 0.123857 0.005884
v -0.438886 0.143548 0.005957
v -0.441320 0.159026 0.005817
v -0.435917 0.188251 0.005875
v -0.455033 0.198513 0.005948
v -0.442743 0.173983 0.005781
v -0.441702 0.233705 0.005824
v -0.465184 0.220495 0.005919
v -0.448837 0.250653 0.005842
v -0.425194 0.261089 0.005838
v -0.458371 0.283738 0.005929
v -0.418454 0.284583 0.005838
v -0.473142 0.263860 0.005834
v -0.484755 0.282885 0.005889
v -0.483130 0.237340 0.005851
v -0.467846 0.243975 0.005861
v -0.473683 0.226225 0.005816
v -0.334676 0.028641 0.006269
v -0.352677 0.014508 0.006384
v -0.408258 0.003062 0.006316
v -0.419013 0.008769 0.006425
v -0.431957 0.015873 0.006441
v -0.432381 -0.012394 0.006169
v -0.432388 -0.077046 0.005905
v -0.424057 -0.111280 0.005927
v -0.434957 -0.152554 0.005854
v -0.439257 -0.165529 0.005774
v -0.439323 -0.141306 0.005800
v -0.438904 -0.081636 0.005920
v -0.438606 -0.045159 0.006251
v -0.439148 -0.135834 0.005840
v -0.176292 -0.058014 0.005940
v -0.189663 0.102243 0.005720
v -0.209055 0.126665 0.005748
v -0.196411 0.140336 0.005703
v -0.291565 0.112803 0.005801
v -0.244745 0.265500 0.005637
v -0.275390 0.266875 0.005573
v -0.260835 0.272635 0.005534
v -0.250996 0.280819 0.005315
v -0.207543 0.280641 0.005166
v -0.284165 0.282754 0.005123
v -0.305088 -0.225430 0.005863
v -0.135946 -0.211706 0.005754
v -0.094160 -0.228704 0.004383
v -0.113060 -0.221876 0.005143
v -0.095063 -0.203325 0.004466
v -0.106441 -0.250143 0.005078
v -0.144193 -0.240511 0.005741
v -0.204679 -0.268173 0.006030
v -0.277741 -0.266284 0.006054
v -0.290656 -0.242466 0.005989
v -0.316661 -0.224158 0.005584
v -0.353800 -0.243148 0.005368
v -0.401247 -0.262904 0.005167
v -0.445829 -0.239687 0.005187
v -0.437303 -0.267041 0.005236
v -0.414811 -0.266756 0.005144
v -0.376456 -0.263754 0.005297
v -0.325085 -0.265406 0.005561
v -0.309208 -0.263641 0.005842
v -0.292692 -0.277823 0.005818
v -0.271969 -0.279986 0.005832
v -0.237732 -0.280938 0.005794
v -0.216943 -0.284674 0.005815
v -0.204285 -0.284340 0.005800
v -0.183367 -0.266743 0.005876
v -0.172595 -0.284452 0.005268
v -0.158984 -0.263789 0.005782
v -0.139431 -0.284512 0.004852
v -0.138976 -0.265033 0.005460
v -0.124554 -0.266170 0.005313
v -0.123000 -0.244557 0.005359
v -0.062791 -0.257144 0.003473
v -0.118350 -0.195075 0.005285
v -0.438743 -0.010324 0.006355
v -0.438918 0.011665 0.006597
v -0.438969 0.042760 0.006543
v -0.113074 0.167011 0.003186
v -0.119626 0.184591 0.003500
v -0.125653 0.204317 0.003824
v -0.124414 0.100418 0.003064
v -0.125544 0.122503 0.003695
v -0.116596 0.213919 0.003125
v -0.141969 0.076143 0.004667
v -0.129357 0.012526 0.004641
v -0.130445 0.043979 0.004207
v -0.140240 0.059932 0.004779
v -0.144040 -0.009786 0.005436
v -0.137767 0.013200 0.005230
v -0.140125 0.043831 0.005056
v -0.366922 0.283749 0.005794
v -0.455814 0.183442 0.006035
v -0.450200 0.170614 0.005984
v -0.448383 -0.254100 0.005121
v -0.453227 -0.269929 0.005079
v -0.467607 0.215172 0.006082
v -0.462125 0.196954 0.006217
v -0.312738 0.264231 0.005493
v -0.309790 0.278840 0.005577
v -0.308477 0.246722 0.005778
v -0.308885 0.222922 0.005754
v -0.308147 0.206453 0.005741
v -0.309011 0.263254 0.005679
v -0.434847 -0.194457 0.004986
v -0.317640 -0.278029 0.005380
v -0.302241 -0.285146 0.005433
v -0.327087 -0.284926 0.005010
v -0.452006 -0.280003 0.004802
v -0.441319 -0.284375 0.004793
v -0.417343 -0.278029 0.004885
v -0.392266 -0.283585 0.004829
v -0.424764 -0.284838 0.004638
v -0.371586 -0.277616 0.004964
v -0.372086 -0.285172 0.004634
v -0.453903 -0.210634 0.004649
v -0.447585 -0.200161 0.004539
v -0.458000 -0.235549 0.004849
v -0.473870 -0.209974 0.003704
v -0.476800 -0.240762 0.003979
v -0.492299 -0.222261 0.002740
v -0.471630 -0.261655 0.004287
v -0.460671 -0.268109 0.004822
v -0.291761 0.258062 0.005519
v -0.095806 -0.062800 0.004042
v -0.079502 -0.072783 0.003731
v -0.108173 -0.049307 0.004480
v -0.066626 -0.082438 0.002911
v -0.224518 -0.284909 0.005676
v -0.273697 -0.285147 0.005637
v -0.298022 0.242055 0.006048
v -0.297366 0.261244 0.006031
v -0.302243 0.250007 0.005995
v -0.300905 0.269164 0.005951
v -0.298152 0.270412 0.005967
v -0.298329 0.284527 0.006029
v -0.301073 0.284537 0.006007
v -0.314593 0.284229 0.005687
v -0.309837 0.285269 0.005573
v -0.485449 0.265093 0.005814
v -0.492184 0.278189 0.005862
v -0.499703 0.260252 0.005978
v -0.487949 0.241744 0.005771
v -0.499688 0.270071 0.005854
v -0.182935 0.280626 0.004613
v -0.157188 0.279798 0.004578
v -0.140624 0.273015 0.004579
v -0.444906 -0.194002 0.004474
v -0.474925 -0.201976 0.003301
v -0.462704 -0.198388 0.003638
v -0.441557 -0.186397 0.004564
v -0.468077 -0.275756 0.004351
v -0.462293 -0.285067 0.004268
v -0.474475 -0.269420 0.004232
v -0.474579 -0.285110 0.003981
v -0.135379 0.254702 0.004825
v -0.127087 0.246860 0.004693
v -0.129369 0.228779 0.004741
v -0.118275 0.251742 0.003656
v -0.482223 -0.269668 0.003782
v -0.492318 -0.257167 0.003034
v -0.492118 -0.242847 0.002860
v -0.491300 -0.286035 0.003383
v -0.492084 -0.271627 0.003523
v -0.495944 -0.283637 0.003185
v -0.495636 -0.288552 0.003467
v -0.488879 -0.292021 0.003160
v -0.478961 -0.290128 0.003315
v -0.434990 -0.178058 0.005179
v -0.439888 -0.171077 0.005196
v -0.293292 0.271950 0.005000
v -0.294024 0.280520 0.004839
v 0.338589 0.262782 0.000551
v -0.492898 -0.292058 0.003437
v 0.326974 0.273477 0.000013
v -0.491206 -0.212090 0.002507
v -0.487294 -0.202639 0.002449
v -0.462945 -0.187967 0.002977
v -0.465181 -0.192496 0.003033
v -0.475747 -0.188068 0.002361
v -0.482621 -0.193559 0.002252
v 0.449894 -0.285530 0.007675
v 0.407944 0.131678 0.002537
v 0.410105 0.125767 0.002373
v -0.137240 0.266033 0.004512
v -0.128288 0.258114 0.003914
v 0.125559 -0.298896 0.008301
v 0.162211 -0.300025 0.008756
v 0.168518 -0.298771 0.008578
v 0.439770 0.273666 0.000322
v 0.440780 0.276607 0.000245
v 0.447101 0.268353 0.000031
v 0.368328 0.237830 0.000965
v 0.056861 0.304435 0.000632
v -0.206696 0.283376 0.004902
v -0.248016 0.283493 0.005031
v -0.265094 0.285074 0.005152
v -0.227178 0.285084 0.005044
v -0.207263 0.285312 0.004991
v -0.285304 0.285214 0.005116
v -0.182199 0.283530 0.004172
v -0.178929 0.285499 0.004142
v -0.159603 0.283504 0.004136
v -0.151460 0.285174 0.004081
v -0.147917 0.282737 0.003862
v -0.288499 0.281682 0.005508
v -0.288367 0.284181 0.005369
v -0.480678 0.285814 0.006118
v -0.443504 0.285614 0.006084
v 0.499184 0.202952 0.002676
v 0.499839 0.211855 0.001948
v -0.123875 0.253598 0.004064
v 0.182669 0.286035 -0.001886
v 0.175461 0.272763 -0.001414
v 0.172562 0.281768 -0.002142
v 0.165647 0.270451 -0.001338
v 0.163764 0.261032 -0.000920
v 0.154536 0.267751 -0.001503
v 0.149482 0.260150 -0.000888
v 0.137136 0.269259 -0.001099
v 0.419896 0.053445 0.003330
v 0.311197 -0.255650 0.006738
v 0.315269 -0.262469 0.006726
v -0.134670 0.266269 0.004711
v 0.118757 0.272709 0.000132
v -0.391433 -0.289037 0.004362
v -0.372559 -0.289324 0.004235
v -0.441006 -0.288774 0.004256
v -0.462368 -0.288947 0.003738
v -0.165487 -0.289156 0.004741
v -0.274867 -0.289085 0.005286
v -0.248981 -0.289678 0.005097
v -0.302115 -0.288937 0.005090
v -0.207363 -0.288462 0.005284
v -0.083105 -0.298725 0.002967
v -0.107118 -0.298733 0.003297
v -0.440382 -0.160870 0.005887
v -0.441031 -0.167178 0.005621
v 0.318836 -0.261318 0.005556
v 0.232622 0.298107 -0.001941
v 0.279080 0.298357 -0.002027
v -0.110548 0.260487 0.001988
v -0.098486 0.263576 0.001924
v 0.009462 0.304378 0.000918
v 0.499906 -0.268264 0.006971
v 0.450089 0.259774 0.000703
v 0.153323 0.272340 -0.001998
v 0.154043 0.278904 -0.002299
v 0.156324 0.280629 -0.002265
v 0.166658 0.282557 -0.002212
v 0.147171 0.277109 -0.002133
v 0.174341 0.285174 -0.002341
v 0.177731 0.287393 -0.002427
v 0.143391 0.274101 -0.001665
v 0.128670 0.274765 -0.001272
v 0.274105 -0.285455 0.008257
v 0.285388 -0.287243 0.008522
v 0.344726 -0.269980 0.004239
v -0.496090 -0.271106 0.003133
v 0.418709 0.147892 0.002905
v 0.412943 0.142627 0.002773
v 0.468727 0.235007 0.000192
v 0.481042 0.228213 0.000126
v 0.462319 0.241732 0.000360
v 0.353720 0.257289 0.000916
v 0.346963 0.254709 0.000546
v 0.349272 0.258409 0.000575
v 0.344874 0.262037 0.000109
v 0.340799 0.266860 -0.000106
v 0.356036 0.249120 0.000989
v 0.360529 0.242561 0.001124
v 0.393057 -0.288978 0.006369
v -0.324434 -0.288819 0.004596
v -0.124590 -0.289257 0.004409
v -0.141134 -0.288916 0.004398
v -0.054193 0.281090 0.001715
v 0.495122 -0.175109 0.006336
v 0.355166 0.238133 0.000316
v 0.083945 0.292786 0.000403
v -0.021249 -0.301472 0.004364
v 0.350868 0.243644 0.000221
v 0.499517 -0.180364 0.006844
v 0.453552 0.179295 0.002553
v -0.499288 0.252987 0.006372
v -0.495777 0.247369 0.006267
v -0.028720 0.288714 0.001401
v -0.020554 0.293088 0.000818
v 0.320464 0.279861 -0.000230
v 0.314183 0.283265 -0.000376
v -0.083078 -0.300449 0.003193
v -0.115636 -0.300346 0.003576
v 0.333874 -0.254497 0.004317
v 0.326832 -0.258917 0.004385
v 0.322569 -0.262208 0.004715
v 0.237290 -0.286134 0.009239
v 0.308621 -0.274505 0.009427
v 0.303049 -0.283219 0.009524
v 0.457529 0.249445 0.000507
v 0.455815 0.258241 0.000075
v 0.488611 0.222391 0.000428
v 0.493616 0.221066 0.000373
v 0.498431 0.213984 0.001350
v -0.440450 -0.178006 0.004469
v 0.446202 0.174255 0.002710
v -0.030082 -0.301130 0.004108
v 0.462943 0.183779 0.002368
v 0.078226 -0.301273 0.007572
v 0.100630 -0.301424 0.008169
v -0.141957 0.277959 0.004531
v -0.305276 0.239959 0.005470
v -0.307786 0.222575 0.005518
v -0.307566 0.246515 0.005448
v -0.307698 0.264231 0.005188
v -0.304296 0.269635 0.004976
v -0.307550 0.274426 0.004830
v -0.304485 0.285746 0.005098
v -0.307740 0.285596 0.005029
v 0.335789 0.274648 -0.001115
v -0.495367 -0.214424 0.002019
v 0.015165 -0.302949 0.005614
v 0.338033 0.275735 -0.000845
v 0.334697 0.279728 -0.001243
v 0.325126 0.286445 -0.001801
v 0.327074 0.281702 -0.001453
v 0.317281 0.289290 -0.002099
v 0.332728 0.274049 -0.000829
v 0.499790 0.221439 0.000196
v -0.496060 -0.257531 0.002531
v -0.496077 -0.240384 0.002180
v -0.116496 0.259305 0.002442
v 0.311650 -0.274108 0.009463
v 0.313642 -0.276928 0.009833
v 0.257178 0.305261 -0.003093
v -0.045411 0.285394 0.001200
v -0.443484 -0.183194 0.004180
v -0.460253 -0.183715 0.002557
v -0.468705 -0.183495 0.001812
v 0.192140 0.294407 -0.002600
v -0.131716 0.262362 0.004396
v -0.125813 0.260087 0.003959
v -0.142406 -0.295393 0.003258
v -0.183590 -0.297123 0.003471
v -0.125387 -0.298646 0.003181
v -0.171102 -0.298604 0.003243
v -0.142873 -0.298671 0.002906
v 0.039831 0.308571 0.000247
v 0.436889 0.166957 0.003109
v 0.441447 0.170095 0.003266
v 0.091405 0.288536 0.000265
v 0.300774 0.295352 -0.001989
v 0.312272 0.295799 -0.002672
v 0.304877 0.298600 -0.002520
v 0.322488 0.288458 -0.002173
v 0.293531 0.299322 -0.002590
v 0.288860 0.302046 -0.003020
v 0.297721 0.301221 -0.002652
v 0.282447 0.304954 -0.003137
v 0.260474 0.307731 -0.003103
v 0.232126 0.305070 -0.003259
v 0.296182 0.302985 -0.002586
v 0.236220 0.303127 -0.002984
v 0.220025 0.302018 -0.003406
v 0.215115 0.302904 -0.003454
v 0.280628 0.306853 -0.002946
v 0.234681 0.306768 -0.003075
v -0.465329 0.198216 0.006635
v -0.478708 -0.292916 0.002897
v -0.467507 -0.292944 0.002835
v -0.478748 -0.296883 0.002987
v -0.466048 -0.296163 0.002734
v -0.486302 -0.295827 0.003285
v -0.444993 -0.292883 0.003497
v -0.449285 -0.296223 0.003173
v -0.423137 -0.295815 0.003324
v -0.399784 -0.293010 0.003703
v -0.374815 -0.292675 0.003698
v -0.329498 -0.293164 0.003828
v -0.356109 -0.295719 0.003566
v -0.381566 -0.296159 0.003353
v -0.385982 -0.298376 0.003538
v -0.363849 -0.299092 0.003974
v -0.326101 -0.298268 0.003532
v -0.329363 -0.295954 0.003487
v -0.314315 -0.295435 0.003731
v -0.283699 -0.298290 0.003515
v -0.303769 -0.299459 0.003672
v -0.255117 -0.298187 0.003396
v -0.429101 -0.298150 0.003636
v -0.464729 -0.298609 0.003083
v -0.243490 -0.299461 0.003536
v -0.234105 -0.298261 0.003515
v -0.195427 -0.299836 0.003295
v -0.200021 -0.298504 0.003237
v -0.147508 -0.299962 0.003272
v -0.280136 -0.292834 0.004666
v -0.229412 -0.293930 0.004187
v 0.456012 0.271646 -0.001490
v 0.459729 0.264032 -0.001354
v 0.463199 0.267226 -0.002069
v 0.461758 0.273863 -0.002042
v 0.455998 0.274908 -0.001415
v 0.467594 0.265247 -0.002609
v 0.467119 0.253978 -0.001775
v 0.472620 0.247227 -0.002019
v 0.480667 0.243553 -0.001997
v 0.478703 0.240389 -0.001649
v 0.483267 0.236646 -0.001582
v 0.489536 0.234819 -0.001907
v 0.485990 0.238691 -0.001175
v 0.121802 0.275966 -0.000834
v 0.121509 0.279476 -0.001073
v 0.128950 0.276855 -0.001057
v 0.139839 0.276492 -0.001079
v 0.119039 0.279004 -0.001305
v 0.146059 0.277588 -0.001448
v 0.364525 -0.288718 0.004916
v -0.497580 0.276590 0.006314
v 0.359998 -0.284555 0.004595
v 0.357146 -0.278142 0.004875
v -0.489241 -0.196788 0.001649
v -0.058451 -0.300720 0.003447
v -0.493300 -0.205731 0.001767
v 0.340638 -0.273459 0.003401
v 0.345903 -0.278529 0.003528
v 0.353158 -0.278105 0.004120
v 0.361150 0.233300 -0.000178
v -0.480287 0.230332 0.006241
v -0.486099 0.237497 0.006209
v -0.442441 -0.170231 0.004917
v -0.466971 0.287562 0.006403
v 0.063733 0.304235 0.000265
v 0.492622 -0.133877 0.006179
v 0.363464 0.236641 -0.000102
v 0.215752 0.299652 -0.002887
v 0.207476 0.300034 -0.002956
v 0.205280 0.298534 -0.003019
v 0.198333 0.296748 -0.003073
v 0.098578 0.284358 0.000092
v -0.499582 -0.256170 0.003125
v -0.499460 -0.240501 0.002481
v -0.499370 -0.279286 0.003937
v 0.486546 -0.110191 0.006102
v 0.426537 0.145007 0.004265
v 0.256614 -0.284447 0.008831
v 0.407752 -0.288927 0.007154
v -0.477271 0.226543 0.006325
v -0.490451 -0.295463 0.003868
v 0.430911 -0.286165 0.006797
v 0.429442 -0.287650 0.007055
v 0.437329 -0.285547 0.006791
v 0.333841 -0.259265 0.003614
v 0.422433 0.139598 0.004560
v 0.430334 0.136385 0.005281
v 0.428746 0.130647 0.005628
v 0.431439 0.127569 0.005805
v 0.419744 0.135282 0.004609
v 0.419051 0.130982 0.004738
v 0.419385 0.125911 0.004299
v 0.425510 0.126164 0.005125
v 0.431625 0.120790 0.005324
v 0.434132 0.124642 0.005661
v 0.431856 0.137370 0.005602
v -0.485881 -0.189923 0.001315
v -0.478248 -0.184836 0.001528
v 0.078950 0.298712 -0.000367
v 0.083445 0.296930 -0.000548
v 0.027238 0.308543 0.000181
v 0.426210 0.040239 0.003759
v 0.495377 0.227696 -0.001440
v 0.441799 0.002115 0.004457
v -0.293680 0.284425 0.004378
v 0.127495 -0.301113 0.008793
v -0.418021 0.287210 0.006440
v -0.402182 0.287136 0.006534
v -0.399823 0.285607 0.006179
v -0.358535 0.285153 0.006038
v 0.331175 0.284198 -0.001198
v 0.412771 0.116903 0.000543
v 0.106248 0.280549 -0.000078
v 0.175256 -0.299264 0.009156
v -0.468382 -0.299911 0.003433
v 0.055656 0.308084 -0.000348
v 0.088523 0.294031 -0.000599
v -0.455056 -0.176439 0.001702
v -0.448049 -0.175967 0.002606
v -0.452414 -0.172761 0.002460
v -0.446637 -0.172551 0.003219
v 0.353980 0.242496 -0.000419
v 0.356397 0.240444 -0.000960
v -0.017724 0.296315 0.000239
v -0.138706 0.272708 0.004959
v 0.338493 -0.282796 0.001782
v 0.113881 0.280612 -0.001177
v -0.489983 0.241510 0.006151
v 0.499664 0.224301 -0.000456
v 0.424734 0.118626 0.003877
v 0.426005 0.115109 0.004175
v -0.293020 0.286214 0.004910
v 0.496832 0.229873 -0.000933
v 0.114636 0.282047 -0.000832
v 0.106816 0.285540 -0.001015
v 0.104580 0.284821 -0.001281
v 0.017521 0.308442 -0.000201
v 0.105158 0.287505 -0.000661
v 0.450605 -0.060561 0.005392
v 0.318501 0.291803 -0.002291
v -0.117004 0.260554 0.002880
v -0.109727 0.262743 0.001789
v 0.002248 0.304149 0.000175
v 0.098539 0.289665 -0.000928
v 0.094785 0.290232 -0.000935
v 0.091446 0.293002 -0.000502
v 0.320329 -0.266558 0.005495
v 0.500213 -0.272124 0.007471
v 0.214962 -0.290703 0.009268
v 0.418508 0.117193 0.002344
v 0.350185 -0.286241 0.002036
v 0.345750 -0.286228 0.001725
v -0.460694 -0.176954 0.001040
v -0.456677 -0.173761 0.001213
v -0.461674 -0.173734 0.000919
v -0.465547 -0.176317 0.000388
v -0.464987 -0.179790 0.000875
v -0.474343 -0.180950 -0.000185
v -0.492307 0.280420 0.006347
v 0.068673 0.305210 -0.000798
v 0.422536 0.051956 0.003830
v 0.354260 -0.286168 0.002667
v -0.496564 -0.207540 0.001129
v 0.469527 -0.100374 0.005944
v 0.475605 -0.103764 0.006087
v 0.438192 0.008944 0.004587
v 0.436042 0.015049 0.004733
v 0.433866 0.017378 0.004343
v 0.315863 -0.276510 0.008978
v -0.019527 -0.302715 0.004762
v 0.455155 -0.049563 0.005131
v 0.489607 -0.283431 0.007856
v 0.310960 -0.288037 0.011277
v 0.311436 -0.284664 0.011456
v 0.316049 -0.288411 0.011649
v 0.307021 -0.280482 0.010258
v 0.311615 -0.279910 0.010833
v 0.316710 -0.284376 0.010414
v 0.417369 0.115220 0.001903
v -0.383591 -0.299274 0.003818
v -0.498794 -0.287168 0.004226
v 0.420462 0.058857 0.004069
v -0.007451 0.300311 0.000369
v 0.430073 0.157240 0.003547
v 0.490718 -0.121181 0.006414
v -0.069328 0.275427 0.002655
v -0.071653 0.274008 0.002462
v -0.082323 0.271126 0.002421
v 0.432027 0.023490 0.004632
v 0.427958 0.038184 0.004159
v -0.145992 0.283603 0.004462
v 0.077673 -0.303036 0.008093
v 0.098713 -0.302932 0.008578
v 0.050756 -0.303091 0.006412
v -0.495060 -0.197547 0.000215
v -0.498620 -0.203553 0.000951
v -0.498537 -0.229173 0.001329
v -0.497935 -0.237776 0.001435
v -0.492242 -0.198385 0.000630
v -0.491386 -0.193129 -0.000342
v 0.448473 -0.074069 0.005726
v 0.449823 -0.083190 0.005549
v 0.336381 -0.265775 0.003079
v 0.498826 -0.277855 0.008011
v -0.484048 -0.299616 0.004227
v -0.486979 -0.298022 0.004177
v 0.331620 -0.264143 0.002293
v 0.333465 -0.264513 0.002343
v 0.330871 -0.275030 -0.000393
v 0.332924 -0.273993 0.000031
v 0.333529 -0.280214 -0.001224
v 0.333874 -0.283896 -0.001492
v -0.440174 0.078981 0.006274
v 0.337482 -0.277326 0.002057
v 0.430099 0.025467 0.004181
v -0.428478 -0.299369 0.004057
v 0.327730 -0.267053 0.002249
v 0.360406 -0.290256 0.003581
v 0.494267 -0.281314 0.008022
v -0.038558 0.289385 0.000227
v 0.358189 0.238146 -0.001002
v 0.360340 0.237627 -0.001196
v 0.423839 0.050495 0.004244
v -0.296556 0.285833 0.005193
v 0.493798 -0.170218 0.006746
v 0.490438 -0.164322 0.006453
v 0.487987 -0.161622 0.006116
v -0.440193 -0.046943 0.006795
v -0.440248 -0.083516 0.006334
v -0.439958 -0.138005 0.006268
v 0.336152 -0.285636 -0.000932
v 0.060722 0.310010 -0.001759
v 0.433960 0.163091 0.003338
v -0.440321 0.037104 0.007173
v -0.440265 -0.009519 0.006910
v 0.499163 0.216750 0.001471
v 0.459663 0.181316 0.002738
v -0.483460 -0.186301 0.000794
v -0.474089 0.219955 0.006892
v 0.454787 -0.091830 0.005869
v 0.328086 -0.271250 0.001240
v -0.468975 0.212882 0.006770
v -0.471582 0.215957 0.007141
v 0.347687 -0.295321 -0.001371
v 0.340761 -0.292894 -0.001697
v 0.343216 -0.297587 -0.002262
v 0.348268 -0.298137 -0.001103
v 0.351530 -0.296401 -0.000537
v 0.338131 -0.292641 -0.002030
v 0.339800 -0.296842 -0.002235
v 0.341805 -0.300755 -0.001483
v 0.346366 -0.300188 -0.000925
v 0.353154 -0.291059 0.001020
v 0.359530 -0.292627 0.002960
v 0.353360 -0.294055 0.001274
v -0.487433 0.283527 0.006569
v 0.482112 0.244741 -0.001315
v 0.238752 -0.287016 0.009701
v -0.470480 -0.177645 0.000513
v -0.302474 0.286156 0.006603
v -0.297680 0.286090 0.006632
v -0.467993 -0.175779 0.000907
v -0.106947 0.264401 0.000779
v -0.104490 0.262658 0.001595
v -0.312442 0.285189 0.006065
v -0.013678 0.302170 -0.001628
v -0.466905 0.199149 0.007176
v 0.316509 -0.291894 0.013088
v -0.478504 -0.181624 0.000137
v -0.478341 -0.183358 0.000416
v -0.483150 -0.184647 -0.000297
v -0.488167 -0.189987 -0.000035
v -0.486073 -0.186100 0.000308
v -0.488890 -0.188093 0.000588
v -0.032437 0.292190 -0.000511
v -0.035448 0.291576 -0.000066
v -0.028478 0.295273 -0.001494
v -0.024658 0.297120 -0.002055
v 0.439921 0.007565 0.004920
v 0.340721 -0.286975 0.000503
v -0.479103 0.287305 0.006691
v 0.359686 0.239546 -0.000725
v -0.499373 0.274417 0.006576
v 0.008396 0.308195 -0.000866
v 0.033958 0.311600 -0.001168
v 0.073566 0.303002 -0.000278
v 0.046740 0.311292 -0.001350
v 0.454326 0.276029 -0.000821
v -0.003569 0.304372 -0.001056
v -0.449265 -0.171186 0.003625
v 0.429271 0.143447 0.005262
v 0.428379 0.149632 0.004636
v 0.148234 -0.302871 0.009903
v -0.021946 0.298398 -0.001643
v 0.062911 0.309076 -0.001865
v -0.093928 0.267746 0.002148
v 0.451428 -0.084218 0.006211
v 0.434743 0.129907 0.006377
v 0.452076 0.177228 0.003029
v 0.126823 -0.302501 0.009497
v 0.100552 -0.302324 0.009215
v 0.343011 0.265186 0.000297
v 0.444750 0.172172 0.003246
v -0.017783 0.300757 -0.001970
v 0.222153 -0.290716 0.009975
v 0.184447 0.291669 -0.001365
v 0.174520 0.286914 -0.001511
v 0.021106 0.310878 -0.001430
v 0.161882 -0.301669 0.009672
v 0.096601 0.291396 -0.000388
v -0.492286 0.242839 0.006591
v 0.436249 0.127832 0.007146
v -0.004631 0.306170 -0.002473
v 0.211385 -0.292190 0.009844
v -0.010610 0.303706 -0.002400
v 0.452016 -0.087069 0.006543
v 0.435995 0.125137 0.006850
v 0.010182 0.311097 -0.002531
v 0.000121 0.308526 -0.002726
v -0.103579 0.265155 -0.000117
v -0.097933 0.265333 0.000677
v -0.104385 0.266536 -0.000157
v -0.099171 0.267455 -0.000203
v 0.199979 -0.295476 0.010172
v 0.043347 0.313115 -0.002530
v 0.088440 0.295084 0.000052
v 0.154713 0.280321 -0.001616
v 0.483451 -0.106911 0.006169
v 0.335202 -0.287346 -0.002254
v 0.336457 -0.290942 -0.002245
v 0.056883 0.312000 -0.002441
v 0.165721 0.283049 -0.001577
v 0.490369 0.235180 -0.001253
v 0.129387 -0.302976 0.009898
v 0.463455 0.272715 -0.001455
v 0.033896 0.312812 -0.002424
v 0.029878 0.313273 -0.002545
v 0.016180 0.311685 -0.002873
v -0.460260 -0.172993 0.001752
v 0.358772 0.239523 -0.002588
v -0.057866 0.279744 0.002362
v 0.044603 0.314031 -0.001347
v 0.182437 -0.299314 0.010523
v 0.077793 0.300039 0.000033
v -0.043057 0.287248 0.001340
v -0.050895 0.282931 0.002096
v 0.194551 0.295677 -0.002385
v 0.034127 0.314693 -0.000714
v 0.041940 0.314602 -0.000731
v 0.322971 0.288485 -0.001615
v 0.032615 0.314216 -0.001248
v 0.018074 0.312563 -0.001532
v 0.462692 -0.095986 0.006031
v -0.470275 -0.176883 0.001754
v -0.479648 -0.181657 0.001802
v 0.453517 0.179081 0.003213
v 0.282742 0.305262 -0.002352
v 0.359686 0.239546 -0.000725
v 0.358772 0.239523 -0.002588
v 0.356397 0.240444 -0.000960
v -0.463331 0.191303 0.006933
v -0.465498 0.198511 0.007461
v -0.465329 0.198216 0.006635
v -0.466905 0.199149 0.007176
v 0.175801 0.287441 -0.000878
v 0.174520 0.286914 -0.001511
v 0.168530 0.284049 -0.001000
v 0.182643 0.289834 -0.000995
v 0.165721 0.283049 -0.001577
v 0.184447 0.291669 -0.001365
v 0.487987 -0.161622 0.006116
v 0.486975 -0.157835 0.006384
v 0.488223 -0.162470 0.006622
v 0.490438 -0.164322 0.006453
v 0.360910 -0.289802 0.005005
v 0.360406 -0.290256 0.003581
v 0.364525 -0.288718 0.004916
v 0.369296 -0.288017 0.005514
v 0.369959 -0.287857 0.006282
v 0.374473 -0.287927 0.005577
v 0.348644 -0.297938 -0.000046
v 0.351530 -0.296401 -0.000537
v 0.351492 -0.296664 0.000177
v 0.348268 -0.298137 -0.001103
v 0.346366 -0.300188 -0.000925
v 0.353360 -0.294055 0.001274
v 0.350302 -0.293171 0.001985
v 0.359530 -0.292627 0.002960
v 0.344436 -0.297616 0.000577
v 0.347955 -0.292836 0.001989
v 0.343696 -0.293554 0.002240
v 0.341841 -0.295674 0.001779
v 0.350005 -0.291180 0.003143
v 0.357973 -0.288601 0.005134
v 0.351499 -0.285698 0.005692
v 0.347248 -0.287239 0.005418
v 0.345503 -0.291316 0.003812
v 0.359785 -0.292543 0.003693
v 0.361816 -0.287983 0.006239
v 0.341678 -0.291242 0.005045
v 0.344049 -0.289175 0.006295
v 0.340797 -0.300859 0.000898
v 0.340710 -0.294882 0.003384
v 0.336132 -0.296067 0.005793
v 0.338476 -0.300011 0.003681
v 0.338097 -0.301085 0.001687
v 0.334402 -0.299748 0.005855
v 0.303775 0.299055 -0.001903
v 0.304877 0.298600 -0.002520
v 0.297721 0.301221 -0.002652
v 0.312272 0.295799 -0.002672
v 0.297605 0.301767 -0.002107
v 0.296182 0.302985 -0.002586
v 0.496832 0.229873 -0.000933
v 0.490369 0.235180 -0.001253
v 0.493657 0.232581 -0.000667
v 0.488673 0.236600 -0.000460
v 0.489536 0.234819 -0.001907
v 0.485990 0.238691 -0.001175
v -0.091912 0.267372 0.001754
v -0.097363 0.267827 0.000794
v -0.093928 0.267746 0.002148
v -0.099171 0.267455 -0.000203
v -0.105705 0.265595 0.001303
v -0.104385 0.266536 -0.000157
v -0.106947 0.264401 0.000779
v -0.109727 0.262743 0.001789
v 0.375216 0.264403 0.001077
v 0.381942 0.266987 0.000539
v 0.376563 0.265069 0.000406
v 0.372809 0.262842 0.000815
v 0.486841 -0.152682 0.005928
v 0.487965 -0.146207 0.005814
v 0.487106 -0.149805 0.006399
v 0.486975 -0.157835 0.006384
v 0.487987 -0.161622 0.006116
v -0.484048 -0.299616 0.004227
v -0.486896 -0.297840 0.005144
v -0.486979 -0.298022 0.004177
v -0.490664 -0.296907 0.005007
v -0.328728 -0.299120 0.004007
v -0.363849 -0.299092 0.003974
v -0.303769 -0.299459 0.003672
v -0.368535 -0.295608 0.005863
v -0.316738 -0.297375 0.005000
v -0.398569 -0.299237 0.004147
v -0.297135 -0.299442 0.004059
v -0.395489 -0.292750 0.007147
v -0.453600 -0.299592 0.004002
v -0.428478 -0.299369 0.004057
v -0.430497 -0.296233 0.005530
v -0.465554 -0.296337 0.005687
v -0.452502 -0.291945 0.007801
v -0.425574 -0.292480 0.007139
v -0.282809 -0.297991 0.004758
v -0.303637 -0.294913 0.006010
v -0.280004 -0.294904 0.005995
v -0.250990 -0.297210 0.004987
v -0.484750 -0.292481 0.008112
v -0.479468 -0.296533 0.005864
v -0.253387 -0.299389 0.003864
v -0.202352 -0.297976 0.004561
v -0.200357 -0.299684 0.003719
v -0.183351 -0.298065 0.004816
v -0.201731 -0.294626 0.005959
v -0.250344 -0.294706 0.005933
v -0.492460 -0.292022 0.007833
v -0.491488 -0.295139 0.006241
v -0.370510 -0.292172 0.007148
v -0.314461 -0.292085 0.007043
v -0.291201 -0.292013 0.006881
v -0.170020 -0.292830 0.006591
v -0.145857 -0.298678 0.004499
v -0.242995 -0.291716 0.006814
v -0.196767 -0.291611 0.006873
v -0.144525 -0.299851 0.003937
v -0.113063 -0.297947 0.005312
v -0.111057 -0.300290 0.004441
v -0.083810 -0.298100 0.004951
v -0.083415 -0.300324 0.004154
v -0.060470 -0.300598 0.004520
v -0.491002 -0.288368 0.009178
v -0.060678 -0.298025 0.005315
v -0.050791 -0.297944 0.005492
v -0.450648 -0.288306 0.008886
v -0.466123 -0.288592 0.008912
v -0.475526 -0.288793 0.008970
v -0.140770 -0.292253 0.006291
v -0.029336 -0.301080 0.005300
v -0.495603 -0.288396 0.008262
v -0.496739 -0.292317 0.005955
v -0.498672 -0.288101 0.006937
v -0.383591 -0.299274 0.003818
v -0.468382 -0.299911 0.003433
v -0.477271 0.226543 0.006325
v -0.477507 0.227542 0.006721
v -0.480287 0.230332 0.006241
v -0.474089 0.219955 0.006892
v 0.359530 -0.292627 0.002960
v 0.360406 -0.290256 0.003581
v 0.360910 -0.289802 0.005005
v 0.359785 -0.292543 0.003693
v 0.499790 0.221439 0.000196
v 0.499780 0.222410 0.000613
v 0.499163 0.216750 0.001471
v 0.494786 0.198530 0.003846
v 0.494822 0.198597 0.002989
v 0.497598 0.199814 0.003374
v 0.492827 0.195905 0.003530
v 0.488174 0.192810 0.003978
v 0.481446 0.190510 0.003114
v 0.488294 0.193019 0.003350
v 0.479739 0.192156 0.002469
v 0.480081 0.188834 0.003505
v 0.472121 0.186292 0.002939
v 0.462943 0.183779 0.002368
v 0.499184 0.202952 0.002676
v 0.429442 -0.287650 0.007055
v 0.430911 -0.286165 0.006797
v 0.432619 -0.285688 0.007568
v 0.466932 -0.285839 0.008485
v 0.449894 -0.285530 0.007675
v 0.478258 -0.285580 0.006906
v 0.447011 -0.285395 0.008629
v 0.480301 -0.285340 0.008553
v 0.437329 -0.285547 0.006791
v 0.497598 0.199814 0.003374
v 0.499184 0.202952 0.002676
v 0.499196 0.202709 0.003480
v 0.499839 0.211855 0.001948
v 0.499163 0.216750 0.001471
v 0.499785 0.212477 0.002400
v -0.492286 0.242839 0.006591
v -0.489983 0.241510 0.006151
v -0.489727 0.241256 0.006986
v -0.488860 0.238966 0.006772
v -0.482861 0.231373 0.006977
v -0.486290 0.237235 0.007051
v -0.486099 0.237497 0.006209
v -0.477507 0.227542 0.006721
v -0.480287 0.230332 0.006241
v 0.490718 -0.121181 0.006414
v 0.488568 -0.119628 0.005918
v 0.489222 -0.120502 0.006862
v 0.467965 0.190090 0.003749
v 0.461671 0.194081 0.003750
v 0.472804 0.187036 0.003539
v -0.288499 0.281682 0.005508
v -0.288367 0.284181 0.005369
v -0.288502 0.283112 0.005862
v -0.479648 -0.181657 0.001802
v -0.470480 -0.177645 0.000513
v -0.478504 -0.181624 0.000137
v 0.018074 0.312563 -0.001532
v 0.016180 0.311685 -0.002873
v 0.011320 0.311210 -0.001789
v 0.010182 0.311097 -0.002531
v 0.480977 0.190538 0.004232
v 0.481446 0.190510 0.003114
v 0.488174 0.192810 0.003978
v -0.013678 0.302170 -0.001628
v -0.011402 0.303344 -0.001307
v -0.010610 0.303706 -0.002400
v 0.034127 0.314693 -0.000714
v 0.029878 0.313273 -0.002545
v 0.032615 0.314216 -0.001248
v 0.056883 0.312000 -0.002441
v 0.058172 0.311490 -0.001242
v 0.060722 0.310010 -0.001759
v 0.044603 0.314031 -0.001347
v 0.066444 0.306433 -0.000315
v 0.061540 0.306122 0.001021
v 0.069633 0.301187 0.001914
v 0.062911 0.309076 -0.001865
v 0.068673 0.305210 -0.000798
v 0.056656 0.306329 0.001501
v 0.054263 0.309537 0.000669
v 0.054451 0.311893 -0.000606
v 0.073130 0.302931 0.000389
v 0.073566 0.303002 -0.000278
v 0.077793 0.300039 0.000033
v 0.079679 0.297565 0.000915
v 0.078950 0.298712 -0.000367
v 0.083445 0.296930 -0.000548
v 0.088440 0.295084 0.000052
v 0.079592 0.296162 0.001713
v 0.090578 0.292875 0.000456
v 0.093717 0.287904 0.001593
v 0.096601 0.291396 -0.000388
v 0.091446 0.293002 -0.000502
v 0.098021 0.289356 0.000228
v 0.098539 0.289665 -0.000928
v 0.105158 0.287505 -0.000661
v 0.106172 0.285383 0.000041
v 0.104761 0.280052 0.001710
v 0.113765 0.282533 -0.000024
v 0.116338 0.277364 0.001024
v 0.120908 0.279793 -0.000395
v 0.122951 0.277508 -0.000070
v 0.124633 0.270998 0.001327
v 0.134810 0.276060 -0.000637
v 0.121509 0.279476 -0.001073
v 0.114636 0.282047 -0.000832
v 0.043957 0.313181 -0.000177
v 0.106816 0.285540 -0.001015
v 0.122951 0.277508 -0.000070
v 0.128950 0.276855 -0.001057
v 0.121509 0.279476 -0.001073
v 0.044603 0.314031 -0.001347
v 0.041940 0.314602 -0.000731
v 0.043957 0.313181 -0.000177
vt 0.017844 0.773145
vt 0.018534 0.726814
vt 0.017240 0.770110
vt 0.016619 0.803837
vt 0.017613 0.735591
vt 0.018197 0.692587
vt 0.018943 0.685861
vt 0.018160 0.654251
vt 0.017242 0.804017
vt 0.018464 0.842673
vt 0.018082 0.853951
vt 0.017671 0.653937
vt 0.019218 0.619340
vt 0.019103 0.864704
vt 0.018414 0.874993
vt 0.019139 0.880493
vt 0.019139 0.597087
vt 0.019468 0.600510
vt 0.018284 0.880832
vt 0.018502 0.884035
vt 0.017360 0.883856
vt 0.993742 0.409431
vt 0.992877 0.414800
vt 0.994777 0.435311
vt 0.994777 0.370145
vt 0.993329 0.382014
vt 0.993658 0.350054
vt 0.994280 0.439625
vt 0.994052 0.459008
vt 0.289732 0.987946
vt 0.285768 0.987120
vt 0.313937 0.986516
vt 0.313649 0.987452
vt 0.333504 0.987754
vt 0.335249 0.986688
vt 0.360450 0.988495
vt 0.359800 0.987302
vt 0.367380 0.988673
vt 0.260769 0.987521
vt 0.367446 0.987627
vt 0.258187 0.986909
vt 0.216725 0.987255
vt 0.212459 0.987668
vt 0.175137 0.987730
vt 0.166574 0.988114
vt 0.122982 0.988336
vt 0.128723 0.988673
vt 0.368946 0.988501
vt 0.849276 0.960449
vt 0.825195 0.960663
vt 0.826707 0.961289
vt 0.849592 0.959547
vt 0.873247 0.959617
vt 0.872877 0.960562
vt 0.807508 0.961704
vt 0.808050 0.961078
vt 0.775404 0.961455
vt 0.877968 0.961454
vt 0.761056 0.024807
vt 0.780145 0.022114
vt 0.766417 0.026192
vt 0.785274 0.023550
vt 0.761027 0.027216
vt 0.748275 0.028498
vt 0.741273 0.027068
vt 0.729494 0.030718
vt 0.726167 0.029171
vt 0.723111 0.031823
vt 0.722222 0.030436
vt 0.770305 0.027413
vt 0.790935 0.024641
vt 0.791311 0.023448
vt 0.796533 0.024320
vt 0.763379 0.028699
vt 0.796356 0.026631
vt 0.799841 0.026734
vt 0.800631 0.028813
vt 0.805240 0.029158
vt 0.805717 0.027780
vt 0.807692 0.030718
vt 0.008229 0.358054
vt 0.007187 0.356729
vt 0.007838 0.363919
vt 0.005487 0.359643
vt 0.005223 0.367660
vt 0.009779 0.352054
vt 0.008769 0.347992
vt 0.007886 0.345552
vt 0.010221 0.341404
vt 0.009479 0.336191
vt 0.009225 0.365409
vt 0.007683 0.371096
vt 0.006164 0.372150
vt 0.010921 0.344660
vt 0.010782 0.355633
vt 0.006859 0.379235
vt 0.009710 0.374797
vt 0.008955 0.382774
vt 0.005829 0.387407
vt 0.008439 0.389968
vt 0.010921 0.383365
vt 0.008427 0.335322
vt 0.008565 0.332794
vt 0.428765 0.950004
vt 0.446789 0.948963
vt 0.444577 0.950062
vt 0.449237 0.950407
vt 0.431547 0.949104
vt 0.422258 0.949333
vt 0.408262 0.952283
vt 0.408068 0.951502
vt 0.391738 0.955350
vt 0.393058 0.956311
vt 0.452630 0.948759
vt 0.453396 0.951558
vt 0.457265 0.952946
vt 0.453541 0.954066
vt 0.450318 0.953293
vt 0.446724 0.952635
vt 0.442362 0.951469
vt 0.449197 0.954839
vt 0.453262 0.956311
vt 0.759067 0.987902
vt 0.723522 0.988718
vt 0.723495 0.987594
vt 0.757012 0.988974
vt 0.788275 0.988228
vt 0.794397 0.989752
vt 0.721273 0.989752
vt 0.208419 0.997321
vt 0.199573 0.997652
vt 0.189233 0.995448
vt 0.210711 0.998351
vt 0.182811 0.995413
vt 0.196590 0.994562
vt 0.210159 0.994710
vt 0.227218 0.996757
vt 0.225921 0.994405
vt 0.244530 0.994067
vt 0.247132 0.995902
vt 0.267640 0.994574
vt 0.187119 0.994072
vt 0.249538 0.997494
vt 0.268935 0.996327
vt 0.271994 0.998175
vt 0.280356 0.996198
vt 0.294872 0.998351
vt 0.226045 0.998326
vt 0.228165 0.998057
vt 0.251049 0.998382
vt 0.253881 0.949838
vt 0.268730 0.950917
vt 0.278727 0.950395
vt 0.228395 0.950395
vt 0.865622 0.948696
vt 0.855003 0.948759
vt 0.846060 0.947681
vt 0.838082 0.948696
vt 0.103381 0.902450
vt 0.106076 0.903735
vt 0.100994 0.903878
vt 0.099082 0.903005
vt 0.091931 0.903292
vt 0.088597 0.902677
vt 0.113126 0.902905
vt 0.084456 0.904531
vt 0.082146 0.903687
vt 0.097805 0.901294
vt 0.115492 0.904130
vt 0.122032 0.903687
vt 0.263937 0.969105
vt 0.262557 0.967086
vt 0.263544 0.966645
vt 0.269872 0.968719
vt 0.271136 0.970389
vt 0.272884 0.969648
vt 0.276920 0.971014
vt 0.260174 0.965576
vt 0.257716 0.965686
vt 0.257167 0.967450
vt 0.255419 0.965999
vt 0.253958 0.964613
vt 0.250446 0.964913
vt 0.293302 0.975353
vt 0.291757 0.973780
vt 0.300923 0.974992
vt 0.290478 0.973955
vt 0.229593 0.966022
vt 0.229059 0.963684
vt 0.238331 0.962783
vt 0.241038 0.964081
vt 0.225996 0.965079
vt 0.233549 0.968164
vt 0.241437 0.970366
vt 0.248384 0.964847
vt 0.250069 0.966516
vt 0.225369 0.968026
vt 0.212548 0.967406
vt 0.253786 0.970993
vt 0.264678 0.972382
vt 0.275797 0.972531
vt 0.284157 0.972979
vt 0.279854 0.974900
vt 0.285421 0.974149
vt 0.288824 0.976192
vt 0.297020 0.977314
vt 0.303860 0.976524
vt 0.304848 0.978349
vt 0.308595 0.977757
vt 0.214090 0.969890
vt 0.239064 0.971467
vt 0.204342 0.968143
vt 0.204611 0.972285
vt 0.273803 0.974603
vt 0.284871 0.976381
vt 0.311520 0.978964
vt 0.314815 0.976955
vt 0.210502 0.966395
vt 0.203032 0.969944
vt 0.195517 0.975468
vt 0.194207 0.978964
vt 0.223509 0.964203
vt 0.211791 0.965985
vt 0.242542 0.963513
vt 0.229968 0.962982
vt 0.247722 0.963815
vt 0.198811 0.891586
vt 0.210542 0.893354
vt 0.198577 0.892744
vt 0.180912 0.893743
vt 0.216195 0.892513
vt 0.225693 0.893743
vt 0.229345 0.892493
vt 0.151472 0.040453
vt 0.151472 0.044768
vt 0.150522 0.041385
vt 0.699194 0.993726
vt 0.699291 0.996287
vt 0.695320 0.996496
vt 0.692103 0.995297
vt 0.703382 0.996779
vt 0.702146 0.994270
vt 0.700934 0.991909
vt 0.691500 0.996826
vt 0.687084 0.997452
vt 0.700266 0.997786
vt 0.703200 0.997955
vt 0.709596 0.997452
vt 0.693700 0.998186
vt 0.717474 0.996517
vt 0.691006 0.998382
vt 0.938957 0.048480
vt 0.939658 0.046048
vt 0.934567 0.046532
vt 0.930001 0.051235
vt 0.929311 0.047662
vt 0.943796 0.052661
vt 0.947921 0.048901
vt 0.944739 0.043298
vt 0.950804 0.046138
vt 0.953076 0.043274
vt 0.952569 0.050689
vt 0.931453 0.044236
vt 0.949695 0.036817
vt 0.942200 0.034531
vt 0.940161 0.039404
vt 0.941244 0.030104
vt 0.954905 0.036066
vt 0.949188 0.029139
vt 0.936654 0.037179
vt 0.952563 0.030732
vt 0.952762 0.025664
vt 0.944666 0.027577
vt 0.957740 0.023193
vt 0.953147 0.047235
vt 0.927350 0.051165
vt 0.942670 0.055858
vt 0.938058 0.053770
vt 0.935926 0.052353
vt 0.947909 0.055009
vt 0.946588 0.057274
vt 0.950995 0.057713
vt 0.950716 0.052136
vt 0.952746 0.053722
vt 0.954528 0.055613
vt 0.946283 0.023991
vt 0.934571 0.039782
vt 0.932913 0.042775
vt 0.956449 0.051169
vt 0.957740 0.052570
vt 0.515429 0.320275
vt 0.516166 0.319812
vt 0.513557 0.333326
vt 0.512462 0.335484
vt 0.516951 0.303766
vt 0.513153 0.338614
vt 0.511753 0.342755
vt 0.517680 0.301378
vt 0.515135 0.280785
vt 0.852663 0.139091
vt 0.858617 0.141904
vt 0.852189 0.139753
vt 0.850726 0.138025
vt 0.861811 0.145361
vt 0.863463 0.144373
vt 0.868449 0.145212
vt 0.670647 0.116705
vt 0.670871 0.115365
vt 0.673718 0.121171
vt 0.672831 0.121270
vt 0.670053 0.114290
vt 0.677260 0.124130
vt 0.840380 0.143340
vt 0.847369 0.139471
vt 0.840500 0.143918
vt 0.848510 0.138219
vt 0.837234 0.148198
vt 0.972777 0.669128
vt 0.973763 0.668924
vt 0.978255 0.672815
vt 0.969381 0.666097
vt 0.961249 0.659454
vt 0.964235 0.662275
vt 0.960636 0.660156
vt 0.964578 0.663947
vt 0.969909 0.668985
vt 0.958516 0.660881
vt 0.959364 0.654139
vt 0.956640 0.656180
vt 0.888484 0.128670
vt 0.887838 0.128418
vt 0.890631 0.123429
vt 0.886572 0.130163
vt 0.892135 0.122118
vt 0.895751 0.114310
vt 0.896766 0.118856
vt 0.898321 0.128938
vt 0.904238 0.114609
vt 0.898510 0.104429
vt 0.893837 0.116436
vt 0.959815 0.221351
vt 0.962173 0.223284
vt 0.959385 0.221705
vt 0.956709 0.217573
vt 0.799553 0.542152
vt 0.810726 0.566363
vt 0.798930 0.555667
vt 0.830355 0.556107
vt 0.849174 0.566058
vt 0.806633 0.586535
vt 0.803881 0.580209
vt 0.844601 0.580340
vt 0.847158 0.592384
vt 0.814470 0.608486
vt 0.830660 0.608562
vt 0.816914 0.625811
vt 0.803676 0.626831
vt 0.810427 0.634403
vt 0.790576 0.631133
vt 0.807888 0.653395
vt 0.793120 0.656973
vt 0.772060 0.647732
vt 0.770281 0.655182
vt 0.757702 0.641196
vt 0.779020 0.629312
vt 0.802649 0.609126
vt 0.782302 0.611236
vt 0.760746 0.613191
vt 0.758159 0.624729
vt 0.889326 0.576884
vt 0.870839 0.587324
vt 0.849987 0.536785
vt 0.875104 0.566363
vt 0.884891 0.541717
vt 0.916859 0.546639
vt 0.897706 0.554787
vt 0.950424 0.543632
vt 0.930437 0.581191
vt 0.891775 0.588492
vt 0.869603 0.597977
vt 0.844259 0.613478
vt 0.876445 0.629187
vt 0.891478 0.626017
vt 0.883086 0.642745
vt 0.868384 0.650918
vt 0.882895 0.653786
vt 0.881157 0.667101
vt 0.843800 0.651645
vt 0.851866 0.654924
vt 0.817141 0.666988
vt 0.821849 0.656182
vt 0.867132 0.673999
vt 0.875083 0.698916
vt 0.855446 0.706748
vt 0.886263 0.673915
vt 0.897915 0.700406
vt 0.907551 0.671993
vt 0.927553 0.690939
vt 0.914225 0.707866
vt 0.946720 0.705199
vt 0.925396 0.722030
vt 0.901546 0.724961
vt 0.922744 0.742238
vt 0.942316 0.738108
vt 0.946661 0.772834
vt 0.916565 0.760267
vt 0.937422 0.791553
vt 0.960705 0.793868
vt 0.962754 0.751040
vt 0.973096 0.765567
vt 0.974798 0.796269
vt 0.973784 0.733875
vt 0.954617 0.726323
vt 0.969855 0.716580
vt 0.969564 0.692341
vt 0.954132 0.690270
vt 0.969669 0.677740
vt 0.953997 0.674578
vt 0.928123 0.669333
vt 0.920249 0.790855
vt 0.900923 0.764965
vt 0.876373 0.765739
vt 0.884344 0.733211
vt 0.884437 0.762010
vt 0.928812 0.804333
vt 0.968807 0.803476
vt 0.895723 0.797402
vt 0.862063 0.758900
vt 0.869453 0.729548
vt 0.849991 0.738148
vt 0.845220 0.778030
vt 0.822006 0.772043
vt 0.832219 0.763122
vt 0.814762 0.751589
vt 0.802418 0.709690
vt 0.812382 0.716182
vt 0.792866 0.692663
vt 0.816770 0.688200
vt 0.761502 0.716503
vt 0.768810 0.687016
vt 0.757983 0.732972
vt 0.764232 0.732475
vt 0.739207 0.720096
vt 0.730504 0.707076
vt 0.741968 0.692307
vt 0.732313 0.675943
vt 0.714621 0.688742
vt 0.724920 0.655616
vt 0.730210 0.649370
vt 0.714175 0.638392
vt 0.702878 0.640601
vt 0.695539 0.626236
vt 0.680740 0.614051
vt 0.692381 0.608831
vt 0.704717 0.615161
vt 0.716561 0.625637
vt 0.737778 0.628721
vt 0.739861 0.642280
vt 0.757170 0.654066
vt 0.743684 0.611030
vt 0.732917 0.614043
vt 0.701222 0.672386
vt 0.677490 0.668345
vt 0.686527 0.654367
vt 0.688078 0.691229
vt 0.713887 0.716458
vt 0.678156 0.703427
vt 0.697529 0.719526
vt 0.712364 0.732732
vt 0.642205 0.703521
vt 0.653548 0.690594
vt 0.655215 0.712497
vt 0.643415 0.668734
vt 0.659524 0.674776
vt 0.617832 0.671120
vt 0.639101 0.644679
vt 0.591082 0.668486
vt 0.619111 0.651312
vt 0.605409 0.687543
vt 0.628183 0.686056
vt 0.624983 0.708171
vt 0.646755 0.728946
vt 0.617127 0.729145
vt 0.590041 0.700275
vt 0.605262 0.712914
vt 0.600254 0.731051
vt 0.570047 0.691786
vt 0.584538 0.687861
vt 0.547667 0.688386
vt 0.565963 0.672344
vt 0.576406 0.671883
vt 0.551769 0.672381
vt 0.535092 0.672495
vt 0.523337 0.700258
vt 0.552820 0.699323
vt 0.527890 0.716803
vt 0.571984 0.717945
vt 0.569644 0.741186
vt 0.585202 0.723890
vt 0.584146 0.753790
vt 0.600384 0.751058
vt 0.620241 0.751284
vt 0.602026 0.771751
vt 0.619535 0.778593
vt 0.603121 0.792483
vt 0.637131 0.749785
vt 0.637552 0.767116
vt 0.635622 0.799327
vt 0.655423 0.791479
vt 0.681710 0.807883
vt 0.664531 0.746322
vt 0.658991 0.768609
vt 0.679780 0.776676
vt 0.686118 0.790169
vt 0.679230 0.728262
vt 0.696971 0.750762
vt 0.716856 0.762559
vt 0.728084 0.750174
vt 0.734909 0.776179
vt 0.742941 0.754598
vt 0.742017 0.781314
vt 0.762680 0.760682
vt 0.765727 0.773935
vt 0.769241 0.793487
vt 0.781898 0.795172
vt 0.752250 0.800087
vt 0.774317 0.805913
vt 0.761877 0.820999
vt 0.764613 0.832845
vt 0.780490 0.823667
vt 0.783680 0.831015
vt 0.745503 0.849704
vt 0.764688 0.852040
vt 0.740897 0.871308
vt 0.765047 0.869450
vt 0.779915 0.854866
vt 0.781130 0.887848
vt 0.742287 0.886327
vt 0.713232 0.894579
vt 0.691147 0.875206
vt 0.701245 0.896179
vt 0.699007 0.923884
vt 0.672502 0.847996
vt 0.676564 0.866733
vt 0.691398 0.845017
vt 0.660474 0.865421
vt 0.650958 0.881964
vt 0.640010 0.880711
vt 0.664530 0.897520
vt 0.679673 0.893415
vt 0.680961 0.921085
vt 0.628785 0.915910
vt 0.648693 0.908853
vt 0.618076 0.897994
vt 0.631299 0.877602
vt 0.624917 0.847034
vt 0.605105 0.824374
vt 0.628087 0.829433
vt 0.609255 0.812358
vt 0.587045 0.780796
vt 0.566754 0.772940
vt 0.570697 0.809861
vt 0.550824 0.806419
vt 0.526804 0.789001
vt 0.532230 0.806576
vt 0.553062 0.826936
vt 0.559147 0.835972
vt 0.551947 0.847409
vt 0.545417 0.878608
vt 0.571813 0.877766
vt 0.564976 0.900017
vt 0.590784 0.904091
vt 0.577502 0.855184
vt 0.560182 0.867001
vt 0.591936 0.878402
vt 0.576421 0.825433
vt 0.591515 0.848082
vt 0.596230 0.825392
vt 0.603871 0.848435
vt 0.570710 0.917364
vt 0.542947 0.931703
vt 0.563055 0.938959
vt 0.529384 0.909676
vt 0.529324 0.932324
vt 0.536582 0.949655
vt 0.546354 0.962998
vt 0.536319 0.966256
vt 0.570884 0.959688
vt 0.565206 0.978420
vt 0.535725 0.976150
vt 0.580170 0.977213
vt 0.594747 0.958777
vt 0.594364 0.980136
vt 0.588255 0.987236
vt 0.564733 0.984461
vt 0.599407 0.971826
vt 0.599906 0.957129
vt 0.596126 0.942603
vt 0.587322 0.934474
vt 0.593397 0.926546
vt 0.604551 0.913687
vt 0.608158 0.937568
vt 0.605005 0.878351
vt 0.605408 0.862079
vt 0.530950 0.850145
vt 0.529744 0.880347
vt 0.547307 0.905674
vt 0.529060 0.834485
vt 0.527067 0.823208
vt 0.588455 0.804959
vt 0.621150 0.937382
vt 0.641807 0.938423
vt 0.667825 0.935530
vt 0.665899 0.942975
vt 0.681642 0.942817
vt 0.703706 0.939492
vt 0.715486 0.939601
vt 0.713016 0.875722
vt 0.707151 0.849773
vt 0.714505 0.849674
vt 0.719841 0.914314
vt 0.735299 0.939696
vt 0.741782 0.909556
vt 0.754956 0.895461
vt 0.755949 0.932395
vt 0.759637 0.943216
vt 0.778549 0.928696
vt 0.784983 0.943178
vt 0.780344 0.908248
vt 0.741624 0.832156
vt 0.731182 0.827403
vt 0.719954 0.806241
vt 0.712689 0.818474
vt 0.705659 0.808479
vt 0.717941 0.783471
vt 0.701243 0.781341
vt 0.712315 0.832386
vt 0.698739 0.810233
vt 0.792092 0.813596
vt 0.800591 0.817292
vt 0.648301 0.813283
vt 0.656686 0.829520
vt 0.644502 0.840718
vt 0.639209 0.855540
vt 0.678484 0.834088
vt 0.694626 0.834914
vt 0.680165 0.821199
vt 0.551441 0.773678
vt 0.543912 0.747431
vt 0.528669 0.772194
vt 0.525879 0.747830
vt 0.518188 0.755673
vt 0.517538 0.780321
vt 0.518269 0.732309
vt 0.525848 0.732709
vt 0.548629 0.728587
vt 0.514989 0.708124
vt 0.520624 0.679042
vt 0.515032 0.671018
vt 0.660637 0.728306
vt 0.658370 0.636058
vt 0.659519 0.613556
vt 0.633666 0.616148
vt 0.619686 0.639119
vt 0.604630 0.647630
vt 0.594377 0.624955
vt 0.603957 0.616099
vt 0.594938 0.611268
vt 0.583243 0.639893
vt 0.580955 0.615253
vt 0.565377 0.646178
vt 0.563590 0.619678
vt 0.535851 0.636110
vt 0.546986 0.619705
vt 0.524453 0.611381
vt 0.515329 0.637065
vt 0.514561 0.613589
vt 0.515075 0.590976
vt 0.536402 0.590987
vt 0.543891 0.606742
vt 0.564340 0.610061
vt 0.553355 0.595879
vt 0.582111 0.591555
vt 0.595032 0.593714
vt 0.611831 0.604794
vt 0.607906 0.596171
vt 0.621712 0.599885
vt 0.657768 0.603920
vt 0.654146 0.591418
vt 0.683059 0.600627
vt 0.669974 0.590369
vt 0.647975 0.582327
vt 0.628155 0.590441
vt 0.605499 0.579683
vt 0.668773 0.578920
vt 0.686752 0.589093
vt 0.690504 0.576962
vt 0.512974 0.577529
vt 0.537323 0.580191
vt 0.554861 0.582862
vt 0.584820 0.579487
vt 0.547620 0.649302
vt 0.532133 0.658513
vt 0.520046 0.644439
vt 0.725891 0.719159
vt 0.734970 0.732520
vt 0.782088 0.762095
vt 0.780099 0.732231
vt 0.787009 0.716068
vt 0.802073 0.739211
vt 0.786715 0.760632
vt 0.803722 0.766337
vt 0.810080 0.780722
vt 0.815186 0.795721
vt 0.843156 0.796426
vt 0.871321 0.791859
vt 0.906050 0.804531
vt 0.876424 0.804572
vt 0.832726 0.728819
vt 0.843750 0.759762
vt 0.840980 0.674031
vt 0.817096 0.674917
vt 0.782492 0.669812
vt 0.743708 0.670681
vt 0.755877 0.693498
vt 0.909445 0.653178
vt 0.923496 0.653430
vt 0.935193 0.654786
vt 0.841931 0.636407
vt 0.857558 0.621341
vt 0.859101 0.612406
vt 0.883443 0.613804
vt 0.886901 0.597623
vt 0.901535 0.610295
vt 0.920209 0.626706
vt 0.910230 0.636030
vt 0.917826 0.613264
vt 0.927018 0.611779
vt 0.915902 0.588301
vt 0.928576 0.592352
vt 0.942932 0.592654
vt 0.954924 0.612117
vt 0.956596 0.591779
vt 0.966200 0.612723
vt 0.959006 0.575605
vt 0.974547 0.585270
vt 0.908545 0.575526
vt 0.791006 0.574258
vt 0.786735 0.583208
vt 0.775323 0.569751
vt 0.772408 0.581132
vt 0.758859 0.578999
vt 0.756816 0.561960
vt 0.760858 0.549335
vt 0.750402 0.547033
vt 0.735040 0.566012
vt 0.726615 0.544057
vt 0.713151 0.574718
vt 0.712663 0.529025
vt 0.730892 0.514086
vt 0.708641 0.500609
vt 0.699868 0.522081
vt 0.702833 0.544428
vt 0.689560 0.544150
vt 0.681075 0.550556
vt 0.668613 0.572113
vt 0.656329 0.539117
vt 0.673100 0.530216
vt 0.684678 0.521154
vt 0.660216 0.524325
vt 0.681448 0.486803
vt 0.662588 0.496813
vt 0.651135 0.502153
vt 0.646225 0.532304
vt 0.632447 0.526756
vt 0.636601 0.538902
vt 0.625666 0.550038
vt 0.617329 0.517818
vt 0.611615 0.542425
vt 0.614742 0.561539
vt 0.605529 0.563659
vt 0.606768 0.574048
vt 0.591000 0.571661
vt 0.626419 0.505714
vt 0.660372 0.482405
vt 0.673471 0.457440
vt 0.646530 0.494734
vt 0.617957 0.497040
vt 0.606092 0.521030
vt 0.598902 0.501753
vt 0.594187 0.518527
vt 0.587990 0.537137
vt 0.594660 0.553903
vt 0.581495 0.549466
vt 0.579847 0.571614
vt 0.560671 0.563779
vt 0.544638 0.569164
vt 0.566800 0.554089
vt 0.575030 0.541586
vt 0.577065 0.498000
vt 0.583772 0.481064
vt 0.577324 0.461108
vt 0.536983 0.491466
vt 0.559413 0.501268
vt 0.534308 0.532668
vt 0.518255 0.498677
vt 0.517162 0.516420
vt 0.513404 0.539683
vt 0.509564 0.531511
vt 0.509384 0.498811
vt 0.531943 0.546076
vt 0.531645 0.566016
vt 0.512780 0.570700
vt 0.560981 0.518533
vt 0.555469 0.461652
vt 0.576048 0.444156
vt 0.561571 0.439764
vt 0.541274 0.430598
vt 0.536890 0.446150
vt 0.539892 0.466846
vt 0.582717 0.428769
vt 0.597463 0.434881
vt 0.596668 0.448943
vt 0.623916 0.436082
vt 0.612158 0.458743
vt 0.590794 0.464281
vt 0.629198 0.475538
vt 0.609263 0.484370
vt 0.628891 0.463403
vt 0.640977 0.423410
vt 0.643090 0.460849
vt 0.654258 0.445830
vt 0.654310 0.415579
vt 0.667142 0.407284
vt 0.669940 0.423503
vt 0.685793 0.433367
vt 0.686581 0.457270
vt 0.688570 0.481494
vt 0.684894 0.414842
vt 0.683266 0.392024
vt 0.656976 0.391604
vt 0.662664 0.379467
vt 0.638671 0.395328
vt 0.627599 0.373075
vt 0.627217 0.401553
vt 0.611441 0.392036
vt 0.596456 0.414488
vt 0.588182 0.391810
vt 0.574119 0.396553
vt 0.573653 0.376997
vt 0.554161 0.391640
vt 0.556155 0.365527
vt 0.540737 0.376460
vt 0.539338 0.349363
vt 0.568099 0.344000
vt 0.571575 0.364611
vt 0.582982 0.358003
vt 0.586730 0.327847
vt 0.566409 0.323077
vt 0.542959 0.326826
vt 0.557179 0.303180
vt 0.579645 0.305019
vt 0.567273 0.293258
vt 0.598560 0.351017
vt 0.602782 0.363859
vt 0.612871 0.367523
vt 0.611618 0.334051
vt 0.645537 0.359574
vt 0.635588 0.340622
vt 0.660510 0.347516
vt 0.680843 0.352817
vt 0.680581 0.369267
vt 0.648669 0.326180
vt 0.686002 0.322091
vt 0.698096 0.330894
vt 0.696895 0.355188
vt 0.693537 0.369959
vt 0.689466 0.393217
vt 0.700316 0.416525
vt 0.699762 0.433405
vt 0.702748 0.473621
vt 0.702192 0.393388
vt 0.714916 0.353900
vt 0.714258 0.371813
vt 0.711851 0.334691
vt 0.724956 0.336360
vt 0.741215 0.346735
vt 0.732422 0.368947
vt 0.739382 0.318696
vt 0.761429 0.334158
vt 0.764609 0.362792
vt 0.770788 0.355919
vt 0.780909 0.380803
vt 0.760208 0.388124
vt 0.745246 0.380312
vt 0.749105 0.413587
vt 0.733713 0.410703
vt 0.726960 0.388908
vt 0.713197 0.415338
vt 0.713125 0.429116
vt 0.713101 0.398042
vt 0.728471 0.440041
vt 0.717766 0.461302
vt 0.749310 0.443297
vt 0.739244 0.472960
vt 0.713782 0.479155
vt 0.745805 0.516785
vt 0.754404 0.496589
vt 0.759549 0.519147
vt 0.767090 0.527793
vt 0.788211 0.506890
vt 0.774680 0.492428
vt 0.758202 0.480325
vt 0.781301 0.474489
vt 0.797204 0.489070
vt 0.797589 0.463601
vt 0.820521 0.475517
vt 0.834242 0.488051
vt 0.807006 0.494588
vt 0.808335 0.522744
vt 0.791934 0.526331
vt 0.775555 0.554917
vt 0.814722 0.538552
vt 0.827157 0.503826
vt 0.846788 0.511418
vt 0.867248 0.508045
vt 0.884065 0.514012
vt 0.901344 0.511389
vt 0.915083 0.493377
vt 0.927190 0.519707
vt 0.929560 0.533608
vt 0.947355 0.509172
vt 0.969316 0.533423
vt 0.962001 0.549753
vt 0.978612 0.559051
vt 0.983932 0.543676
vt 0.978998 0.516929
vt 0.990871 0.528348
vt 0.990501 0.489225
vt 0.987159 0.478693
vt 0.966655 0.504126
vt 0.966861 0.481675
vt 0.942756 0.484388
vt 0.951154 0.460401
vt 0.967929 0.454355
vt 0.977339 0.464010
vt 0.955849 0.432481
vt 0.965243 0.441518
vt 0.923981 0.431717
vt 0.920602 0.461968
vt 0.905902 0.426738
vt 0.881827 0.442089
vt 0.899342 0.467961
vt 0.851119 0.459565
vt 0.861031 0.423699
vt 0.890111 0.416106
vt 0.873533 0.404790
vt 0.884516 0.392471
vt 0.874561 0.374187
vt 0.852268 0.377908
vt 0.852719 0.403389
vt 0.834083 0.392879
vt 0.831614 0.427509
vt 0.821752 0.410745
vt 0.815029 0.396096
vt 0.804106 0.423542
vt 0.808248 0.385284
vt 0.793612 0.402586
vt 0.792495 0.440329
vt 0.776126 0.422892
vt 0.757564 0.461013
vt 0.774481 0.465046
vt 0.806979 0.454855
vt 0.757157 0.424713
vt 0.780624 0.401741
vt 0.790943 0.378986
vt 0.784233 0.351037
vt 0.794354 0.334915
vt 0.778763 0.314483
vt 0.797322 0.318335
vt 0.811610 0.321422
vt 0.811343 0.357388
vt 0.803160 0.360526
vt 0.806882 0.302245
vt 0.792020 0.299079
vt 0.807245 0.282354
vt 0.794572 0.269415
vt 0.781729 0.267018
vt 0.772048 0.272108
vt 0.774741 0.295134
vt 0.761774 0.295620
vt 0.762518 0.268371
vt 0.749446 0.300066
vt 0.763244 0.314663
vt 0.744683 0.309788
vt 0.751784 0.275292
vt 0.739103 0.274684
vt 0.727677 0.304648
vt 0.723877 0.270789
vt 0.716598 0.310151
vt 0.704349 0.307700
vt 0.708568 0.268603
vt 0.691799 0.287285
vt 0.680400 0.286500
vt 0.680248 0.268821
vt 0.731330 0.267039
vt 0.752847 0.263049
vt 0.775480 0.259676
vt 0.801599 0.257774
vt 0.791865 0.236086
vt 0.811024 0.261459
vt 0.807770 0.239972
vt 0.835166 0.265107
vt 0.822958 0.299207
vt 0.825966 0.342270
vt 0.827645 0.363614
vt 0.840944 0.359960
vt 0.842824 0.302299
vt 0.855303 0.315780
vt 0.869790 0.342196
vt 0.860055 0.357797
vt 0.890839 0.347315
vt 0.881696 0.314596
vt 0.901478 0.319571
vt 0.917742 0.332842
vt 0.901791 0.361586
vt 0.901991 0.387857
vt 0.911887 0.365700
vt 0.925910 0.357538
vt 0.931485 0.381015
vt 0.926904 0.409009
vt 0.941717 0.395379
vt 0.950988 0.413458
vt 0.952479 0.373861
vt 0.953823 0.357739
vt 0.963929 0.360029
vt 0.966490 0.348299
vt 0.944242 0.352047
vt 0.964339 0.319702
vt 0.942800 0.331017
vt 0.935200 0.304606
vt 0.918094 0.304851
vt 0.906040 0.288559
vt 0.929742 0.274332
vt 0.911351 0.255192
vt 0.895813 0.255589
vt 0.885880 0.272776
vt 0.871928 0.248688
vt 0.863630 0.266347
vt 0.843631 0.240166
vt 0.860755 0.286823
vt 0.831290 0.284240
vt 0.884826 0.292893
vt 0.827393 0.236765
vt 0.849555 0.211598
vt 0.810602 0.201875
vt 0.804133 0.199816
vt 0.794283 0.210321
vt 0.781064 0.196337
vt 0.783046 0.215383
vt 0.756189 0.199203
vt 0.756754 0.214645
vt 0.852091 0.226951
vt 0.869761 0.228782
vt 0.886244 0.207625
vt 0.899926 0.227648
vt 0.917655 0.217129
vt 0.944519 0.222359
vt 0.928578 0.247409
vt 0.951268 0.241776
vt 0.953037 0.276364
vt 0.940916 0.292273
vt 0.964676 0.293518
vt 0.963959 0.254756
vt 0.972510 0.267780
vt 0.972198 0.302005
vt 0.970569 0.329287
vt 0.961308 0.237458
vt 0.950580 0.228376
vt 0.956841 0.226885
vt 0.964522 0.236255
vt 0.933561 0.210210
vt 0.779010 0.239909
vt 0.743213 0.232860
vt 0.760971 0.249956
vt 0.831053 0.445683
vt 0.822085 0.461164
vt 0.849674 0.474473
vt 0.878899 0.478586
vt 0.700014 0.491426
vt 0.662312 0.305938
vt 0.626680 0.308832
vt 0.601249 0.320116
vt 0.617943 0.289620
vt 0.641604 0.260707
vt 0.649235 0.263160
vt 0.657953 0.278076
vt 0.662252 0.287622
vt 0.679354 0.250812
vt 0.645084 0.244554
vt 0.644609 0.229216
vt 0.681935 0.230878
vt 0.665465 0.218049
vt 0.687264 0.217684
vt 0.665973 0.192435
vt 0.642520 0.207552
vt 0.640675 0.217490
vt 0.612186 0.204957
vt 0.616640 0.193519
vt 0.597874 0.189462
vt 0.597615 0.200864
vt 0.581380 0.199691
vt 0.588945 0.212613
vt 0.575406 0.207974
vt 0.577855 0.220428
vt 0.590392 0.235604
vt 0.574468 0.226657
vt 0.573531 0.241045
vt 0.573788 0.193638
vt 0.587611 0.186696
vt 0.575171 0.170046
vt 0.603211 0.215907
vt 0.603186 0.233672
vt 0.600180 0.246140
vt 0.580392 0.245704
vt 0.624767 0.232198
vt 0.625037 0.262808
vt 0.600291 0.271478
vt 0.614562 0.270794
vt 0.600744 0.283729
vt 0.612499 0.170622
vt 0.624080 0.180642
vt 0.645619 0.169686
vt 0.646094 0.194346
vt 0.661965 0.158999
vt 0.678366 0.173484
vt 0.677165 0.150349
vt 0.693157 0.176148
vt 0.700645 0.154657
vt 0.708903 0.175386
vt 0.707600 0.192075
vt 0.693582 0.212847
vt 0.695769 0.231785
vt 0.703259 0.217501
vt 0.727114 0.179674
vt 0.712522 0.207525
vt 0.712819 0.231049
vt 0.729096 0.228658
vt 0.723561 0.206957
vt 0.742497 0.208233
vt 0.740106 0.180628
vt 0.761352 0.188002
vt 0.755965 0.166779
vt 0.770254 0.169651
vt 0.783125 0.176382
vt 0.783363 0.185059
vt 0.763330 0.155339
vt 0.751372 0.148478
vt 0.743547 0.163672
vt 0.725558 0.169533
vt 0.734591 0.143205
vt 0.709709 0.136356
vt 0.694806 0.139072
vt 0.682273 0.138254
vt 0.688808 0.127880
vt 0.727661 0.127802
vt 0.661484 0.138045
vt 0.640115 0.148966
vt 0.620538 0.135974
vt 0.604600 0.151219
vt 0.599505 0.137141
vt 0.611687 0.106465
vt 0.622044 0.119225
vt 0.633971 0.125522
vt 0.622360 0.109735
vt 0.646152 0.107917
vt 0.652822 0.124749
vt 0.661962 0.108858
vt 0.619764 0.101819
vt 0.640248 0.100101
vt 0.653237 0.100234
vt 0.605363 0.105939
vt 0.579706 0.114308
vt 0.581404 0.131183
vt 0.665742 0.120073
vt 0.674343 0.124395
vt 0.597501 0.168517
vt 0.581843 0.150715
vt 0.578436 0.161355
vt 0.591907 0.177066
vt 0.592756 0.293636
vt 0.585047 0.290166
vt 0.570238 0.415010
vt 0.553010 0.428919
vt 0.555180 0.403952
vt 0.537630 0.421363
vt 0.530540 0.443160
vt 0.531779 0.463934
vt 0.527938 0.412710
vt 0.521105 0.402372
vt 0.531619 0.377389
vt 0.524734 0.359079
vt 0.515693 0.378662
vt 0.511636 0.369043
vt 0.514279 0.357312
vt 0.520217 0.332476
vt 0.526892 0.309016
vt 0.542779 0.315020
vt 0.536839 0.296821
vt 0.538734 0.280026
vt 0.559187 0.282005
vt 0.549542 0.271364
vt 0.543115 0.264572
vt 0.515047 0.346973
vt 0.517415 0.322426
vt 0.616612 0.420667
vt 0.526598 0.486059
vt 0.637290 0.483557
vt 0.649883 0.468122
vt 0.702616 0.577469
vt 0.688364 0.504710
vt 0.733310 0.582245
vt 0.785035 0.595744
vt 0.761206 0.608888
vt 0.760517 0.591054
vt 0.734133 0.594962
vt 0.703917 0.601387
vt 0.712330 0.589866
vt 0.699066 0.590498
vt 0.663390 0.460285
vt 0.603049 0.945819
vt 0.971968 0.572563
vt 0.977176 0.580365
vt 0.799611 0.175381
vt 0.807974 0.178039
vt 0.529233 0.472409
vt 0.692574 0.244568
vt 0.695856 0.253279
vt 0.712261 0.239183
vt 0.713091 0.246545
vt 0.578623 0.275887
vt 0.579230 0.262611
vt 0.566221 0.257005
vt 0.554565 0.258546
vt 0.544556 0.257489
vt 0.745753 0.241907
vt 0.742372 0.256871
vt 0.726486 0.259531
vt 0.726330 0.245258
vt 0.865842 0.200187
vt 0.891335 0.197144
vt 0.912118 0.202335
vt 0.925666 0.204783
vt 0.818816 0.179731
vt 0.831600 0.193096
vt 0.951280 0.661547
vt 0.947756 0.649786
vt 0.937063 0.639216
vt 0.948264 0.620292
vt 0.941297 0.630722
vt 0.959961 0.669352
vt 0.668943 0.118631
vt 0.542539 0.984221
vt 0.522309 0.986659
vt 0.787426 0.901394
vt 0.787725 0.888969
vt 0.787162 0.873017
vt 0.785003 0.854947
vt 0.786584 0.924780
vt 0.798809 0.791073
vt 0.809177 0.803341
vt 0.789991 0.804685
vt 0.642116 0.575331
vt 0.535151 0.992240
vt 0.554506 0.990666
vt 0.567853 0.992508
vt 0.582398 0.992143
vt 0.520247 0.285642
vt 0.520334 0.303223
vt 0.643399 0.942961
vt 0.978903 0.452318
vt 0.988007 0.545356
vt 0.984014 0.550414
vt 0.982377 0.561028
vt 0.711924 0.942876
vt 0.735234 0.942961
vt 0.959814 0.664969
vt 0.754155 0.138850
vt 0.748591 0.133223
vt 0.865635 0.804750
vt 0.838662 0.804435
vt 0.734506 0.125548
vt 0.708925 0.122289
vt 0.725326 0.121665
vt 0.698822 0.125489
vt 0.635742 0.095979
vt 0.655004 0.093492
vt 0.948205 0.394548
vt 0.973342 0.259803
vt 0.971158 0.253452
vt 0.968824 0.241090
vt 0.975695 0.251843
vt 0.972806 0.247039
vt 0.564172 0.217877
vt 0.966350 0.431434
vt 0.959045 0.420101
vt 0.761609 0.142487
vt 0.771125 0.146202
vt 0.782733 0.150514
vt 0.783738 0.158594
vt 0.791761 0.154213
vt 0.788626 0.161938
vt 0.802937 0.167586
vt 0.799510 0.157895
vt 0.808651 0.167603
vt 0.524883 0.959536
vt 0.518121 0.955651
vt 0.525252 0.974500
vt 0.515071 0.968358
vt 0.514912 0.977005
vt 0.953017 0.654438
vt 0.977886 0.763374
vt 0.979625 0.803250
vt 0.958311 0.625534
vt 0.956241 0.637075
vt 0.955555 0.649247
vt 0.549641 0.198677
vt 0.555347 0.190010
vt 0.547575 0.212960
vt 0.534139 0.200485
vt 0.530793 0.212907
vt 0.560429 0.165776
vt 0.552418 0.177598
vt 0.546724 0.179758
vt 0.564819 0.143963
vt 0.565987 0.103735
vt 0.581749 0.104793
vt 0.565018 0.119497
vt 0.557034 0.103689
vt 0.555735 0.134691
vt 0.552243 0.151827
vt 0.549793 0.140653
vt 0.544889 0.167613
vt 0.543308 0.153260
vt 0.545969 0.143405
vt 0.561467 0.223789
vt 0.542498 0.219109
vt 0.551686 0.228634
vt 0.518729 0.992101
vt 0.991640 0.537195
vt 0.627514 0.944345
vt 0.609918 0.943882
vt 0.506787 0.546749
vt 0.682311 0.126686
vt 0.515263 0.991243
vt 0.538477 0.164252
vt 0.527998 0.151730
vt 0.522860 0.808562
vt 0.556214 0.236464
vt 0.935838 0.205897
vt 0.939951 0.212305
vt 0.543636 0.181045
vt 0.544011 0.192448
vt 0.535614 0.192307
vt 0.530105 0.184359
vt 0.527165 0.191886
vt 0.566076 0.995865
vt 0.550967 0.995846
vt 0.963107 0.622990
vt 0.961828 0.632687
vt 0.528222 0.273239
vt 0.533429 0.267255
vt 0.520246 0.277149
vt 0.534595 0.150022
vt 0.527424 0.142356
vt 0.991802 0.474514
vt 0.993190 0.485428
vt 0.987718 0.465368
vt 0.985182 0.468617
vt 0.994261 0.521976
vt 0.556090 0.111687
vt 0.557447 0.121288
vt 0.548062 0.104277
vt 0.543691 0.100380
vt 0.979037 0.261277
vt 0.519427 0.878474
vt 0.519940 0.887780
vt 0.515135 0.909136
vt 0.520530 0.931579
vt 0.518552 0.825750
vt 0.519247 0.837134
vt 0.519101 0.384469
vt 0.508256 0.384061
vt 0.507910 0.400456
vt 0.506686 0.468545
vt 0.515714 0.446605
vt 0.515103 0.463148
vt 0.507225 0.443744
vt 0.514835 0.425533
vt 0.508044 0.421428
vt 0.541380 0.254198
vt 0.506899 0.565610
vt 0.507230 0.586379
vt 0.505742 0.564531
vt 0.977239 0.710996
vt 0.977973 0.732032
vt 0.976868 0.679082
vt 0.604725 0.099596
vt 0.581226 0.099045
vt 0.593722 0.091425
vt 0.580790 0.089659
vt 0.609156 0.093883
vt 0.565489 0.089445
vt 0.557040 0.084250
vt 0.545698 0.084081
vt 0.537978 0.092198
vt 0.561202 0.080306
vt 0.616455 0.091007
vt 0.608950 0.087776
vt 0.561505 0.243086
vt 0.540408 0.240052
vt 0.805599 0.906769
vt 0.803165 0.880047
vt 0.799000 0.861097
vt 0.799070 0.939181
vt 0.974628 0.442274
vt 0.798898 0.809432
vt 0.810505 0.813062
vt 0.831777 0.810283
vt 0.833852 0.812986
vt 0.810363 0.806980
vt 0.834108 0.807518
vt 0.863952 0.812688
vt 0.859794 0.810059
vt 0.527242 0.995823
vt 0.578906 0.083829
vt 0.582521 0.080284
vt 0.598298 0.083202
vt 0.596964 0.080404
vt 0.842455 0.185007
vt 0.830020 0.178782
vt 0.888130 0.173848
vt 0.891011 0.183089
vt 0.882021 0.160907
vt 0.893098 0.148579
vt 0.875383 0.165424
vt 0.868075 0.180325
vt 0.854583 0.181406
vt 0.911311 0.169606
vt 0.913412 0.185117
vt 0.901745 0.155212
vt 0.915739 0.157623
vt 0.904799 0.140252
vt 0.891898 0.137663
vt 0.912885 0.130391
vt 0.940814 0.161033
vt 0.933776 0.134980
vt 0.942630 0.147917
vt 0.953105 0.140101
vt 0.931059 0.116834
vt 0.917705 0.119848
vt 0.953126 0.158305
vt 0.927105 0.173391
vt 0.947017 0.177376
vt 0.926842 0.199519
vt 0.953204 0.181270
vt 0.921089 0.102569
vt 0.907417 0.109060
vt 0.901005 0.108844
vt 0.880299 0.142919
vt 0.947349 0.192655
vt 0.938356 0.200207
vt 0.951865 0.191661
vt 0.942493 0.203658
vt 0.908042 0.098761
vt 0.874898 0.146582
vt 0.961752 0.173436
vt 0.962114 0.157424
vt 0.961157 0.140021
vt 0.964506 0.147455
vt 0.958109 0.183012
vt 0.524452 0.206953
vt 0.524999 0.211893
vt 0.521691 0.209902
vt 0.518253 0.206028
vt 0.519897 0.199250
vt 0.979044 0.573977
vt 0.541142 0.137308
vt 0.529718 0.133354
vt 0.541608 0.224993
vt 0.529750 0.224635
vt 0.539871 0.229521
vt 0.542534 0.234676
vt 0.535896 0.082124
vt 0.531054 0.085345
vt 0.949211 0.397410
vt 0.650266 0.090066
vt 0.632085 0.090370
vt 0.952165 0.128758
vt 0.936745 0.117271
vt 0.935271 0.106951
vt 0.948703 0.121161
vt 0.528368 0.158739
vt 0.523219 0.159541
vt 0.524180 0.167599
vt 0.531298 0.166321
vt 0.536053 0.168451
vt 0.540924 0.173515
vt 0.519015 0.165652
vt 0.928145 0.105470
vt 0.924741 0.095368
vt 0.913346 0.090983
vt 0.519184 0.183651
vt 0.523249 0.176152
vt 0.529528 0.217349
vt 0.519803 0.136812
vt 0.517003 0.487800
vt 0.506631 0.495995
vt 0.506548 0.532359
vt 0.811935 0.838458
vt 0.818914 0.825733
vt 0.819236 0.838051
vt 0.845208 0.834109
vt 0.834809 0.821341
vt 0.847160 0.819528
vt 0.873058 0.828082
vt 0.867853 0.819479
vt 0.877014 0.814749
vt 0.883731 0.809876
vt 0.878030 0.809135
vt 0.816313 0.867445
vt 0.807909 0.859729
vt 0.817037 0.893157
vt 0.804555 0.844018
vt 0.829740 0.852987
vt 0.854352 0.850950
vt 0.841699 0.862423
vt 0.854358 0.876189
vt 0.837746 0.906458
vt 0.818617 0.911985
vt 0.872164 0.873118
vt 0.862978 0.901988
vt 0.868475 0.846839
vt 0.882836 0.838821
vt 0.898759 0.828585
vt 0.883940 0.866135
vt 0.900128 0.869628
vt 0.891114 0.892655
vt 0.918783 0.864783
vt 0.924770 0.852363
vt 0.931024 0.885742
vt 0.904131 0.823391
vt 0.911196 0.835426
vt 0.916795 0.823751
vt 0.951799 0.869324
vt 0.903785 0.907750
vt 0.917627 0.902140
vt 0.927262 0.916905
vt 0.945674 0.895278
vt 0.942860 0.934291
vt 0.877483 0.913901
vt 0.831377 0.923446
vt 0.810354 0.939804
vt 0.815440 0.943354
vt 0.843042 0.944503
vt 0.854265 0.918832
vt 0.870073 0.943225
vt 0.869397 0.935995
vt 0.882871 0.941966
vt 0.893777 0.937910
vt 0.895368 0.947871
vt 0.892989 0.957293
vt 0.884291 0.953353
vt 0.879236 0.945430
vt 0.896826 0.961033
vt 0.918188 0.931519
vt 0.920195 0.952134
vt 0.918532 0.963518
vt 0.926990 0.957677
vt 0.934263 0.962067
vt 0.934184 0.946094
vt 0.947433 0.953912
vt 0.947258 0.969253
vt 0.962142 0.950723
vt 0.959587 0.964456
vt 0.972492 0.956279
vt 0.977138 0.927407
vt 0.957239 0.894759
vt 0.962483 0.916505
vt 0.974420 0.881142
vt 0.966278 0.858586
vt 0.977425 0.863506
vt 0.977642 0.835873
vt 0.946356 0.836984
vt 0.933830 0.838073
vt 0.968399 0.833053
vt 0.933876 0.828093
vt 0.952202 0.824063
vt 0.979707 0.907458
vt 0.905345 0.962823
vt 0.909397 0.967762
vt 0.957182 0.976936
vt 0.975344 0.980993
vt 0.979762 0.973134
vt 0.981459 0.952628
vt 0.919014 0.967992
vt 0.920865 0.970933
vt 0.963086 0.989148
vt 0.967744 0.993462
vt 0.973433 0.995016
vt 0.964125 0.995655
vt 0.938143 0.978448
vt 0.929550 0.974125
vt 0.944000 0.990138
vt 0.940746 0.986968
vt 0.978124 0.828224
vt 0.900358 0.819678
vt 0.896350 0.813330
vt 0.892199 0.808649
vt 0.812369 0.944423
vt 0.784630 0.944505
vt 0.936001 0.983808
vt 0.817305 0.818132
vt 0.951850 0.206521
vt 0.661233 0.095335
vt 0.981329 0.980386
vt 0.540997 0.080321
vt 0.526717 0.196068
vt 0.864019 0.167697
vt 0.844803 0.176561
vt 0.855856 0.173781
vt 0.981291 0.924166
vt 0.981241 0.909596
vt 0.558103 0.247658
vt 0.548950 0.251032
vt 0.522597 0.148304
vt 0.951542 0.221848
vt 0.948264 0.207837
vt 0.542537 0.133067
vt 0.821639 0.172720
vt 0.819494 0.166775
vt 0.817719 0.161511
vt 0.515356 0.809997
vt 0.514975 0.832247
vt 0.514952 0.885353
vt 0.626660 0.092016
vt 0.620192 0.092141
vt 0.899697 0.808952
vt 0.957752 0.999271
vt 0.868822 0.810170
vt 0.860007 0.806987
vt 0.885167 0.133876
vt 0.543342 0.105910
vt 0.529159 0.090085
vt 0.552137 0.115439
vt 0.542543 0.118235
vt 0.546834 0.124301
vt 0.531065 0.102016
vt 0.533539 0.119784
vt 0.526803 0.114268
vt 0.525679 0.103799
vt 0.526746 0.095416
vt 0.522496 0.088332
vt 0.521117 0.106279
vt 0.519317 0.092265
vt 0.525634 0.118625
vt 0.524125 0.082221
vt 0.532963 0.122999
vt 0.522941 0.126336
vt 0.519360 0.124856
vt 0.529161 0.081779
vt 0.535892 0.125784
vt 0.524297 0.219975
vt 0.518163 0.223532
vt 0.970904 0.999051
vt 0.868003 0.154540
vt 0.867787 0.147770
vt 0.575859 0.995753
vt 0.979693 0.273921
vt 0.980490 0.343204
vt 0.979503 0.351989
vt 0.979442 0.324161
vt 0.980272 0.304968
vt 0.969515 0.361707
vt 0.518289 0.289745
vt 0.507820 0.370342
vt 0.977852 0.793018
vt 0.518776 0.480888
vt 0.506472 0.477904
vt 0.904918 0.091659
vt 0.901316 0.096912
vt 0.520596 0.271351
vt 0.933820 0.824102
vt 0.592062 0.986608
vt 0.978273 0.988058
vt 0.533880 0.129359
vt 0.808019 0.161155
vt 0.816780 0.159949
vt 0.824697 0.158412
vt 0.958422 0.386481
vt 0.528525 0.226634
vt 0.910356 0.084188
vt 0.515292 0.954124
vt 0.514864 0.934369
vt 0.515028 0.924045
vt 0.943924 0.209398
vt 0.942303 0.213256
vt 0.519082 0.143381
vt 0.968171 0.605892
vt 0.965621 0.590920
vt 0.973654 0.589522
vt 0.830181 0.170733
vt 0.826471 0.159670
vt 0.843436 0.171042
vt 0.836881 0.165893
vt 0.842658 0.162643
vt 0.946325 0.213482
vt 0.748698 0.944419
vt 0.941544 0.214209
vt 0.942550 0.219542
vt 0.865133 0.159949
vt 0.857782 0.167238
vt 0.849069 0.166760
vt 0.515366 0.729852
vt 0.520571 0.086470
vt 0.517977 0.152406
vt 0.606134 0.944893
vt 0.968950 0.600852
vt 0.507156 0.595467
vt 0.511211 0.605440
vt 0.512004 0.618200
vt 0.504490 0.542558
vt 0.504241 0.529064
vt 0.962913 0.129720
vt 0.962867 0.374056
vt 0.639089 0.089014
vt 0.641548 0.087060
vt 0.932888 0.978884
vt 0.926754 0.975718
vt 0.955686 0.190309
vt 0.953925 0.203640
vt 0.970705 0.597845
vt 0.962578 0.414598
vt 0.967279 0.424029
vt 0.965855 0.999461
vt 0.918931 0.089186
vt 0.914287 0.079732
vt 0.940680 0.113837
vt 0.952291 0.118883
vt 0.957732 0.125784
vt 0.902676 0.964447
vt 0.515131 0.766657
vt 0.978533 0.823989
vt 0.976453 0.674823
vt 0.945411 0.215731
vt 0.603523 0.951241
vt 0.602255 0.960209
vt 0.601835 0.080684
vt 0.610636 0.086872
vt 0.840210 0.162343
vt 0.831440 0.159266
vt 0.965566 0.136805
vt 0.517496 0.277205
vt 0.987732 0.553462
vt 0.716997 0.119505
vt 0.680930 0.944490
vt 0.646900 0.944373
vt 0.529570 0.260347
vt 0.928276 0.094008
vt 0.986466 0.277223
vt 0.986873 0.291227
vt 0.986793 0.327242
vt 0.979200 0.834039
vt 0.979294 0.867122
vt 0.614982 0.088959
vt 0.544951 0.247176
vt 0.967385 0.173515
vt 0.961368 0.185042
vt 0.979750 0.824735
vt 0.504302 0.497147
vt 0.971167 0.375126
vt 0.972858 0.365768
vt 0.978104 0.360473
vt 0.969652 0.384767
vt 0.965842 0.395170
vt 0.957583 0.397640
vt 0.967053 0.397704
vt 0.976281 0.375128
vt 0.978806 0.366618
vt 0.976294 0.386612
vt 0.973292 0.397266
vt 0.975081 0.394713
vt 0.972297 0.405312
vt 0.509087 0.358675
vt 0.506839 0.368462
vt 0.506072 0.376809
vt 0.505711 0.387500
vt 0.999448 0.510267
vt 0.873794 0.945981
vt 0.880437 0.949946
vt 0.859575 0.944206
vt 0.511907 0.645099
vt 0.504301 0.482048
vt 0.861953 0.150393
vt 0.859417 0.155753
vt 0.663778 0.102512
vt 0.666522 0.108056
vt 0.908039 0.812933
vt 0.908653 0.818558
vt 0.981018 0.452396
vt 0.519086 0.104227
vt 0.538549 0.243138
vt 0.708038 0.944379
vt 0.977817 0.383618
vt 0.980523 0.376930
vt 0.982452 0.370650
vt 0.985901 0.336405
vt 0.537087 0.258723
vt 0.534389 0.253845
vt 0.539277 0.251807
vt 0.588114 0.991684
vt 0.796435 0.154459
vt 0.839389 0.158617
vt 0.914562 0.809829
vt 0.511962 0.350750
vt 0.515597 0.276495
vt 0.514454 0.336468
vt 0.535201 0.234689
vt 0.534951 0.231479
vt 0.875033 0.143331
vt 0.968452 0.146222
vt 0.922613 0.082037
vt 0.950179 0.214206
vt 0.955717 0.222758
vt 0.964103 0.229210
vt 0.951792 0.217444
vt 0.524717 0.216813
vt 0.519471 0.216356
vt 0.519686 0.218392
vt 0.517349 0.215728
vt 0.968438 0.156039
vt 0.511890 0.669115
vt 0.517079 0.270852
vt 0.965465 0.411426
vt 0.505858 0.420596
vt 0.505991 0.441600
vt 0.505381 0.467658
vt 0.903545 0.965782
vt 0.534396 0.237472
vt 0.855673 0.160150
vt 0.658600 0.092492
vt 0.804770 0.157257
vt 0.810418 0.159548
vt 0.972469 0.431614
vt 0.505623 0.402810
vt 0.532906 0.256624
vt 0.958902 0.196152
vt 0.832652 0.155353
vt 0.519068 0.995733
vt 0.511444 0.696016
vt 0.839386 0.153070
vt 0.948709 0.994787
vt 0.953494 0.998975
vt 0.961410 0.120176
vt 0.911088 0.080146
vt 0.522959 0.148416
vt 0.955752 0.213528
vt 0.907705 0.084201
vt 0.526629 0.234426
vt 0.534234 0.232412
vt 0.526359 0.230577
vt 0.524911 0.227635
vt 0.522377 0.234245
vt 0.521866 0.230895
vt 0.522078 0.227727
vt 0.516727 0.231017
vt 0.516830 0.227166
vt 0.512756 0.227761
vt 0.509519 0.229494
vt 0.513068 0.224621
vt 0.991887 0.540109
vt 0.916512 0.810804
vt 0.522133 0.260538
vt 0.520140 0.264589
vt 0.633890 0.088475
vt 0.598967 0.978904
vt 0.596549 0.981203
vt 0.595755 0.985689
vt 0.516686 0.186981
vt 0.516721 0.165994
vt 0.938894 0.102581
vt 0.943605 0.109975
vt 0.951764 0.113735
vt 0.510013 0.353094
vt 0.518276 0.212237
vt 0.983305 0.564765
vt 0.849918 0.162086
vt 0.843282 0.153974
vt 0.971501 0.414592
vt 0.853005 0.144355
vt 0.504112 0.469168
vt 0.996031 0.486426
vt 0.999525 0.499282
vt 0.920489 0.817753
vt 0.925573 0.813842
vt 0.938556 0.817878
vt 0.944209 0.813504
vt 0.953578 0.817430
vt 0.965745 0.812754
vt 0.970121 0.817807
vt 0.972240 0.812809
vt 0.965556 0.810398
vt 0.972635 0.810411
vt 0.979009 0.813819
vt 0.978939 0.817166
vt 0.967992 0.821190
vt 0.978666 0.820832
vt 0.514770 0.222435
vt 0.512431 0.720616
vt 0.979502 0.727630
vt 0.968780 0.128482
vt 0.518767 0.233575
vt 0.979045 0.792191
vt 0.516125 0.219455
vt 0.853074 0.148545
vt 0.848782 0.141032
vt 0.850177 0.148793
vt 0.852835 0.155434
vt 0.849645 0.156922
vt 0.844341 0.147747
vt 0.842281 0.144567
vt 0.835486 0.152278
vt 0.998392 0.523162
vt 0.923516 0.973400
vt 0.971810 0.238323
vt 0.753638 0.135057
vt 0.754602 0.136667
vt 0.759695 0.138579
vt 0.761474 0.140699
vt 0.767978 0.144075
vt 0.504644 0.566666
vt 0.843818 0.151614
vt 0.971095 0.160034
vt 0.949690 0.100702
vt 0.943651 0.100971
vt 0.945358 0.095491
vt 0.939795 0.091939
vt 0.971158 0.137599
vt 0.512161 0.807462
vt 0.512116 0.828855
vt 0.512360 0.763128
vt 0.985426 0.270333
vt 0.539054 0.246958
vt 0.958487 0.641342
vt 0.959699 0.635036
vt 0.788333 0.149672
vt 0.795076 0.152754
vt 0.779795 0.147586
vt 0.609107 0.946675
vt 0.608010 0.952335
vt 0.890700 0.957643
vt 0.884846 0.954604
vt 0.514795 0.224896
vt 0.979433 0.748129
vt 0.877329 0.140990
vt 0.882021 0.137089
vt 0.983971 0.369001
vt 0.985191 0.361341
vt 0.902632 0.806808
vt 0.915984 0.807297
vt 0.511820 0.931036
vt 0.512069 0.880403
vt 0.511604 0.903375
vt 0.507009 0.616736
vt 0.507176 0.643643
vt 0.979690 0.770744
vt 0.930993 0.088154
vt 0.927170 0.079460
vt 0.970597 0.121013
vt 0.514679 0.263032
vt 0.516998 0.261915
vt 0.951929 0.821270
vt 0.934357 0.821634
vt 0.915530 0.821413
vt 0.515554 0.199061
vt 0.969070 0.163067
vt 0.903090 0.090277
vt 0.987868 0.349394
vt 0.987620 0.355278
vt 0.955841 0.105696
vt 0.962721 0.114784
vt 0.962818 0.109805
vt 0.967932 0.112573
vt 0.968946 0.118741
vt 0.956745 0.207047
vt 0.531751 0.239647
vt 0.995919 0.481911
vt 0.980295 0.813681
vt 0.514613 0.164960
vt 0.514819 0.184423
vt 0.908731 0.081576
vt 0.742204 0.128420
vt 0.735329 0.123886
vt 0.728886 0.121023
vt 0.935488 0.084973
vt 0.938701 0.089561
vt 0.919036 0.079563
vt 0.950174 0.811102
vt 0.925016 0.811611
vt 0.929797 0.810705
vt 0.981606 0.807458
vt 0.528460 0.236874
vt 0.979604 0.703522
vt 0.778380 0.145889
vt 0.909905 0.969088
vt 0.933351 0.082024
vt 0.526112 0.256308
vt 0.534427 0.248423
vt 0.965079 0.620045
vt 0.954671 0.207236
vt 0.958867 0.206172
vt 0.606235 0.960304
vt 0.602167 0.966117
vt 0.766502 0.142247
vt 0.522193 0.257627
vt 0.533790 0.250850
vt 0.503145 0.537621
vt 0.897664 0.962603
vt 0.515185 0.995571
vt 0.536934 0.080644
vt 0.532977 0.080014
vt 0.514868 0.210023
vt 0.610710 0.946157
vt 0.964508 0.806986
vt 0.978877 0.806487
vt 0.613641 0.944882
vt 0.987360 0.359748
vt 0.834456 0.152474
vt 0.945268 0.992532
vt 0.922565 0.080045
vt 0.979275 0.678299
vt 0.961398 0.193759
vt 0.581578 0.995658
vt 0.942130 0.989363
vt 0.941852 0.807251
vt 0.965436 0.180760
vt 0.962702 0.187964
vt 0.967124 0.178808
vt 0.529071 0.253780
vt 0.517387 0.128739
vt 0.517102 0.141923
vt 0.515472 0.144808
vt 0.515481 0.206432
vt 0.747993 0.131386
vt 0.980216 0.821400
vt 0.649735 0.088628
vt 0.527134 0.244201
vt 0.610236 0.085874
vt 0.973987 0.811118
vt 0.980502 0.809376
vt 0.503416 0.546736
vt 0.503112 0.557680
vt 0.707510 0.121088
vt 0.698607 0.125117
vt 0.961164 0.638441
vt 0.964347 0.811144
vt 0.529083 0.251571
vt 0.963636 0.187676
vt 0.504004 0.559318
vt 0.979753 0.827200
vt 0.831724 0.154241
vt 0.827111 0.156477
vt 0.963091 0.225542
vt 0.514272 0.253885
vt 0.518525 0.258365
vt 0.516928 0.110533
vt 0.502849 0.498442
vt 0.513596 0.232036
vt 0.516612 0.256347
vt 0.520152 0.999461
vt 0.537285 0.999325
vt 0.522903 0.241816
vt 0.517282 0.098316
vt 0.948917 0.995790
vt 0.980025 0.811426
vt 0.972716 0.997453
vt 0.899822 0.097730
vt 0.905535 0.085945
vt 0.527932 0.079484
vt 0.679584 0.124596
vt 0.687777 0.127155
vt 0.977149 0.386268
vt 0.975820 0.992596
vt 0.520351 0.248530
vt 0.514014 0.238612
vt 0.525704 0.253821
vt 0.960293 0.196041
vt 0.979165 0.809588
vt 0.519545 0.245532
vt 0.509147 0.236411
vt 0.520911 0.084347
vt 0.882383 0.952328
vt 0.526979 0.253013
vt 0.519707 0.250989
vt 0.522346 0.253487
vt 0.519136 0.253276
vt 0.517727 0.252481
vt 0.511426 0.246190
vt 0.513106 0.250720
vt 0.506921 0.234343
vt 0.974984 0.396420
vt 0.972533 0.404266
vt 0.507839 0.229089
vt 0.510757 0.225171
vt 0.508739 0.247614
vt 0.508696 0.244716
vt 0.507717 0.247814
vt 0.506987 0.243509
vt 0.505824 0.244593
vt 0.884821 0.133111
vt 0.971630 0.146555
vt 0.518762 0.089503
vt 0.505566 0.240633
vt 0.506287 0.236783
vt 0.506691 0.226511
vt 0.506362 0.230445
vt 0.949199 0.099510
vt 0.969067 0.114034
vt 0.969907 0.119292
vt 0.513407 0.265735
vt 0.512879 0.261100
vt 0.505861 0.247744
vt 0.833641 0.151754
vt 0.900743 0.096013
vt 0.957094 0.207499
vt 0.754963 0.136285
vt 0.761765 0.140193
vt 0.749489 0.132846
vt 0.940639 0.091752
vt 0.639445 0.086765
vt 0.797129 0.154119
vt 0.510037 0.251054
vt 0.508413 0.250926
vt 0.511577 0.253643
vt 0.512942 0.257927
vt 0.928914 0.079288
vt 0.780229 0.147020
vt 0.768300 0.143547
vt 0.003324 0.136012
vt 0.002424 0.141512
vt 0.002805 0.147249
vt 0.003126 0.126451
vt 0.002838 0.131273
vt 0.002374 0.125341
vt 0.002805 0.118123
vt 0.543676 0.011699
vt 0.542735 0.021627
vt 0.543685 0.030937
vt 0.543101 0.045847
vt 0.543101 0.002697
vt 0.009022 0.875405
vt 0.009022 0.909925
vt 0.008072 0.898184
vt 0.773235 0.035401
vt 0.770675 0.034308
vt 0.775587 0.033789
vt 0.777939 0.035145
vt 0.778006 0.033036
vt 0.782643 0.034829
vt 0.784021 0.032902
vt 0.786615 0.033821
vt 0.784897 0.035672
vt 0.789649 0.037217
vt 0.772013 0.036706
vt 0.768232 0.036414
vt 0.766525 0.034862
vt 0.764525 0.035990
vt 0.762108 0.033611
vt 0.774450 0.037217
vt 0.118053 0.998382
vt 0.125831 0.997303
vt 0.113485 0.997303
vt 0.020094 0.009160
vt 0.018519 0.016208
vt 0.020418 0.015502
vt 0.018864 0.019957
vt 0.019258 0.009431
vt 0.018864 0.007012
vt 0.177119 0.915318
vt 0.185660 0.914239
vt 0.176163 0.914239
vt 0.996676 0.741502
vt 0.996359 0.741349
vt 0.995004 0.754430
vt 0.995601 0.737325
vt 0.993827 0.751776
vt 0.996676 0.811758
vt 0.995217 0.757897
vt 0.330959 0.008446
vt 0.342568 0.008091
vt 0.342741 0.009169
vt 0.346154 0.008446
vt 0.852327 0.095029
vt 0.849478 0.089542
vt 0.851024 0.094747
vt 0.851096 0.088997
vt 0.851096 0.099784
vt 0.849493 0.095290
vt 0.026116 0.929595
vt 0.025166 0.941208
vt 0.025166 0.929342
vt 0.428775 0.988519
vt 0.422515 0.988673
vt 0.419024 0.987594
vt 0.414530 0.988519
vt 0.604463 0.056857
vt 0.605412 0.056039
vt 0.605413 0.047168
vt 0.605264 0.059871
vt 0.604602 0.046328
vt 0.605264 0.039374
vt 0.913718 0.013375
vt 0.926673 0.017671
vt 0.926488 0.018000
vt 0.913514 0.012335
vt 0.927338 0.019964
vt 0.921780 0.017805
vt 0.819814 0.025687
vt 0.823967 0.018284
vt 0.820200 0.026531
vt 0.818139 0.027508
vt 0.932145 0.022106
vt 0.933268 0.024066
vt 0.932784 0.025978
vt 0.937797 0.027508
vt 0.923203 0.019784
vt 0.921138 0.025523
vt 0.913426 0.022571
vt 0.904946 0.013199
vt 0.905160 0.011055
vt 0.882437 0.014714
vt 0.881563 0.010732
vt 0.870265 0.012180
vt 0.884570 0.008280
vt 0.880631 0.004183
vt 0.899142 0.007157
vt 0.865707 0.004870
vt 0.865594 0.003298
vt 0.860635 0.008076
vt 0.860922 0.003013
vt 0.855535 0.004212
vt 0.849400 0.011167
vt 0.854836 0.017009
vt 0.864095 0.011808
vt 0.845926 0.018606
vt 0.836383 0.012185
vt 0.841098 0.020724
vt 0.833345 0.019704
vt 0.831036 0.012027
vt 0.829253 0.014513
vt 0.823618 0.026242
vt 0.848242 0.005807
vt 0.842488 0.007543
vt 0.882918 0.003134
vt 0.838348 0.009775
vt 0.911618 0.010774
vt 0.875250 0.001618
vt 0.873292 0.002778
vt 0.827326 0.015253
vt 0.862262 0.002044
vt 0.848148 0.005127
vt 0.836191 0.010943
vt 0.021101 0.118123
vt 0.015980 0.120281
vt 0.024217 0.119174
vt 0.009972 0.119174
vt 0.822887 0.103020
vt 0.822887 0.114887
vt 0.821937 0.105378
vt 0.643400 0.983497
vt 0.644743 0.988468
vt 0.643753 0.989847
vt 0.644406 0.983214
vt 0.644679 0.973519
vt 0.646235 0.971413
vt 0.646235 0.994067
vt 0.646249 0.980145
vt 0.132915 0.972492
vt 0.140076 0.973344
vt 0.130499 0.973178
vt 0.124942 0.972583
vt 0.134242 0.974017
vt 0.126128 0.974649
vt 0.121810 0.974096
vt 0.118314 0.974125
vt 0.117284 0.973344
vt 0.580898 0.042944
vt 0.580722 0.041810
vt 0.584956 0.037597
vt 0.604304 0.031172
vt 0.605796 0.025782
vt 0.607601 0.028957
vt 0.598331 0.028517
vt 0.612471 0.026527
vt 0.598276 0.033140
vt 0.592835 0.032168
vt 0.592959 0.036328
vt 0.587196 0.037701
vt 0.586620 0.040391
vt 0.582445 0.043689
vt 0.609901 0.029618
vt 0.599499 0.035822
vt 0.605096 0.034295
vt 0.613096 0.029732
vt 0.616302 0.026810
vt 0.616008 0.024446
vt 0.622008 0.022898
vt 0.625544 0.025951
vt 0.625551 0.022822
vt 0.632976 0.025228
vt 0.613526 0.023115
vt 0.592103 0.030689
vt 0.600059 0.026584
vt 0.587130 0.035314
vt 0.616710 0.019791
vt 0.620716 0.020300
vt 0.597900 0.026801
vt 0.607976 0.022983
vt 0.626166 0.017822
vt 0.610870 0.019669
vt 0.613521 0.019261
vt 0.662215 0.030559
vt 0.648811 0.027034
vt 0.661085 0.027177
vt 0.642118 0.021954
vt 0.677480 0.034558
vt 0.680664 0.032809
vt 0.637663 0.023782
vt 0.634238 0.020251
vt 0.694683 0.039001
vt 0.695747 0.037085
vt 0.631101 0.021583
vt 0.699422 0.040449
vt 0.699686 0.038774
vt 0.631467 0.017799
vt 0.637515 0.018841
vt 0.638513 0.027250
vt 0.648131 0.030193
vt 0.663124 0.034247
vt 0.695282 0.043063
vt 0.699253 0.043689
vt 0.703229 0.041819
vt 0.025166 0.912082
vt 0.026116 0.914577
vt 0.025166 0.921791
vt 0.514311 0.119202
vt 0.513295 0.128434
vt 0.514311 0.129989
vt 0.515195 0.128304
vt 0.222697 0.949148
vt 0.223335 0.954100
vt 0.223695 0.948380
vt 0.224600 0.942189
vt 0.224943 0.954153
vt 0.225968 0.943131
vt 0.226432 0.947082
vt 0.226496 0.951280
vt 0.226496 0.939051
vt 0.742555 0.119202
vt 0.746220 0.119715
vt 0.734568 0.120281
vt 0.757360 0.120281
vt 0.368678 0.003891
vt 0.362217 0.004846
vt 0.361707 0.003821
vt 0.372745 0.004846
vt 0.358543 0.003985
vt 0.356415 0.004854
vt 0.352584 0.003803
vt 0.352408 0.004670
vt 0.348053 0.002697
vt 0.965422 0.037803
vt 0.966349 0.037308
vt 0.965882 0.030006
vt 0.965337 0.039583
vt 0.967315 0.007012
vt 0.967446 0.015778
vt 0.970085 0.010511
vt 0.967712 0.024107
vt 0.966424 0.018974
vt 0.965425 0.022548
vt 0.966523 0.027927
vt 0.968667 0.037189
vt 0.966146 0.046975
vt 0.970085 0.050883
vt 0.967970 0.053398
vt 0.489045 0.944444
vt 0.489504 0.945331
vt 0.480482 0.946602
vt 0.479189 0.944656
vt 0.474359 0.946402
vt 0.492403 0.946402
vt 0.179726 0.079041
vt 0.179664 0.079623
vt 0.177157 0.077587
vt 0.187488 0.081033
vt 0.172800 0.074856
vt 0.172781 0.075725
vt 0.170326 0.073154
vt 0.175181 0.079414
vt 0.181254 0.081499
vt 0.167774 0.076659
vt 0.166378 0.070918
vt 0.190950 0.082617
vt 0.193851 0.080736
vt 0.198781 0.079255
vt 0.199491 0.078342
vt 0.207337 0.075721
vt 0.167008 0.069249
vt 0.163552 0.064739
vt 0.055001 0.021220
vt 0.049331 0.026922
vt 0.051404 0.024100
vt 0.044428 0.029433
vt 0.275384 0.041930
vt 0.272638 0.043561
vt 0.268902 0.044714
vt 0.266988 0.046645
vt 0.261989 0.049185
vt 0.261448 0.050265
vt 0.256255 0.052394
vt 0.282908 0.040873
vt 0.146728 0.361259
vt 0.106587 0.370841
vt 0.102958 0.350325
vt 0.124549 0.337636
vt 0.135870 0.342074
vt 0.150308 0.335632
vt 0.124409 0.306789
vt 0.109337 0.339106
vt 0.111384 0.317017
vt 0.094870 0.330003
vt 0.082539 0.349481
vt 0.081745 0.344963
vt 0.084695 0.315611
vt 0.066649 0.371271
vt 0.086501 0.365787
vt 0.066940 0.401219
vt 0.081983 0.396022
vt 0.098362 0.390810
vt 0.114210 0.394184
vt 0.085083 0.412508
vt 0.099688 0.416369
vt 0.103578 0.443108
vt 0.072748 0.451382
vt 0.066308 0.426064
vt 0.043823 0.411783
vt 0.053967 0.390704
vt 0.029230 0.394082
vt 0.045949 0.374080
vt 0.052168 0.352785
vt 0.060940 0.344845
vt 0.067066 0.334692
vt 0.049210 0.337052
vt 0.058722 0.324303
vt 0.035686 0.366813
vt 0.034763 0.380639
vt 0.027843 0.413441
vt 0.038850 0.434459
vt 0.051837 0.441884
vt 0.029774 0.454375
vt 0.021027 0.440029
vt 0.033828 0.460521
vt 0.040542 0.511892
vt 0.077791 0.501055
vt 0.091751 0.468737
vt 0.135661 0.500196
vt 0.148384 0.469396
vt 0.130280 0.435372
vt 0.168286 0.431465
vt 0.191529 0.497497
vt 0.122199 0.415309
vt 0.187099 0.549960
vt 0.227767 0.515491
vt 0.222807 0.475648
vt 0.207498 0.447002
vt 0.261878 0.502246
vt 0.248774 0.457994
vt 0.272044 0.463720
vt 0.307410 0.492443
vt 0.305016 0.460925
vt 0.296965 0.419384
vt 0.321100 0.399491
vt 0.343551 0.452868
vt 0.362149 0.505209
vt 0.323721 0.505483
vt 0.399422 0.498137
vt 0.273353 0.525426
vt 0.256633 0.525789
vt 0.268005 0.546830
vt 0.245045 0.552696
vt 0.267100 0.555458
vt 0.245759 0.540214
vt 0.245247 0.522472
vt 0.218046 0.544923
vt 0.226830 0.531688
vt 0.232404 0.549609
vt 0.210453 0.555293
vt 0.193383 0.568907
vt 0.177447 0.560470
vt 0.165591 0.544044
vt 0.161910 0.558654
vt 0.132979 0.537983
vt 0.109879 0.526657
vt 0.103532 0.540864
vt 0.086080 0.550432
vt 0.075718 0.537217
vt 0.051324 0.530899
vt 0.123585 0.548311
vt 0.086197 0.556384
vt 0.230275 0.561054
vt 0.246378 0.562204
vt 0.029035 0.504707
vt 0.030922 0.514005
vt 0.137570 0.380334
vt 0.237617 0.441402
vt 0.265037 0.404396
vt 0.217581 0.417784
vt 0.228219 0.390899
vt 0.243898 0.342683
vt 0.198281 0.368678
vt 0.213800 0.331949
vt 0.194433 0.410330
vt 0.179893 0.370626
vt 0.153731 0.394058
vt 0.162865 0.368915
vt 0.187025 0.341918
vt 0.193547 0.254255
vt 0.181524 0.288112
vt 0.191711 0.236660
vt 0.209422 0.283435
vt 0.182298 0.317339
vt 0.196020 0.289375
vt 0.147162 0.298204
vt 0.161959 0.297936
vt 0.162727 0.263218
vt 0.122382 0.265989
vt 0.138558 0.241730
vt 0.119448 0.287783
vt 0.099490 0.294871
vt 0.069151 0.319227
vt 0.075498 0.289900
vt 0.077833 0.267378
vt 0.060634 0.271776
vt 0.072079 0.241567
vt 0.073353 0.226524
vt 0.067051 0.198757
vt 0.082081 0.190636
vt 0.105727 0.172421
vt 0.078810 0.170717
vt 0.115787 0.184544
vt 0.109535 0.146922
vt 0.138221 0.150823
vt 0.116916 0.132178
vt 0.162253 0.132658
vt 0.171123 0.147391
vt 0.196988 0.136843
vt 0.208016 0.169076
vt 0.223643 0.138220
vt 0.291854 0.158901
vt 0.270419 0.166249
vt 0.275591 0.142243
vt 0.293181 0.146939
vt 0.283261 0.119182
vt 0.256826 0.154708
vt 0.227184 0.219205
vt 0.242768 0.290923
vt 0.244000 0.224818
vt 0.281299 0.353338
vt 0.252357 0.380232
vt 0.300392 0.351709
vt 0.376073 0.462741
vt 0.475633 0.501354
vt 0.458847 0.496375
vt 0.475583 0.491458
vt 0.461319 0.504781
vt 0.442136 0.505783
vt 0.425179 0.494331
vt 0.426439 0.501251
vt 0.398112 0.486357
vt 0.382677 0.442248
vt 0.395398 0.459273
vt 0.392211 0.440029
vt 0.375793 0.419552
vt 0.368387 0.421880
vt 0.356284 0.421097
vt 0.341715 0.397555
vt 0.319831 0.376457
vt 0.317290 0.354914
vt 0.308868 0.329099
vt 0.293915 0.291854
vt 0.273697 0.273709
vt 0.288769 0.269744
vt 0.271817 0.253076
vt 0.256041 0.231786
vt 0.255430 0.203825
vt 0.253979 0.182033
vt 0.245190 0.096547
vt 0.260935 0.116515
vt 0.209560 0.103299
vt 0.218614 0.093470
vt 0.199027 0.090320
vt 0.177465 0.095157
vt 0.143671 0.113364
vt 0.164750 0.086767
vt 0.155087 0.090721
vt 0.144155 0.089812
vt 0.131191 0.087805
vt 0.120204 0.121259
vt 0.101048 0.100648
vt 0.104229 0.072425
vt 0.115552 0.074354
vt 0.114311 0.059880
vt 0.105479 0.032302
vt 0.076754 0.061305
vt 0.075186 0.048738
vt 0.086248 0.032184
vt 0.049367 0.066223
vt 0.057085 0.054387
vt 0.053708 0.095401
vt 0.081944 0.087685
vt 0.059170 0.096820
vt 0.083284 0.113654
vt 0.063967 0.111187
vt 0.056498 0.115259
vt 0.058471 0.121886
vt 0.045669 0.087287
vt 0.044866 0.099295
vt 0.040565 0.095486
vt 0.094602 0.124089
vt 0.082395 0.130356
vt 0.082540 0.150331
vt 0.060555 0.162779
vt 0.061839 0.150279
vt 0.073063 0.136379
vt 0.055478 0.181623
vt 0.047897 0.201851
vt 0.061170 0.216850
vt 0.045577 0.244959
vt 0.044071 0.202741
vt 0.045537 0.260003
vt 0.047847 0.273871
vt 0.065254 0.281788
vt 0.190426 0.183562
vt 0.162792 0.169792
vt 0.151510 0.189779
vt 0.177513 0.211927
vt 0.161138 0.231137
vt 0.136828 0.214702
vt 0.114447 0.219651
vt 0.099829 0.256362
vt 0.090741 0.223571
vt 0.089261 0.257080
vt 0.401515 0.505647
vt 0.328820 0.357214
vt 0.335453 0.383821
vt 0.270360 0.226163
vt 0.268912 0.204094
vt 0.265576 0.189597
vt 0.291503 0.169498
vt 0.278212 0.172738
vt 0.266474 0.182442
vt 0.095681 0.020619
vt 0.016566 0.457704
vt 0.013187 0.454680
vt 0.050571 0.111519
vt 0.045081 0.106946
vt 0.086121 0.017630
vt 0.055897 0.545034
vt 0.044820 0.542365
vt 0.041614 0.537367
vt 0.034694 0.522668
vt 0.047578 0.552554
vt 0.069127 0.547148
vt 0.036941 0.531368
vt 0.020592 0.404795
vt 0.023043 0.390833
vt 0.013238 0.400674
vt 0.010077 0.418591
vt 0.010066 0.438378
vt 0.023211 0.382232
vt 0.353702 0.405537
vt 0.346441 0.386398
vt 0.026429 0.375083
vt 0.040435 0.372430
vt 0.489120 0.489323
vt 0.488293 0.503146
vt 0.497593 0.491221
vt 0.497603 0.502041
vt 0.494747 0.511722
vt 0.297328 0.158925
vt 0.273477 0.117140
vt 0.261595 0.095295
vt 0.246099 0.085032
vt 0.280563 0.105390
vt 0.289636 0.108843
vt 0.297794 0.122208
vt 0.295851 0.093327
vt 0.303046 0.099842
vt 0.308014 0.087895
vt 0.295040 0.082816
vt 0.299634 0.147075
vt 0.237439 0.082051
vt 0.302757 0.518456
vt 0.282597 0.537892
vt 0.322126 0.512401
vt 0.295234 0.542122
vt 0.300764 0.532353
vt 0.311096 0.521171
vt 0.278607 0.546322
vt 0.274002 0.559224
vt 0.309380 0.313913
vt 0.302822 0.290795
vt 0.303257 0.266105
vt 0.320898 0.326799
vt 0.314609 0.311610
vt 0.333134 0.334637
vt 0.337683 0.322740
vt 0.321133 0.309571
vt 0.177770 0.083930
vt 0.194519 0.084405
vt 0.167967 0.080623
vt 0.046785 0.175909
vt 0.053742 0.156864
vt 0.038773 0.266582
vt 0.036558 0.242525
vt 0.036468 0.224602
vt 0.034849 0.200580
vt 0.037766 0.182605
vt 0.049636 0.148812
vt 0.047107 0.162614
vt 0.286052 0.253405
vt 0.295770 0.260517
vt 0.275027 0.233311
vt 0.284658 0.226093
vt 0.282152 0.204067
vt 0.282422 0.191415
vt 0.281708 0.182799
vt 0.292241 0.186726
vt 0.297810 0.170927
vt 0.304648 0.242101
vt 0.025994 0.462052
vt 0.016313 0.468865
vt 0.019447 0.473921
vt 0.030563 0.487298
vt 0.022056 0.479514
vt 0.024806 0.488551
vt 0.026682 0.499223
vt 0.093579 0.010880
vt 0.281419 0.085076
vt 0.269737 0.083329
vt 0.261315 0.077241
vt 0.244076 0.071660
vt 0.252957 0.065105
vt 0.267589 0.058183
vt 0.278494 0.067255
vt 0.293251 0.059950
vt 0.310426 0.062631
vt 0.323466 0.082367
vt 0.323084 0.063044
vt 0.316197 0.053011
vt 0.302152 0.054803
vt 0.278684 0.053256
vt 0.298461 0.049841
vt 0.336242 0.055959
vt 0.329039 0.045248
vt 0.271912 0.050389
vt 0.290759 0.041031
vt 0.041915 0.545054
vt 0.036354 0.356186
vt 0.039343 0.347734
vt 0.475617 0.482564
vt 0.459720 0.487351
vt 0.442441 0.489726
vt 0.421874 0.486488
vt 0.316196 0.088943
vt 0.258151 0.055080
vt 0.073916 0.037094
vt 0.082431 0.030601
vt 0.068362 0.047473
vt 0.041441 0.154747
vt 0.038287 0.160604
vt 0.031652 0.168060
vt 0.037180 0.175105
vt 0.026309 0.180445
vt 0.320713 0.120147
vt 0.325204 0.141709
vt 0.325368 0.164600
vt 0.319620 0.140861
vt 0.326516 0.114804
vt 0.314517 0.119526
vt 0.497814 0.474389
vt 0.295279 0.195595
vt 0.306561 0.228186
vt 0.295900 0.224866
vt 0.307128 0.208225
vt 0.308906 0.192104
vt 0.307100 0.184957
vt 0.315680 0.230954
vt 0.317131 0.251120
vt 0.059464 0.556776
vt 0.051501 0.561544
vt 0.070111 0.556107
vt 0.079083 0.143302
vt 0.497953 0.516459
vt 0.122285 0.554849
vt 0.094246 0.562853
vt 0.135685 0.559897
vt 0.169219 0.568551
vt 0.150519 0.567381
vt 0.053661 0.343285
vt 0.412053 0.488485
vt 0.409182 0.480920
vt 0.404463 0.471436
vt 0.124884 0.065962
vt 0.118514 0.057589
vt 0.109218 0.043364
vt 0.125020 0.075967
vt 0.136884 0.083369
vt 0.057279 0.297239
vt 0.053999 0.287927
vt 0.047098 0.293834
vt 0.048941 0.284882
vt 0.336170 0.366503
vt 0.359531 0.326329
vt 0.348523 0.327465
vt 0.354879 0.316171
vt 0.355246 0.302726
vt 0.337563 0.339246
vt 0.367438 0.308199
vt 0.341747 0.289026
vt 0.333885 0.278045
vt 0.356671 0.281471
vt 0.370929 0.332826
vt 0.360304 0.350316
vt 0.321726 0.229637
vt 0.319030 0.209101
vt 0.323958 0.268472
vt 0.321492 0.188124
vt 0.426665 0.514656
vt 0.443244 0.520699
vt 0.452365 0.520289
vt 0.344861 0.305700
vt 0.086821 0.005156
vt 0.081157 0.017716
vt 0.018763 0.389386
vt 0.013600 0.394779
vt 0.067801 0.137458
vt 0.068017 0.133838
vt 0.073496 0.128595
vt 0.062791 0.140207
vt 0.063978 0.137261
vt 0.205502 0.080792
vt 0.216247 0.078616
vt 0.231054 0.071425
vt 0.415622 0.455465
vt 0.399633 0.447658
vt 0.414955 0.436990
vt 0.413270 0.468912
vt 0.403452 0.418556
vt 0.391537 0.420533
vt 0.323222 0.281903
vt 0.319245 0.280782
vt 0.306951 0.284634
vt 0.312636 0.252757
vt 0.076401 0.124081
vt 0.066223 0.115579
vt 0.047432 0.051514
vt 0.041086 0.066072
vt 0.045809 0.073108
vt 0.056165 0.043854
vt 0.352127 0.347337
vt 0.360873 0.511943
vt 0.336695 0.519487
vt 0.315917 0.162873
vt 0.313312 0.140792
vt 0.032076 0.362978
vt 0.053202 0.121355
vt 0.060434 0.125955
vt 0.321407 0.171466
vt 0.312231 0.179186
vt 0.313389 0.168640
vt 0.303904 0.168702
vt 0.303589 0.158383
vt 0.306539 0.133460
vt 0.028981 0.368925
vt 0.057686 0.140689
vt 0.051987 0.144121
vt 0.054654 0.135938
vt 0.051536 0.130366
vt 0.048713 0.122834
vt 0.101513 0.019642
vt 0.424853 0.457094
vt 0.423428 0.470858
vt 0.438477 0.473261
vt 0.455301 0.471305
vt 0.419469 0.412253
vt 0.411474 0.417946
vt 0.405038 0.407646
vt 0.434283 0.455940
vt 0.489236 0.470638
vt 0.495153 0.456995
vt 0.497159 0.450562
vt 0.482605 0.452676
vt 0.477076 0.467564
vt 0.456697 0.456679
vt 0.494347 0.434965
vt 0.499426 0.418573
vt 0.500231 0.448303
vt 0.339115 0.070328
vt 0.341043 0.089687
vt 0.342958 0.118523
vt 0.353793 0.109399
vt 0.362699 0.072423
vt 0.367981 0.107368
vt 0.375904 0.079108
vt 0.371513 0.057141
vt 0.387195 0.059682
vt 0.381596 0.041062
vt 0.360757 0.039833
vt 0.399107 0.066474
vt 0.398552 0.042509
vt 0.383135 0.094708
vt 0.401766 0.087593
vt 0.413882 0.079596
vt 0.425481 0.070494
vt 0.424500 0.102643
vt 0.407954 0.115480
vt 0.408805 0.124538
vt 0.431651 0.120944
vt 0.384293 0.120977
vt 0.388502 0.108787
vt 0.361958 0.130002
vt 0.348665 0.143221
vt 0.338136 0.157575
vt 0.373117 0.161272
vt 0.371867 0.149816
vt 0.376268 0.135686
vt 0.398584 0.153064
vt 0.411056 0.143974
vt 0.389323 0.174608
vt 0.344917 0.174421
vt 0.375705 0.190200
vt 0.336003 0.193704
vt 0.337951 0.211742
vt 0.342780 0.230511
vt 0.359301 0.211937
vt 0.362513 0.196888
vt 0.378286 0.224742
vt 0.354493 0.242996
vt 0.367812 0.254633
vt 0.339988 0.256238
vt 0.325659 0.247036
vt 0.366579 0.280796
vt 0.382205 0.268562
vt 0.392782 0.246152
vt 0.404360 0.261356
vt 0.402778 0.277959
vt 0.425019 0.278098
vt 0.381477 0.305316
vt 0.404410 0.305682
vt 0.396709 0.326978
vt 0.410268 0.333475
vt 0.390778 0.344027
vt 0.416223 0.362850
vt 0.431287 0.349773
vt 0.434428 0.367875
vt 0.423208 0.388941
vt 0.455985 0.373979
vt 0.396204 0.384136
vt 0.391640 0.359895
vt 0.380005 0.366594
vt 0.371371 0.352269
vt 0.370314 0.382138
vt 0.360352 0.367553
vt 0.381573 0.387367
vt 0.410404 0.393549
vt 0.383986 0.394230
vt 0.431537 0.416020
vt 0.443621 0.396678
vt 0.461275 0.398795
vt 0.456678 0.411112
vt 0.397837 0.398967
vt 0.422909 0.310945
vt 0.422005 0.249097
vt 0.348604 0.054145
vt 0.381274 0.031345
vt 0.422002 0.035942
vt 0.450286 0.040010
vt 0.443136 0.050120
vt 0.442475 0.025093
vt 0.457227 0.030296
vt 0.434962 0.083802
vt 0.455067 0.136891
vt 0.437420 0.140690
vt 0.452958 0.121027
vt 0.464731 0.130338
vt 0.467613 0.117385
vt 0.478004 0.120669
vt 0.476938 0.113670
vt 0.489674 0.116118
vt 0.413269 0.167049
vt 0.395907 0.229038
vt 0.407420 0.226865
vt 0.454636 0.353247
vt 0.496748 0.419412
vt 0.474214 0.420364
vt 0.478763 0.410164
vt 0.467081 0.444382
vt 0.483409 0.434152
vt 0.451883 0.424649
vt 0.473076 0.389215
vt 0.489013 0.403213
vt 0.467912 0.341744
vt 0.476178 0.363951
vt 0.452840 0.332400
vt 0.442639 0.316002
vt 0.442718 0.276548
vt 0.456251 0.313435
vt 0.453871 0.291727
vt 0.457628 0.266138
vt 0.445715 0.265159
vt 0.451023 0.247932
vt 0.442296 0.246186
vt 0.452298 0.222839
vt 0.441817 0.211655
vt 0.429956 0.234479
vt 0.419378 0.215174
vt 0.400615 0.200556
vt 0.433853 0.175998
vt 0.427279 0.158370
vt 0.424214 0.153637
vt 0.453682 0.110641
vt 0.447097 0.093649
vt 0.458170 0.100727
vt 0.465566 0.092722
vt 0.465126 0.086535
vt 0.474351 0.086200
vt 0.476692 0.095192
vt 0.450537 0.076865
vt 0.441784 0.059708
vt 0.455024 0.064388
vt 0.451022 0.044880
vt 0.470070 0.070421
vt 0.412069 0.016545
vt 0.438352 0.014388
vt 0.456447 0.014278
vt 0.460216 0.021518
vt 0.392196 0.027508
vt 0.383992 0.022902
vt 0.396040 0.021210
vt 0.375269 0.024875
vt 0.368316 0.020068
vt 0.355140 0.024245
vt 0.343995 0.040078
vt 0.335557 0.045597
vt 0.394385 0.407945
vt 0.352825 0.361665
vt 0.339900 0.348033
vt 0.340800 0.363670
vt 0.474697 0.073976
vt 0.485263 0.073957
vt 0.487924 0.085543
vt 0.465876 0.101515
vt 0.472093 0.098370
vt 0.488168 0.105881
vt 0.339943 0.028333
vt 0.343738 0.016189
vt 0.419809 0.196727
vt 0.431463 0.186294
vt 0.432833 0.200089
vt 0.443076 0.190115
vt 0.453890 0.199090
vt 0.454029 0.190180
vt 0.464802 0.189843
vt 0.464396 0.182385
vt 0.465106 0.209242
vt 0.471409 0.195034
vt 0.484055 0.207244
vt 0.486282 0.211446
vt 0.486476 0.199294
vt 0.466035 0.059803
vt 0.473588 0.061360
vt 0.462181 0.055023
vt 0.455077 0.053232
vt 0.375012 0.011942
vt 0.366407 0.009905
vt 0.353518 0.011402
vt 0.488560 0.096071
vt 0.334034 0.036476
vt 0.333165 0.040428
vt 0.483650 0.385534
vt 0.494070 0.399654
vt 0.487026 0.068860
vt 0.498340 0.406335
vt 0.500555 0.415129
vt 0.445425 0.172085
vt 0.453607 0.179180
vt 0.469407 0.019093
vt 0.469118 0.005340
vt 0.472340 0.015046
vt 0.441370 0.008257
vt 0.400025 0.007884
vt 0.422388 0.011558
vt 0.389838 0.017572
vt 0.389903 0.012035
vt 0.380251 0.012966
vt 0.444516 0.168965
vt 0.439816 0.155097
vt 0.452929 0.172579
vt 0.448653 0.151352
vt 0.462036 0.163498
vt 0.458250 0.000869
vt 0.466762 0.043185
vt 0.462720 0.036890
vt 0.465128 0.029802
vt 0.475316 0.040381
vt 0.485944 0.043384
vt 0.476405 0.033283
vt 0.467126 0.049217
vt 0.468379 0.026502
vt 0.485977 0.047091
vt 0.478444 0.046563
vt 0.471574 0.052548
vt 0.482790 0.025822
vt 0.499922 0.466771
vt 0.485428 0.057652
vt 0.482765 0.063777
vt 0.462682 0.025235
vt 0.476070 0.019397
vt 0.479028 0.183830
vt 0.471874 0.183888
vt 0.469274 0.134658
vt 0.475349 0.218440
vt 0.467120 0.228272
vt 0.486183 0.244375
vt 0.480141 0.240482
vt 0.485974 0.225105
vt 0.465218 0.244753
vt 0.485474 0.335154
vt 0.486626 0.315812
vt 0.492856 0.312005
vt 0.478317 0.301835
vt 0.466556 0.281412
vt 0.475747 0.276840
vt 0.472617 0.256011
vt 0.484784 0.264994
vt 0.487540 0.277029
vt 0.489505 0.251903
vt 0.491031 0.266761
vt 0.491904 0.301283
vt 0.489607 0.292507
vt 0.493263 0.370319
vt 0.483715 0.350198
vt 0.492343 0.347991
vt 0.493222 0.384153
vt 0.486288 0.125176
vt 0.489746 0.120855
vt 0.369504 0.390334
vt 0.378316 0.398129
vt 0.458517 0.147554
vt 0.480103 0.004749
vt 0.483416 0.009229
vt 0.483842 0.012912
vt 0.485794 0.020834
vt 0.478858 0.070249
vt 0.482775 0.070064
vt 0.360134 0.385083
vt 0.462000 0.098156
vt 0.049017 0.303638
vt 0.049499 0.316967
vt 0.051049 0.324212
vt 0.044282 0.337846
vt 0.035932 0.094149
vt 0.444225 0.000863
vt 0.425662 0.000855
vt 0.408471 0.000976
vt 0.037332 0.278367
vt 0.038777 0.288424
vt 0.159645 0.087200
vt 0.157726 0.081684
vt 0.483313 0.126524
vt 0.481776 0.129783
vt 0.037637 0.273041
vt 0.498418 0.385178
vt 0.486655 0.525256
vt 0.474402 0.523140
vt 0.472127 0.534221
vt 0.486471 0.536772
vt 0.485870 0.557560
vt 0.471807 0.557170
vt 0.248662 0.061268
vt 0.242152 0.064560
vt 0.450816 0.534990
vt 0.440148 0.535060
vt 0.422987 0.533524
vt 0.416196 0.522848
vt 0.402899 0.513558
vt 0.394300 0.513274
vt 0.354117 0.520278
vt 0.303775 0.048526
vt 0.316742 0.049941
vt 0.297358 0.044100
vt 0.130394 0.067966
vt 0.024639 0.187290
vt 0.198939 0.575254
vt 0.190002 0.576483
vt 0.037355 0.100539
vt 0.377630 0.414235
vt 0.355673 0.396540
vt 0.368681 0.406191
vt 0.468441 0.147491
vt 0.467583 0.141379
vt 0.476443 0.134494
vt 0.232753 0.570487
vt 0.245900 0.572261
vt 0.221243 0.571981
vt 0.496289 0.302830
vt 0.041044 0.109317
vt 0.458687 0.153297
vt 0.039986 0.544328
vt 0.028405 0.278395
vt 0.268102 0.568148
vt 0.013061 0.460384
vt 0.485663 0.013407
vt 0.487810 0.020800
vt 0.307073 0.109895
vt 0.046750 0.115115
vt 0.042587 0.114241
vt 0.044422 0.117663
vt 0.024313 0.493462
vt 0.469389 0.175015
vt 0.459558 0.172046
vt 0.284243 0.556349
vt 0.459808 0.167550
vt 0.072394 0.123794
vt 0.025448 0.232185
vt 0.024697 0.210341
vt 0.023328 0.253966
vt 0.017975 0.269727
vt 0.019919 0.278739
vt 0.022202 0.290009
vt 0.496467 0.283091
vt 0.494456 0.277154
vt 0.236430 0.066957
vt 0.064925 0.038971
vt 0.485870 0.187600
vt 0.488888 0.192412
vt 0.490966 0.181493
vt 0.063906 0.564438
vt 0.490038 0.560913
vt 0.490149 0.530491
vt 0.038279 0.078959
vt 0.038795 0.084387
vt 0.033318 0.081846
vt 0.034914 0.084472
vt 0.037136 0.074596
vt 0.032837 0.068371
vt 0.074285 0.025285
vt 0.220474 0.071536
vt 0.047657 0.129019
vt 0.045790 0.127804
vt 0.407996 0.528990
vt 0.409496 0.535776
vt 0.398727 0.530261
vt 0.396906 0.534749
vt 0.389605 0.527998
vt 0.364204 0.528365
vt 0.350021 0.528689
vt 0.370039 0.536020
vt 0.350406 0.535662
vt 0.322429 0.535122
vt 0.323786 0.530173
vt 0.397979 0.552303
vt 0.364236 0.550882
vt 0.348029 0.549106
vt 0.320803 0.547405
vt 0.345358 0.562824
vt 0.364074 0.568228
vt 0.345560 0.575570
vt 0.361832 0.581350
vt 0.378623 0.585731
vt 0.391480 0.561890
vt 0.346425 0.593093
vt 0.387163 0.608083
vt 0.401435 0.589591
vt 0.413173 0.613465
vt 0.424985 0.600313
vt 0.437467 0.615310
vt 0.429793 0.655924
vt 0.411797 0.635069
vt 0.418546 0.665679
vt 0.437623 0.687031
vt 0.448582 0.663767
vt 0.460190 0.673266
vt 0.453576 0.641852
vt 0.467722 0.689682
vt 0.440668 0.705957
vt 0.420428 0.711151
vt 0.406640 0.742354
vt 0.397102 0.725565
vt 0.403853 0.690837
vt 0.401017 0.649087
vt 0.381246 0.679163
vt 0.385883 0.656530
vt 0.380048 0.630714
vt 0.359647 0.614244
vt 0.363260 0.644464
vt 0.369833 0.664717
vt 0.352894 0.663471
vt 0.347499 0.642250
vt 0.336784 0.641835
vt 0.335123 0.619672
vt 0.339998 0.605474
vt 0.322030 0.590253
vt 0.319395 0.569132
vt 0.305944 0.581815
vt 0.305647 0.564433
vt 0.315120 0.560564
vt 0.292555 0.569416
vt 0.285010 0.585329
vt 0.282974 0.574160
vt 0.275959 0.579544
vt 0.264570 0.578899
vt 0.273521 0.597435
vt 0.291995 0.603775
vt 0.286568 0.628283
vt 0.258019 0.614313
vt 0.247639 0.596805
vt 0.236980 0.612962
vt 0.231295 0.594655
vt 0.220267 0.599027
vt 0.218927 0.621737
vt 0.210136 0.606680
vt 0.191368 0.603511
vt 0.189778 0.599770
vt 0.206555 0.595107
vt 0.162625 0.593526
vt 0.155617 0.599509
vt 0.148656 0.590608
vt 0.140320 0.597713
vt 0.128732 0.596760
vt 0.121458 0.579535
vt 0.138825 0.578438
vt 0.154061 0.581762
vt 0.164537 0.581709
vt 0.187895 0.590849
vt 0.113724 0.596724
vt 0.098956 0.583401
vt 0.094669 0.594903
vt 0.086108 0.584553
vt 0.188807 0.620385
vt 0.167701 0.621764
vt 0.152462 0.627560
vt 0.135641 0.623994
vt 0.121816 0.634897
vt 0.115927 0.618071
vt 0.097147 0.615342
vt 0.080799 0.612063
vt 0.070678 0.591732
vt 0.060701 0.603805
vt 0.053151 0.589621
vt 0.068860 0.588736
vt 0.043102 0.590026
vt 0.046971 0.610368
vt 0.067011 0.629547
vt 0.057725 0.643567
vt 0.041591 0.642202
vt 0.038240 0.668923
vt 0.033132 0.647340
vt 0.034051 0.627811
vt 0.036380 0.605149
vt 0.037915 0.590939
vt 0.054383 0.668118
vt 0.065173 0.657587
vt 0.086070 0.637792
vt 0.077571 0.667306
vt 0.063565 0.687300
vt 0.074885 0.692616
vt 0.096562 0.684067
vt 0.082850 0.653844
vt 0.090778 0.654404
vt 0.106386 0.660244
vt 0.125239 0.668980
vt 0.138628 0.668525
vt 0.144255 0.708241
vt 0.118283 0.689149
vt 0.122608 0.722614
vt 0.096379 0.723237
vt 0.089955 0.698278
vt 0.074146 0.722685
vt 0.059288 0.720711
vt 0.105224 0.726632
vt 0.085352 0.727476
vt 0.057694 0.728141
vt 0.033787 0.724151
vt 0.153143 0.720642
vt 0.171710 0.703765
vt 0.155096 0.680479
vt 0.175125 0.690937
vt 0.166426 0.668327
vt 0.182562 0.670044
vt 0.182093 0.650418
vt 0.201926 0.641830
vt 0.207787 0.670645
vt 0.224279 0.650149
vt 0.231850 0.673528
vt 0.242649 0.671476
vt 0.228238 0.633849
vt 0.242979 0.637158
vt 0.256587 0.643129
vt 0.261128 0.659297
vt 0.277325 0.654143
vt 0.295040 0.655608
vt 0.276244 0.679856
vt 0.286763 0.709378
vt 0.301609 0.679982
vt 0.314287 0.644366
vt 0.326583 0.669819
vt 0.322257 0.698066
vt 0.352528 0.693070
vt 0.337567 0.706888
vt 0.349715 0.714259
vt 0.375036 0.718042
vt 0.372611 0.700617
vt 0.388798 0.697065
vt 0.392289 0.707335
vt 0.371147 0.733962
vt 0.340401 0.727898
vt 0.342264 0.747670
vt 0.372689 0.750795
vt 0.388243 0.746148
vt 0.382607 0.770412
vt 0.392214 0.787922
vt 0.403274 0.775012
vt 0.415710 0.768626
vt 0.435216 0.762472
vt 0.425117 0.785288
vt 0.433603 0.808175
vt 0.419291 0.812603
vt 0.446504 0.824867
vt 0.416839 0.835278
vt 0.426883 0.843728
vt 0.416598 0.853082
vt 0.426307 0.863212
vt 0.442891 0.848869
vt 0.405686 0.799289
vt 0.405225 0.842366
vt 0.394503 0.854909
vt 0.390041 0.849441
vt 0.393271 0.824161
vt 0.363805 0.834482
vt 0.371976 0.813645
vt 0.344822 0.815007
vt 0.355089 0.793653
vt 0.364652 0.778705
vt 0.358855 0.758882
vt 0.345372 0.770037
vt 0.334303 0.785032
vt 0.320454 0.761646
vt 0.328000 0.743097
vt 0.313832 0.739522
vt 0.315991 0.718261
vt 0.287563 0.729700
vt 0.281819 0.715882
vt 0.255016 0.709703
vt 0.264727 0.687802
vt 0.263108 0.728265
vt 0.242138 0.712694
vt 0.221880 0.695651
vt 0.227385 0.684445
vt 0.204337 0.694345
vt 0.189290 0.685022
vt 0.196734 0.703601
vt 0.206352 0.723451
vt 0.192613 0.719914
vt 0.224893 0.717127
vt 0.227215 0.729180
vt 0.251324 0.729284
vt 0.301922 0.765492
vt 0.288488 0.763268
vt 0.306611 0.811660
vt 0.321196 0.792826
vt 0.327247 0.833387
vt 0.312318 0.840507
vt 0.285825 0.856741
vt 0.288790 0.800968
vt 0.271248 0.835458
vt 0.254380 0.806225
vt 0.266614 0.780903
vt 0.287930 0.786576
vt 0.265639 0.762121
vt 0.272237 0.747008
vt 0.253954 0.760914
vt 0.242524 0.753418
vt 0.223964 0.740682
vt 0.201365 0.735548
vt 0.175317 0.730816
vt 0.166843 0.744123
vt 0.143583 0.734080
vt 0.149156 0.748536
vt 0.127433 0.746897
vt 0.123087 0.734963
vt 0.133142 0.725421
vt 0.108247 0.730181
vt 0.106623 0.736518
vt 0.089836 0.738326
vt 0.075922 0.733833
vt 0.105937 0.743508
vt 0.090115 0.741518
vt 0.115301 0.763595
vt 0.130968 0.767544
vt 0.083530 0.782420
vt 0.098923 0.760103
vt 0.064815 0.759661
vt 0.097336 0.747992
vt 0.059332 0.749253
vt 0.052889 0.784168
vt 0.037129 0.778038
vt 0.026748 0.756079
vt 0.027578 0.801833
vt 0.041857 0.826085
vt 0.073888 0.818865
vt 0.063819 0.844980
vt 0.085200 0.849974
vt 0.088895 0.811913
vt 0.099420 0.816348
vt 0.135440 0.811388
vt 0.120456 0.843720
vt 0.166891 0.850176
vt 0.174378 0.812199
vt 0.187692 0.837521
vt 0.190696 0.798046
vt 0.179110 0.786887
vt 0.193455 0.767158
vt 0.208316 0.782865
vt 0.222981 0.755066
vt 0.189718 0.748086
vt 0.178464 0.769519
vt 0.159107 0.760004
vt 0.160790 0.787189
vt 0.225686 0.779491
vt 0.222821 0.793590
vt 0.210002 0.805720
vt 0.196692 0.835027
vt 0.207910 0.856599
vt 0.223472 0.833345
vt 0.224186 0.844694
vt 0.221694 0.857233
vt 0.194290 0.863778
vt 0.155878 0.859241
vt 0.139945 0.863695
vt 0.127418 0.865926
vt 0.103768 0.860962
vt 0.095467 0.878540
vt 0.115315 0.867235
vt 0.066981 0.866291
vt 0.077678 0.887881
vt 0.053265 0.872854
vt 0.044815 0.851116
vt 0.026489 0.881626
vt 0.025799 0.844923
vt 0.042579 0.895205
vt 0.027183 0.905886
vt 0.064045 0.904386
vt 0.058673 0.890332
vt 0.073039 0.895696
vt 0.232956 0.767919
vt 0.244385 0.784474
vt 0.253627 0.835568
vt 0.249007 0.845455
vt 0.243256 0.857356
vt 0.266129 0.857739
vt 0.318418 0.857768
vt 0.346108 0.850130
vt 0.379483 0.860169
vt 0.389964 0.864133
vt 0.370387 0.864167
vt 0.322128 0.863756
vt 0.292625 0.863470
vt 0.365961 0.864010
vt 0.303162 0.622407
vt 0.173495 0.634546
vt 0.153714 0.652348
vt 0.142663 0.640707
vt 0.164866 0.728232
vt 0.041298 0.684957
vt 0.040125 0.713126
vt 0.035496 0.699732
vt 0.028891 0.690673
vt 0.029104 0.650733
vt 0.027260 0.721143
vt 0.438494 0.740865
vt 0.427486 0.585461
vt 0.441257 0.547061
vt 0.435724 0.564435
vt 0.420733 0.547877
vt 0.458588 0.558374
vt 0.450775 0.593057
vt 0.473104 0.648646
vt 0.471539 0.715758
vt 0.452276 0.727612
vt 0.437462 0.751500
vt 0.452811 0.785630
vt 0.468776 0.829226
vt 0.450010 0.870171
vt 0.472114 0.862339
vt 0.471887 0.841686
vt 0.469470 0.806452
vt 0.470818 0.759251
vt 0.469393 0.744663
vt 0.480863 0.729496
vt 0.482621 0.710464
vt 0.483410 0.679015
vt 0.486437 0.659921
vt 0.486175 0.648297
vt 0.471963 0.629067
vt 0.486299 0.619181
vt 0.469590 0.606663
vt 0.486371 0.588705
vt 0.470610 0.588279
vt 0.471538 0.575029
vt 0.454060 0.573586
vt 0.464278 0.518250
vt 0.414048 0.569279
vt 0.264454 0.863584
vt 0.246661 0.863763
vt 0.221494 0.863789
vt 0.121176 0.563988
vt 0.106943 0.569991
vt 0.090975 0.575510
vt 0.175041 0.574470
vt 0.157172 0.575524
vt 0.083219 0.567145
vt 0.194659 0.590702
vt 0.246133 0.579187
vt 0.220689 0.580136
vt 0.207778 0.589141
vt 0.264173 0.592718
vt 0.245583 0.586933
vt 0.220805 0.589065
vt 0.026462 0.797543
vt 0.107662 0.879255
vt 0.118042 0.874092
vt 0.461658 0.872512
vt 0.474446 0.876955
vt 0.081990 0.890113
vt 0.096732 0.885063
vt 0.042227 0.747724
vt 0.030416 0.745034
vt 0.056394 0.743775
vt 0.075673 0.744132
vt 0.089012 0.743452
vt 0.043011 0.744296
vt 0.413422 0.860128
vt 0.481031 0.752416
vt 0.486785 0.738271
vt 0.486614 0.761098
vt 0.482586 0.875838
vt 0.486123 0.866032
vt 0.481004 0.844015
vt 0.485503 0.820984
vt 0.486511 0.850833
vt 0.480686 0.801983
vt 0.486803 0.802447
vt 0.426535 0.877612
vt 0.418057 0.871835
vt 0.446671 0.881350
vt 0.426016 0.895951
vt 0.450886 0.898626
vt 0.435931 0.912880
vt 0.467771 0.893863
vt 0.472979 0.883789
vt 0.047213 0.728217
vt 0.307098 0.548423
vt 0.315193 0.533457
vt 0.296179 0.559782
vt 0.323003 0.521606
vt 0.486632 0.666879
vt 0.486795 0.712055
vt 0.060179 0.734028
vt 0.044632 0.733400
vt 0.053733 0.737906
vt 0.038215 0.736645
vt 0.037204 0.734116
vt 0.025734 0.734299
vt 0.025747 0.736843
vt 0.026048 0.749438
vt 0.025226 0.745059
vt 0.041583 0.906524
vt 0.030982 0.912719
vt 0.045503 0.919633
vt 0.060480 0.908816
vt 0.037554 0.919622
vt 0.029135 0.628109
vt 0.029851 0.604444
vt 0.035358 0.589230
vt 0.413068 0.869391
vt 0.419557 0.896938
vt 0.416643 0.885737
vt 0.406904 0.866333
vt 0.479161 0.890592
vt 0.486681 0.885284
vt 0.474046 0.896470
vt 0.486720 0.896556
vt 0.050190 0.584430
vt 0.056549 0.576828
vt 0.071170 0.578944
vt 0.052601 0.568677
vt 0.474253 0.903595
vt 0.464152 0.912893
vt 0.452570 0.912736
vt 0.487491 0.911913
vt 0.475846 0.912653
vt 0.485553 0.916171
vt 0.489525 0.915899
vt 0.492337 0.909689
vt 0.490799 0.900586
vt 0.400130 0.860268
vt 0.394463 0.864742
vt 0.035952 0.729569
vt 0.029016 0.730198
vt 0.044518 0.148949
vt 0.492364 0.913392
vt 0.035838 0.159579
vt 0.427715 0.911890
vt 0.420081 0.908308
vt 0.408221 0.886010
vt 0.411880 0.888043
vt 0.408325 0.897741
vt 0.412753 0.904031
vt 0.487795 0.046878
vt 0.150342 0.085419
vt 0.155132 0.083456
vt 0.041011 0.586114
vt 0.047417 0.577859
vt 0.498314 0.345239
vt 0.499263 0.311586
vt 0.498229 0.305804
vt 0.035680 0.056269
vt 0.033306 0.055345
vt 0.039949 0.049526
vt 0.064554 0.121818
vt 0.010259 0.407583
vt 0.026883 0.649948
vt 0.026722 0.687928
vt 0.025413 0.703618
vt 0.025467 0.668772
vt 0.025315 0.650468
vt 0.025274 0.722188
vt 0.026762 0.627424
vt 0.025172 0.624417
vt 0.026820 0.606649
vt 0.025474 0.599156
vt 0.027464 0.595912
vt 0.028123 0.725118
vt 0.026120 0.724997
vt 0.024814 0.902136
vt 0.024955 0.867958
vt 0.092866 0.001806
vt 0.085693 0.001181
vt 0.051097 0.573836
vt 0.025324 0.291931
vt 0.036016 0.298589
vt 0.028709 0.301224
vt 0.037859 0.307601
vt 0.045472 0.309362
vt 0.039996 0.317813
vt 0.046145 0.322484
vt 0.038735 0.333801
vt 0.213561 0.074505
vt 0.463725 0.174703
vt 0.469187 0.171019
vt 0.040807 0.583748
vt 0.035984 0.350737
vt 0.489926 0.820222
vt 0.490177 0.802884
vt 0.489704 0.865752
vt 0.489842 0.885363
vt 0.490127 0.612650
vt 0.489990 0.713134
vt 0.490501 0.689355
vt 0.489861 0.738159
vt 0.489533 0.651124
vt 0.497942 0.536940
vt 0.497950 0.559010
vt 0.386197 0.865158
vt 0.391273 0.865777
vt 0.468286 0.167640
vt 0.015679 0.246068
vt 0.015561 0.203443
vt 0.045470 0.561479
vt 0.043028 0.550373
vt 0.010263 0.451070
vt 0.473793 0.000872
vt 0.046900 0.046832
vt 0.036265 0.318909
vt 0.030966 0.318236
vt 0.029592 0.316129
vt 0.028058 0.306647
vt 0.032418 0.324514
vt 0.025943 0.299583
vt 0.024219 0.296450
vt 0.034807 0.328026
vt 0.034254 0.341564
vt 0.487670 0.208909
vt 0.489143 0.198584
vt 0.475358 0.143427
vt 0.475428 0.916356
vt 0.137228 0.075568
vt 0.141491 0.080844
vt 0.066832 0.029671
vt 0.072328 0.018366
vt 0.061416 0.035574
vt 0.048970 0.135075
vt 0.051058 0.141272
vt 0.048074 0.139148
vt 0.045119 0.143170
vt 0.041198 0.146886
vt 0.055550 0.132929
vt 0.060656 0.128705
vt 0.490534 0.099083
vt 0.489784 0.758665
vt 0.490230 0.575067
vt 0.489952 0.590269
vt 0.028968 0.509655
vt 0.398394 0.005329
vt 0.064552 0.134010
vt 0.019699 0.382695
vt 0.500187 0.480105
vt 0.060064 0.137679
vt 0.402633 0.001247
vt 0.111919 0.043638
vt 0.051394 0.919274
vt 0.055939 0.916038
vt 0.022804 0.486246
vt 0.019235 0.478719
vt 0.030674 0.165542
vt 0.027913 0.171287
vt 0.499346 0.536915
vt 0.499279 0.566837
vt 0.462934 0.153620
vt 0.466483 0.160191
vt 0.469075 0.164180
vt 0.488169 0.242665
vt 0.479045 0.177202
vt 0.486022 0.182363
vt 0.055207 0.039994
vt 0.048109 0.041553
vt 0.077048 0.011437
vt 0.078122 0.006846
vt 0.083905 0.002448
vt 0.400092 0.865347
vt 0.115975 0.050382
vt 0.499913 0.488223
vt 0.108272 0.035033
vt 0.500176 0.388711
vt 0.500347 0.368134
vt 0.031349 0.590426
vt 0.061867 0.740766
vt 0.075952 0.743093
vt 0.056559 0.742879
vt 0.042211 0.743012
vt 0.037834 0.739884
vt 0.033974 0.742865
vt 0.024853 0.740096
vt 0.024980 0.743074
vt 0.034822 0.151431
vt 0.429592 0.915723
vt 0.501413 0.446648
vt 0.033968 0.149342
vt 0.030708 0.152402
vt 0.025227 0.161175
vt 0.029083 0.159408
vt 0.022887 0.168370
vt 0.035313 0.154249
vt 0.077826 0.001194
vt 0.464443 0.916352
vt 0.450574 0.916441
vt 0.046435 0.566954
vt 0.478724 0.174424
vt 0.481004 0.172618
vt 0.009872 0.223522
vt 0.025403 0.501605
vt 0.404308 0.868144
vt 0.404756 0.883579
vt 0.404564 0.891348
vt 0.018539 0.283236
vt 0.043968 0.581025
vt 0.045802 0.575604
vt 0.495269 0.591435
vt 0.496676 0.629274
vt 0.497893 0.575798
vt 0.497890 0.617798
vt 0.497929 0.591861
vt 0.006873 0.423201
vt 0.121895 0.058882
vt 0.119409 0.054683
vt 0.023134 0.375841
vt 0.018013 0.183537
vt 0.017601 0.172963
vt 0.015361 0.179763
vt 0.023560 0.163589
vt 0.014749 0.190174
vt 0.012509 0.194455
vt 0.013226 0.186324
vt 0.010138 0.200330
vt 0.007885 0.220492
vt 0.009943 0.246514
vt 0.011788 0.187721
vt 0.011541 0.242762
vt 0.012351 0.257632
vt 0.011628 0.262132
vt 0.008618 0.202018
vt 0.008572 0.244163
vt 0.095722 0.888036
vt 0.493073 0.900356
vt 0.493128 0.890095
vt 0.496272 0.900401
vt 0.495726 0.888763
vt 0.495418 0.907329
vt 0.493075 0.869423
vt 0.495786 0.873369
vt 0.495457 0.849347
vt 0.493178 0.827894
vt 0.492920 0.804960
vt 0.493343 0.763326
vt 0.495402 0.787777
vt 0.495744 0.811163
vt 0.497543 0.815220
vt 0.498149 0.794888
vt 0.497485 0.760210
vt 0.495614 0.763205
vt 0.495201 0.749381
vt 0.497560 0.721260
vt 0.498487 0.739698
vt 0.497510 0.695000
vt 0.497363 0.854824
vt 0.497720 0.887556
vt 0.498553 0.684319
vt 0.497584 0.675694
vt 0.498889 0.640153
vt 0.497813 0.644374
vt 0.499012 0.596117
vt 0.493057 0.717978
vt 0.494038 0.671380
vt 0.037228 0.041270
vt 0.043367 0.037859
vt 0.040762 0.034642
vt 0.035415 0.035993
vt 0.034597 0.041308
vt 0.042332 0.030573
vt 0.051440 0.031030
vt 0.056854 0.025972
vt 0.059825 0.018631
vt 0.062386 0.020430
vt 0.065398 0.016236
vt 0.066867 0.010490
vt 0.063731 0.013731
vt 0.033282 0.347886
vt 0.030430 0.348127
vt 0.032558 0.341305
vt 0.032845 0.331326
vt 0.030787 0.350398
vt 0.031914 0.325627
vt 0.490330 0.125237
vt 0.032255 0.917708
vt 0.487021 0.129410
vt 0.481860 0.132022
vt 0.415323 0.910134
vt 0.499557 0.514288
vt 0.422557 0.913890
vt 0.478212 0.147138
vt 0.482203 0.142352
vt 0.481884 0.135734
vt 0.068179 0.128529
vt 0.069734 0.901791
vt 0.063941 0.907138
vt 0.393766 0.867089
vt 0.023368 0.889536
vt 0.010395 0.401263
vt 0.365039 0.007638
vt 0.065474 0.126364
vt 0.014300 0.261555
vt 0.013962 0.269156
vt 0.015166 0.271178
vt 0.016582 0.277568
vt 0.026512 0.369245
vt 0.463368 0.919633
vt 0.450745 0.919555
vt 0.482061 0.919410
vt 0.345879 0.013238
vt 0.139602 0.068318
vt 0.486825 0.224944
vt 0.490532 0.085599
vt 0.072807 0.899028
vt 0.495165 0.911179
vt 0.488292 0.064349
vt 0.489510 0.065699
vt 0.487795 0.058446
vt 0.466883 0.153674
vt 0.143977 0.072023
vt 0.146552 0.064789
vt 0.151160 0.066223
vt 0.153622 0.063779
vt 0.147442 0.074450
vt 0.150880 0.075063
vt 0.154943 0.074814
vt 0.154748 0.069200
vt 0.159072 0.063639
vt 0.155973 0.061354
vt 0.145772 0.063358
vt 0.409777 0.907075
vt 0.405671 0.900075
vt 0.014826 0.387237
vt 0.016256 0.383094
vt 0.006854 0.434758
vt 0.224232 0.068695
vt 0.072614 0.005175
vt 0.255050 0.054379
vt 0.025909 0.729849
vt 0.500146 0.343458
vt 0.023618 0.844526
vt 0.023658 0.829962
vt 0.024929 0.827793
vt 0.025306 0.789832
vt 0.027062 0.155596
vt 0.162326 0.081141
vt 0.029598 0.362191
vt 0.498701 0.299613
vt 0.498808 0.890911
vt 0.007205 0.408667
vt 0.018605 0.378417
vt 0.398819 0.878931
vt 0.398452 0.872512
vt 0.395835 0.876472
vt 0.395711 0.871149
vt 0.061011 0.134780
vt 0.062724 0.132662
vt 0.016582 0.476103
vt 0.035593 0.587430
vt 0.485643 0.149071
vt 0.029451 0.355114
vt 0.060693 0.910715
vt 0.075457 0.001276
vt 0.160857 0.070044
vt 0.163681 0.068833
vt 0.024448 0.729248
vt 0.070879 0.003751
vt 0.028267 0.354396
vt 0.025396 0.361554
vt 0.025983 0.363618
vt 0.006851 0.443690
vt 0.023763 0.363066
vt 0.305747 0.046250
vt 0.020840 0.167237
vt 0.045394 0.567467
vt 0.043629 0.560767
vt 0.010308 0.457714
vt 0.022078 0.369175
vt 0.021640 0.372624
vt 0.019390 0.375708
vt 0.472447 0.166476
vt 0.476949 0.000539
vt 0.491855 0.263144
vt 0.162033 0.075856
vt 0.488557 0.138649
vt 0.488467 0.142687
vt 0.399198 0.884080
vt 0.396719 0.880445
vt 0.396627 0.884917
vt 0.398601 0.888515
vt 0.401426 0.888021
vt 0.402187 0.896627
vt 0.029133 0.912866
vt 0.009465 0.396644
vt 0.214758 0.072034
vt 0.488498 0.134884
vt 0.424008 0.916979
vt 0.337935 0.028883
vt 0.340631 0.023288
vt 0.249516 0.057657
vt 0.244574 0.059588
vt 0.242700 0.061626
vt 0.480548 0.170504
vt 0.501233 0.478515
vt 0.296845 0.042099
vt 0.486177 0.010278
vt 0.489965 0.175035
vt 0.487282 0.174569
vt 0.490263 0.170405
vt 0.483892 0.178636
vt 0.483489 0.174451
vt 0.486910 0.169730
vt 0.163636 0.076940
vt 0.498301 0.813022
vt 0.488438 0.918903
vt 0.209162 0.073842
vt 0.013402 0.466636
vt 0.129744 0.065093
vt 0.354762 0.009364
vt 0.033474 0.523593
vt 0.034639 0.525713
vt 0.036932 0.535518
vt 0.237737 0.063233
vt 0.225885 0.067039
vt 0.026723 0.594081
vt 0.501663 0.389203
vt 0.501588 0.369909
vt 0.501610 0.413959
vt 0.415849 0.915734
vt 0.420795 0.918910
vt 0.441478 0.918766
vt 0.448422 0.918211
vt 0.416504 0.913107
vt 0.412150 0.912491
vt 0.316654 0.048204
vt 0.324015 0.046969
vt 0.472169 0.151268
vt 0.481632 0.001772
vt 0.498608 0.905320
vt 0.497313 0.908028
vt 0.470973 0.155728
vt 0.471267 0.154059
vt 0.479889 0.156654
vt 0.479050 0.154770
vt 0.484082 0.154380
vt 0.487005 0.154034
vt 0.192191 0.864935
vt 0.481405 0.150081
vt 0.236157 0.065071
vt 0.498405 0.854250
vt 0.473201 0.159312
vt 0.491670 0.129125
vt 0.484469 0.005960
vt 0.022058 0.495314
vt 0.064359 0.131236
vt 0.064629 0.129419
vt 0.215914 0.070753
vt 0.024773 0.732468
vt 0.394408 0.006473
vt 0.389657 0.009603
vt 0.387481 0.011875
vt 0.294064 0.865016
vt 0.323645 0.865053
vt 0.367714 0.864863
vt 0.488302 0.151793
vt 0.005393 0.403941
vt 0.125039 0.061526
vt 0.226075 0.865141
vt 0.263801 0.865067
vt 0.081758 0.001491
vt 0.110303 0.038024
vt 0.406752 0.904961
vt 0.078185 0.896174
vt 0.330904 0.042319
vt 0.476618 0.159121
vt 0.083880 0.891456
vt 0.081441 0.893912
vt 0.496213 0.141382
vt 0.494201 0.147648
vt 0.497997 0.145497
vt 0.498466 0.140808
vt 0.497031 0.137807
vt 0.494025 0.150069
vt 0.497424 0.148594
vt 0.500621 0.146705
vt 0.500178 0.142498
vt 0.492617 0.136096
vt 0.493607 0.129953
vt 0.495008 0.135660
vt 0.026565 0.908403
vt 0.058840 0.017199
vt 0.488955 0.241307
vt 0.399490 0.893080
vt 0.024296 0.737977
vt 0.024368 0.733882
vt 0.397988 0.890746
vt 0.042160 0.558185
vt 0.043675 0.555911
vt 0.025184 0.747480
vt 0.011548 0.472510
vt 0.094991 0.889581
vt 0.493264 0.169911
vt 0.402733 0.900447
vt 0.404177 0.900298
vt 0.405116 0.904831
vt 0.409619 0.909498
vt 0.406529 0.907422
vt 0.408000 0.910154
vt 0.019660 0.489739
vt 0.020232 0.492509
vt 0.016998 0.486156
vt 0.015378 0.482690
vt 0.250605 0.056020
vt 0.489161 0.147371
vt 0.023494 0.900720
vt 0.063290 0.129566
vt 0.033981 0.919419
vt 0.006879 0.452102
vt 0.004141 0.428579
vt 0.011256 0.392113
vt 0.004404 0.416820
vt 0.033633 0.042888
vt 0.009844 0.463158
vt 0.394433 0.873454
vt 0.140859 0.065661
vt 0.135880 0.066615
vt 0.501769 0.324411
vt 0.014522 0.480113
vt 0.006091 0.401877
vt 0.039595 0.546192
vt 0.324811 0.045377
vt 0.151743 0.060597
vt 0.113640 0.044965
vt 0.501407 0.344062
vt 0.501461 0.368112
vt 0.042531 0.144805
vt 0.117741 0.051654
vt 0.012583 0.476322
vt 0.492020 0.256512
vt 0.020556 0.290439
vt 0.024364 0.299509
vt 0.004606 0.440423
vt 0.500789 0.311868
vt 0.020598 0.370940
vt 0.059671 0.912906
vt 0.153406 0.059019
vt 0.008036 0.464258
vt 0.493208 0.266394
vt 0.010020 0.469783
vt 0.327037 0.044614
vt 0.155611 0.059334
vt 0.004124 0.450548
vt 0.006123 0.459864
vt 0.041246 0.555154
vt 0.041270 0.550013
vt 0.040183 0.555936
vt 0.039439 0.551158
vt 0.495887 0.276840
vt 0.002590 0.419902
vt 0.017600 0.378415
vt 0.029662 0.317722
vt 0.343140 0.016027
vt 0.489893 0.152976
vt 0.492730 0.151683
vt 0.003636 0.407446
vt 0.027472 0.307564
vt 0.066469 0.009569
vt 0.501899 0.341706
vt 0.036185 0.034248
vt 0.002724 0.428642
vt 0.002291 0.432348
vt 0.003412 0.445025
vt 0.395759 0.883632
vt 0.063127 0.130581
vt 0.029903 0.513134
vt 0.001413 0.418693
vt 0.499263 0.292935
vt 0.013618 0.388177
vt 0.023770 0.499566
vt 0.027197 0.506810
vt 0.017346 0.281128
vt 0.000475 0.428375
vt 0.000662 0.421144
vt 0.023373 0.162945
vt 0.000944 0.429849
vt 0.002076 0.443309
vt 0.334155 0.034967
vt 0.398299 0.893175
vt 0.401822 0.902005
vt 0.112437 0.043419
vt 0.009541 0.199881
vt 0.830484 0.991909
vt 0.832384 0.991909
vt 0.831994 0.988673
vt 0.977217 0.028587
vt 0.977683 0.021405
vt 0.976733 0.021733
vt 0.977217 0.019957
vt 0.021333 0.580275
vt 0.020722 0.581565
vt 0.021059 0.587831
vt 0.021368 0.573444
vt 0.020418 0.590615
vt 0.020418 0.571197
vt 0.008430 0.541072
vt 0.011871 0.540992
vt 0.007697 0.542071
vt 0.005223 0.540992
vt 0.039079 0.983279
vt 0.040003 0.984430
vt 0.036175 0.984788
vt 0.032192 0.985751
vt 0.031432 0.985235
vt 0.028015 0.987594
vt 0.051571 0.986502
vt 0.048919 0.987264
vt 0.049091 0.986586
vt 0.051905 0.987560
vt 0.054101 0.987594
vt 0.046731 0.985028
vt 0.048506 0.982620
vt 0.041449 0.986062
vt 0.054415 0.984141
vt 0.050109 0.981335
vt 0.053373 0.980016
vt 0.055419 0.981036
vt 0.047907 0.980387
vt 0.040879 0.980968
vt 0.044664 0.975574
vt 0.048326 0.975082
vt 0.051194 0.978216
vt 0.040979 0.985545
vt 0.037597 0.981681
vt 0.053917 0.976003
vt 0.051415 0.974649
vt 0.058273 0.984881
vt 0.056046 0.979131
vt 0.059853 0.976723
vt 0.059968 0.981877
vt 0.060430 0.984064
vt 0.063153 0.979507
vt 0.899810 0.974940
vt 0.900420 0.973764
vt 0.900760 0.981222
vt 0.900387 0.966019
vt 0.900063 0.981540
vt 0.900387 0.983279
vt 0.685185 0.967869
vt 0.692574 0.968039
vt 0.688866 0.967433
vt 0.694519 0.967098
vt 0.692958 0.969256
vt 0.697531 0.967869
vt 0.237362 0.914239
vt 0.236583 0.919536
vt 0.237892 0.916189
vt 0.235424 0.921254
vt 0.236624 0.927859
vt 0.235043 0.926337
vt 0.236104 0.929525
vt 0.237362 0.932578
vt 0.645299 0.007520
vt 0.644950 0.000539
vt 0.644349 0.006047
vt 0.644950 0.010248
vt 0.015884 0.132252
vt 0.015670 0.138619
vt 0.016567 0.135047
vt 0.016619 0.127264
vt 0.015670 0.123517
vt 0.934928 0.074618
vt 0.937276 0.072780
vt 0.937489 0.073693
vt 0.940396 0.072156
vt 0.809517 0.071158
vt 0.837920 0.071585
vt 0.789287 0.071353
vt 0.841764 0.067880
vt 0.799828 0.069065
vt 0.865965 0.072276
vt 0.783919 0.070954
vt 0.863601 0.065396
vt 0.910362 0.073931
vt 0.890105 0.073087
vt 0.891804 0.069834
vt 0.920083 0.070741
vt 0.909661 0.065765
vt 0.887910 0.065827
vt 0.772338 0.069229
vt 0.789250 0.066338
vt 0.770102 0.066016
vt 0.746575 0.068072
vt 0.935654 0.066907
vt 0.931305 0.071185
vt 0.748496 0.070440
vt 0.707148 0.068546
vt 0.705525 0.070360
vt 0.691736 0.068496
vt 0.706657 0.065066
vt 0.746073 0.065505
vt 0.941851 0.066797
vt 0.941031 0.070090
vt 0.843411 0.064409
vt 0.798047 0.063607
vt 0.779208 0.063267
vt 0.680924 0.063191
vt 0.661326 0.069158
vt 0.740141 0.062451
vt 0.702641 0.062028
vt 0.660250 0.070408
vt 0.634698 0.068438
vt 0.633103 0.070869
vt 0.610881 0.069439
vt 0.610634 0.071726
vt 0.591924 0.072959
vt 0.940802 0.063045
vt 0.591976 0.070350
vt 0.583876 0.070785
vt 0.908237 0.062106
vt 0.920714 0.062706
vt 0.928293 0.063084
vt 0.657178 0.062784
vt 0.566477 0.074973
vt 0.944589 0.063558
vt 0.945495 0.067918
vt 0.947293 0.063907
vt 0.853867 0.072238
vt 0.922270 0.074973
vt 0.601261 0.009917
vt 0.602077 0.009169
vt 0.605413 0.010248
vt 0.594967 0.010248
vt 0.157895 0.880798
vt 0.159069 0.877983
vt 0.157895 0.876483
vt 0.157170 0.880158
vt 0.280627 0.016964
vt 0.279677 0.017799
vt 0.279677 0.012406
vt 0.113989 0.948684
vt 0.114720 0.948759
vt 0.114477 0.945972
vt 0.113396 0.951534
vt 0.112536 0.956633
vt 0.113928 0.963081
vt 0.113086 0.956448
vt 0.115954 0.963768
vt 0.113121 0.964919
vt 0.114479 0.972528
vt 0.116334 0.981122
vt 0.116334 0.943366
vt 0.023625 0.975728
vt 0.024217 0.973867
vt 0.023357 0.972267
vt 0.022528 0.940613
vt 0.023300 0.956345
vt 0.024217 0.930166
vt 0.022317 0.959003
vt 0.022548 0.928263
vt 0.024159 0.967929
vt 0.488604 0.009169
vt 0.492403 0.009169
vt 0.492017 0.008091
vt 0.416429 0.982201
vt 0.421178 0.982201
vt 0.416981 0.981122
vt 0.707977 0.105178
vt 0.705721 0.104847
vt 0.705626 0.103804
vt 0.703583 0.103355
vt 0.695253 0.103020
vt 0.700964 0.103408
vt 0.701029 0.104447
vt 0.689934 0.105178
vt 0.693268 0.104918
vt 0.108737 0.971413
vt 0.111586 0.971413
vt 0.110322 0.970334
vt 0.872270 0.982431
vt 0.871320 0.989752
vt 0.871320 0.976807
vt 0.558879 0.046926
vt 0.561728 0.046926
vt 0.560477 0.045847
vt 0.884615 0.107336
vt 0.893162 0.107336
vt 0.885687 0.105178
vt 0.772555 0.114214
vt 0.774341 0.112729
vt 0.778200 0.114887
vt 0.779202 0.114214
vt 0.027066 0.317691
vt 0.028015 0.318168
vt 0.027066 0.325243
vt 0.630104 0.051241
vt 0.631054 0.053475
vt 0.630104 0.054477
vt 0.427825 0.963862
vt 0.427825 0.969256
vt 0.426876 0.965723
vt 0.763947 0.094091
vt 0.762779 0.095179
vt 0.760436 0.094492
vt 0.773876 0.096087
vt 0.754936 0.095473
vt 0.758141 0.098558
vt 0.750474 0.098830
vt 0.758539 0.094144
vt 0.752914 0.094862
vt 0.761604 0.100863
vt 0.764611 0.099246
vt 0.765616 0.096497
vt 0.748832 0.095504
vt 0.748599 0.094785
vt 0.744462 0.094889
vt 0.742059 0.096046
vt 0.743028 0.094675
vt 0.739179 0.094175
vt 0.734891 0.094266
vt 0.741669 0.097704
vt 0.732527 0.095300
vt 0.728409 0.098401
vt 0.727635 0.093664
vt 0.731942 0.094247
vt 0.725850 0.094943
vt 0.725484 0.093748
vt 0.719850 0.094295
vt 0.718527 0.095398
vt 0.717814 0.100853
vt 0.712083 0.094914
vt 0.708529 0.098566
vt 0.705998 0.094422
vt 0.703770 0.095658
vt 0.700422 0.100863
vt 0.694682 0.092233
vt 0.705402 0.093862
vt 0.711294 0.094116
vt 0.774454 0.099328
vt 0.718157 0.094287
vt 0.011871 0.040681
vt 0.009972 0.035059
vt 0.009972 0.042611
vt 0.503799 0.995146
vt 0.500950 0.995146
vt 0.503084 0.992988
vn -0.998673 0.001268 -0.043003
vn -0.999592 -0.001561 -0.012700
vn -0.999722 -0.000552 -0.011638
vn -0.993637 -0.001555 -0.099231
vn -0.999930 -0.001575 0.011132
vn -0.995904 -0.000941 -0.060773
vn -0.998143 -0.000853 -0.059475
vn -0.988674 -0.000220 -0.137928
vn -0.995947 -0.000348 -0.089840
vn -0.987592 -0.003938 -0.150044
vn -0.987091 0.001518 -0.111145
vn -0.953394 0.001029 -0.285399
vn -0.947426 0.003593 -0.257396
vn -0.989499 0.014614 -0.063500
vn -0.984154 0.030941 0.074537
vn -0.960005 0.082319 0.106747
vn -0.933996 0.005354 -0.283648
vn -0.976991 0.018962 0.212435
vn -0.888863 0.197499 0.396150
vn -0.871910 0.290403 0.389015
vn -0.849300 0.290553 0.440759
vn -0.004325 -0.999328 0.034460
vn -0.001356 -0.998313 0.010887
vn 0.001601 -0.997417 -0.017810
vn -0.005191 -0.999703 -0.000349
vn -0.005105 -0.999612 0.008182
vn -0.006156 -0.999675 -0.024748
vn 0.007279 -0.996100 -0.087843
vn 0.007071 -0.995605 -0.093386
vn -0.005656 -0.992841 0.115402
vn -0.009834 -0.988212 0.140433
vn -0.006556 -0.994369 0.103272
vn -0.006251 -0.991948 0.126281
vn -0.014703 -0.995204 0.095019
vn -0.015226 -0.997071 0.073085
vn -0.025093 -0.996848 0.069759
vn -0.030728 -0.988862 -0.001432
vn -0.102850 -0.954413 -0.119915
vn -0.008324 -0.976470 0.207291
vn -0.118480 -0.920072 -0.317662
vn -0.006962 -0.980331 0.195615
vn -0.003929 -0.968947 0.240722
vn -0.005052 -0.968505 0.226671
vn -0.003636 -0.976603 0.194268
vn -0.001003 -0.990116 0.104627
vn 0.000886 -0.986538 0.125656
vn 0.001308 -0.999802 0.019843
vn -0.506734 -0.802972 -0.313778
vn 0.008553 0.927138 0.374211
vn 0.000264 0.926444 0.373367
vn 0.000554 0.915003 0.403044
vn 0.008509 0.923941 0.382423
vn 0.032778 0.924276 0.373447
vn 0.048870 0.925008 0.365476
vn -0.003733 0.942731 0.327776
vn -0.003119 0.956267 0.292376
vn 0.000599 0.955074 0.296366
vn 0.219502 0.870647 0.440218
vn -0.883370 -0.012523 -0.449537
vn -0.971366 -0.002434 -0.231670
vn -0.796170 -0.018654 -0.485105
vn -0.719627 -0.006426 -0.593305
vn -0.793447 -0.038025 -0.571711
vn -0.823951 -0.016542 -0.563923
vn -0.786990 -0.016597 -0.612860
vn -0.741601 -0.030874 -0.665385
vn -0.702726 -0.050253 -0.705640
vn -0.674714 -0.104662 -0.725494
vn -0.745911 -0.166208 -0.644974
vn -0.550242 -0.018319 -0.834052
vn -0.613303 0.082452 -0.768050
vn -0.739824 0.174067 -0.639294
vn -0.644017 0.377612 -0.633477
vn -0.491704 -0.048421 -0.869376
vn -0.579204 0.311164 -0.751503
vn -0.617346 0.461621 -0.592755
vn -0.522949 0.371590 -0.766391
vn -0.608844 0.536409 -0.527032
vn -0.687623 0.611955 -0.380913
vn -0.562367 0.744187 -0.360456
vn -0.163342 0.590790 0.747765
vn -0.218813 0.797089 0.557944
vn -0.164611 0.713710 0.654016
vn -0.189015 0.827244 0.529094
vn -0.268985 0.731665 0.612050
vn -0.201839 0.626662 0.721661
vn -0.219114 0.734497 0.628064
vn -0.243714 0.818684 0.505859
vn -0.238524 0.775418 0.583687
vn -0.273434 0.825746 0.450522
vn -0.212199 0.649371 0.722987
vn -0.247872 0.684068 0.651418
vn -0.303889 0.822487 0.452313
vn -0.149150 0.611159 0.777328
vn -0.126057 0.516350 0.838484
vn -0.087343 0.638778 0.729608
vn -0.114846 0.555019 0.812257
vn 0.014747 0.518221 0.842292
vn 0.074601 0.533243 0.842666
vn 0.084978 0.475247 0.872343
vn 0.014737 0.398425 0.913518
vn -0.302552 0.898602 0.284724
vn -0.524506 0.843342 0.116914
vn -0.100864 -0.853069 -0.357667
vn 0.003455 -0.768270 -0.519785
vn -0.093368 -0.895876 -0.176675
vn 0.059561 -0.765501 -0.445565
vn -0.119872 -0.972264 -0.173074
vn -0.081327 -0.818032 -0.552652
vn -0.018694 -0.703655 -0.670810
vn 0.001173 -0.840941 -0.537224
vn 0.047293 -0.586516 -0.761011
vn 0.037555 -0.414149 -0.909434
vn 0.188964 -0.413724 -0.876377
vn 0.017651 -0.653983 -0.668962
vn -0.085380 -0.614255 -0.741351
vn -0.210667 -0.851760 -0.219985
vn -0.144424 -0.888253 -0.150346
vn -0.161847 -0.955222 0.035047
vn -0.149079 -0.980713 0.126382
vn -0.314521 -0.897405 0.246522
vn -0.338983 -0.939745 0.044385
vn 0.008881 0.736279 0.668929
vn 0.028440 0.760375 0.635024
vn 0.044141 0.813904 0.565532
vn 0.003045 0.639783 0.765349
vn -0.000017 0.614623 0.786661
vn -0.000938 0.579056 0.815287
vn 0.520637 0.684433 0.510382
vn 0.002678 -0.280077 0.879419
vn 0.080508 -0.897562 0.339876
vn 0.028638 -0.490535 0.649744
vn 0.008306 -0.465955 0.863263
vn 0.114321 -0.993366 -0.012413
vn -0.016959 -0.087860 0.995510
vn -0.009924 -0.062369 0.997979
vn -0.015055 -0.216933 0.942842
vn -0.014817 -0.050987 0.998553
vn -0.013370 -0.008348 0.999429
vn -0.015548 -0.208477 0.947020
vn -0.013580 -0.273404 0.936776
vn -0.021968 -0.158897 0.987051
vn -0.017005 -0.507706 0.851930
vn -0.021968 -0.435768 0.899095
vn -0.030731 -0.495762 0.859873
vn -0.045793 -0.448687 0.892344
vn -0.047724 -0.459123 0.887090
vn -0.023393 -0.321478 0.941432
vn -0.032562 -0.644404 0.759420
vn -0.004204 -0.717449 0.696598
vn 0.002064 0.954341 0.142281
vn 0.002064 0.954341 0.142281
vn -0.007109 0.875300 0.483529
vn 0.007218 0.998751 -0.049451
vn -0.025069 0.796737 0.603807
vn -0.009117 0.654905 0.737275
vn -0.009117 0.654905 0.737275
vn 0.002348 0.552976 0.833194
vn 0.193475 -0.807529 0.453866
vn 0.202726 -0.839642 0.299379
vn 0.157817 -0.657865 0.734048
vn 0.188391 -0.838808 0.242159
vn 0.119269 -0.571456 0.806340
vn 0.163171 -0.703616 0.418538
vn 0.192847 -0.913334 0.109034
vn 0.089909 -0.440574 0.891246
vn 0.097712 -0.384489 0.917944
vn 0.210588 -0.971339 -0.095257
vn 0.161161 -0.974132 -0.135833
vn 0.136042 -0.989300 -0.052699
vn -0.216225 0.512122 0.815821
vn -0.357505 0.722142 0.477998
vn -0.339359 0.736274 0.513156
vn -0.274616 0.692168 0.661874
vn -0.198040 0.572200 0.771603
vn -0.370660 0.795785 0.443847
vn -0.252492 0.648768 0.684573
vn -0.431659 0.901705 -0.015117
vn -0.430678 0.807102 0.258946
vn -0.252943 0.517813 0.781768
vn -0.244386 0.575115 0.668952
vn -0.409685 0.898038 0.000830
vn -0.295466 0.829188 0.417979
vn -0.199784 0.594897 0.693411
vn -0.317302 0.861327 0.276182
vn -0.192079 0.646622 0.692623
vn -0.219348 0.514483 0.754992
vn -0.209504 0.593818 0.766910
vn -0.231264 0.765326 0.569502
vn -0.238448 0.720091 0.629049
vn -0.208864 0.580683 0.776415
vn -0.126726 0.644795 0.725016
vn -0.174816 0.471832 0.855138
vn -0.168100 0.508240 0.838571
vn -0.192233 0.619313 0.716370
vn -0.173469 0.511118 0.826768
vn -0.100721 0.466749 0.873969
vn -0.066540 0.575104 0.782683
vn -0.179748 0.445631 0.876714
vn -0.146031 0.434538 0.880705
vn -0.140632 0.426405 0.877038
vn -0.201039 0.490369 0.841978
vn -0.130067 0.342911 0.922717
vn -0.139506 0.383298 0.900198
vn -0.124348 0.425669 0.889912
vn -0.153067 0.518705 0.838352
vn -0.133439 0.545786 0.824885
vn -0.109590 0.446887 0.878503
vn -0.133866 0.407363 0.893814
vn -0.005841 0.426257 0.903840
vn -0.095362 0.328976 0.938547
vn 0.019759 0.427807 0.903238
vn 0.046815 0.384875 0.919532
vn -0.060251 0.266339 0.961969
vn -0.079255 0.254828 0.962301
vn -0.154070 0.363742 0.909252
vn -0.209753 0.443759 0.871253
vn -0.066289 0.548547 0.786507
vn 0.068725 0.417591 0.905988
vn 0.067942 0.353851 0.930552
vn 0.063489 0.294640 0.953497
vn -0.119883 0.836650 0.529990
vn -0.137325 0.832749 0.526409
vn -0.344697 0.869164 0.281134
vn -0.245042 0.941267 0.232315
vn -0.380468 0.924275 0.030963
vn 0.014237 -0.988139 0.071429
vn -0.023133 -0.982010 0.030184
vn 0.036976 -0.998556 -0.027027
vn 0.058687 -0.998106 -0.018446
vn -0.038366 -0.976377 -0.023786
vn -0.046882 -0.980299 -0.191756
vn -0.046175 -0.979103 -0.198053
vn -0.549280 0.833290 -0.062608
vn -0.549280 0.833290 -0.062608
vn -0.549280 0.833290 -0.062608
vn -0.024545 0.988371 0.140709
vn -0.042123 0.987274 0.018477
vn 0.006379 0.975468 0.088282
vn -0.065848 0.948519 0.270095
vn 0.008325 0.961180 -0.146782
vn -0.024083 0.982097 0.182099
vn -0.016249 0.974563 0.223524
vn -0.079454 0.914199 -0.060140
vn -0.191359 0.892198 0.018463
vn -0.109941 0.966908 -0.227756
vn 0.051632 0.965440 -0.225547
vn 0.115351 0.931601 -0.335717
vn 0.013081 0.924665 -0.372538
vn 0.105316 0.912920 -0.394316
vn -0.113105 0.901447 -0.411926
vn -0.585351 -0.374138 -0.711840
vn -0.571439 -0.237630 -0.781672
vn -0.639026 -0.241132 -0.718440
vn -0.606960 -0.365042 -0.696115
vn -0.534611 -0.269661 -0.794619
vn -0.580472 -0.344561 -0.731578
vn -0.547659 -0.331302 -0.760499
vn -0.522171 -0.223312 -0.821226
vn -0.479579 -0.300896 -0.820135
vn -0.497690 -0.213201 -0.838911
vn -0.370990 -0.407370 -0.821476
vn -0.495423 -0.282186 -0.804884
vn -0.515376 -0.153834 -0.841247
vn -0.554482 -0.183839 -0.807019
vn -0.602189 -0.195163 -0.766234
vn -0.555516 -0.101976 -0.823695
vn -0.445427 -0.162211 -0.878555
vn -0.508385 -0.047809 -0.853867
vn -0.682974 -0.181114 -0.700150
vn -0.429764 -0.127910 -0.891191
vn -0.401511 -0.073412 -0.908887
vn -0.530519 0.069308 -0.839856
vn -0.377191 -0.150322 -0.912988
vn -0.366507 -0.301232 -0.874653
vn -0.422802 -0.375129 -0.824934
vn -0.550673 -0.397868 -0.729035
vn -0.528005 -0.397754 -0.749128
vn -0.634094 -0.425938 -0.641823
vn -0.541128 -0.377676 -0.737131
vn -0.549575 -0.325715 -0.760986
vn -0.476544 -0.388630 -0.777556
vn -0.424857 -0.427963 -0.784048
vn -0.390831 -0.451958 -0.777464
vn -0.589400 -0.579159 -0.470788
vn -0.452564 0.052696 -0.883173
vn -0.747313 -0.207120 -0.625329
vn -0.563793 -0.342542 -0.726634
vn -0.452073 -0.570760 -0.557102
vn -0.797338 -0.599138 -0.072707
vn 0.145651 -0.732188 0.663930
vn 0.053157 -0.285739 0.856881
vn 0.098569 -0.375182 0.842434
vn 0.154104 -0.631523 0.747090
vn 0.028491 -0.783872 0.581723
vn 0.026495 -0.007458 0.960235
vn 0.062023 -0.213840 0.961899
vn -0.010854 -0.393039 0.793756
vn -0.089483 -0.742061 0.634039
vn 0.719683 0.418134 0.535757
vn 0.436818 0.272474 0.825565
vn 0.237433 0.192305 0.920536
vn 0.208692 0.039892 0.936321
vn 0.119693 0.170259 0.966658
vn 0.290567 0.156788 0.943529
vn 0.157261 0.060296 0.981489
vn 0.249693 0.379228 0.787426
vn 0.395610 0.770073 0.449120
vn 0.571484 0.646762 0.417696
vn 0.231237 0.198904 0.853377
vn 0.108073 0.200533 0.937586
vn 0.263728 0.139031 0.855338
vn 0.695416 -0.543215 0.397175
vn 0.308625 -0.227189 0.848002
vn 0.228909 -0.280888 0.844382
vn 0.545245 -0.345324 0.718740
vn 0.481971 -0.611957 0.536761
vn 0.302676 0.253368 0.887815
vn 0.657112 0.466420 0.592015
vn 0.258720 0.319645 0.886966
vn 0.408245 0.253829 0.857342
vn 0.485645 0.626818 0.566104
vn 0.550533 0.363662 0.739435
vn 0.353937 0.325826 0.830255
vn 0.360422 0.239322 0.892831
vn 0.075109 0.068036 0.988205
vn 0.120803 0.120324 0.968677
vn 0.243570 0.403366 0.852290
vn 0.053655 0.093118 0.977595
vn 0.059314 -0.057641 0.977547
vn 0.547996 -0.787904 0.141222
vn 0.297628 -0.516705 0.628965
vn 0.378233 -0.399626 0.720307
vn 0.120827 -0.177095 0.970019
vn 0.071173 -0.191376 0.972301
vn 0.025453 -0.048652 0.996362
vn 0.012809 -0.002057 0.999678
vn 0.007704 0.012802 0.999571
vn 0.009984 -0.087057 0.989162
vn 0.212838 -0.395493 0.893468
vn 0.648296 0.615743 0.408270
vn 0.277086 0.214016 0.882132
vn 0.246836 0.250908 0.913926
vn 0.147364 0.231857 0.941272
vn 0.000931 0.003053 0.999977
vn 0.004522 0.002581 0.999972
vn 0.004685 0.002708 0.999965
vn 0.003981 -0.000147 0.999991
vn 0.008039 0.000169 0.999962
vn 0.029272 0.003398 0.999525
vn 0.011128 0.002777 0.999901
vn 0.016250 0.000269 0.999850
vn 0.031442 -0.000731 0.999490
vn 0.028716 0.002462 0.999552
vn 0.029667 -0.004629 0.999531
vn 0.027244 -0.003573 0.999595
vn 0.022280 0.016928 0.999573
vn 0.045032 0.003900 0.998912
vn 0.037304 0.014890 0.999100
vn 0.046894 0.011210 0.998806
vn 0.041665 0.011296 0.999039
vn 0.043996 0.012888 0.998926
vn 0.038358 0.010891 0.999131
vn 0.033542 0.006278 0.999323
vn 0.022359 0.016509 0.999547
vn 0.033141 0.017384 0.999248
vn 0.026337 0.019096 0.999358
vn 0.018332 0.008937 0.999650
vn 0.022686 0.002646 0.999627
vn 0.012728 0.003745 0.999875
vn 0.029732 0.000013 0.999498
vn 0.004046 0.001376 0.999989
vn 0.006390 0.001674 0.999977
vn 0.004993 0.004538 0.999971
vn 0.004704 0.002266 0.999971
vn 0.007473 0.008791 0.999932
vn 0.006836 -0.002471 0.999961
vn 0.014021 -0.003787 0.999856
vn 0.044818 0.006113 0.998876
vn 0.046333 -0.007817 0.998872
vn 0.029343 -0.004378 0.999543
vn 0.045296 -0.010118 0.998875
vn 0.032763 0.006097 0.999410
vn 0.041343 0.004864 0.999096
vn 0.030522 -0.005122 0.999406
vn 0.022003 0.002583 0.999728
vn 0.018262 -0.000071 0.999818
vn 0.049680 -0.011432 0.998662
vn 0.024499 -0.003363 0.999666
vn 0.033281 0.001385 0.999392
vn 0.048677 -0.004555 0.998772
vn 0.009271 -0.001470 0.999917
vn 0.000489 0.000497 0.999993
vn 0.000334 -0.000070 0.999997
vn 0.003806 0.001907 0.999935
vn 0.000007 0.003609 0.999992
vn 0.009439 0.002204 0.999895
vn 0.000036 0.001208 0.999998
vn 0.000504 0.001801 0.999998
vn 0.000726 0.002811 0.999991
vn 0.000621 0.001343 0.999999
vn 0.000977 0.002474 0.999996
vn 0.001860 0.001536 0.999997
vn 0.001340 0.001154 0.999998
vn 0.002587 0.001327 0.999995
vn 0.003502 0.002143 0.999990
vn 0.008435 0.002829 0.999925
vn 0.007543 0.004467 0.999920
vn 0.002442 0.003305 0.999987
vn 0.002037 0.013036 0.999856
vn 0.004812 0.027087 0.999274
vn 0.004191 0.019879 0.999596
vn 0.002027 0.004293 0.999985
vn 0.002888 0.014254 0.999752
vn -0.001004 0.020288 0.999604
vn -0.002928 0.002737 0.999982
vn 0.006510 0.019821 0.999484
vn 0.003803 0.004278 0.999917
vn 0.005233 -0.001098 0.999933
vn 0.008010 0.001443 0.999944
vn 0.002815 0.001815 0.999993
vn 0.000998 -0.002440 0.999994
vn 0.000488 0.002331 0.999995
vn 0.002247 0.000627 0.999994
vn 0.071415 0.001698 0.991003
vn 0.088540 0.009298 0.988562
vn 0.005611 -0.000786 0.999970
vn 0.000747 -0.001211 0.999994
vn -0.000926 -0.001247 0.999997
vn -0.000673 0.000319 0.999997
vn 0.002943 0.000996 0.999992
vn 0.003430 0.003503 0.999976
vn 0.000008 0.000581 0.999999
vn 0.000122 0.006417 0.999959
vn 0.000339 0.018003 0.999828
vn -0.000465 0.011948 0.999908
vn 0.009957 0.011881 0.999850
vn 0.002760 0.003919 0.999957
vn 0.013130 0.004395 0.999864
vn 0.016951 0.002985 0.999830
vn 0.010773 -0.002932 0.999910
vn 0.007327 0.012274 0.999882
vn 0.015379 -0.003416 0.999865
vn 0.015003 0.004561 0.999864
vn 0.014127 -0.002264 0.999895
vn 0.016676 0.002017 0.999841
vn 0.016122 0.005471 0.999851
vn 0.014805 0.009845 0.999827
vn 0.028160 0.009186 0.999451
vn 0.029337 0.019876 0.999319
vn 0.012678 0.005951 0.999879
vn 0.030757 0.020409 0.999299
vn 0.023130 0.004924 0.999580
vn 0.042886 0.025581 0.998636
vn 0.039552 0.020963 0.998938
vn 0.030771 0.020755 0.999293
vn 0.028039 0.006448 0.999503
vn 0.039499 0.000607 0.999195
vn 0.026609 0.000842 0.999595
vn 0.039265 -0.004871 0.999101
vn 0.039977 0.014387 0.999015
vn 0.012093 0.006485 0.999900
vn 0.011608 -0.003482 0.999926
vn 0.010164 0.000716 0.999942
vn 0.013631 0.001154 0.999892
vn 0.017867 0.004434 0.999798
vn 0.007239 -0.000105 0.999946
vn 0.011928 -0.009468 0.999852
vn 0.011861 0.001820 0.999827
vn 0.009320 0.006411 0.999928
vn 0.015517 0.005758 0.999848
vn 0.008157 0.005225 0.999942
vn 0.013407 0.007623 0.999864
vn 0.011111 0.002660 0.999910
vn 0.015363 0.008954 0.999807
vn 0.008802 0.006470 0.999937
vn 0.013758 0.007958 0.999832
vn 0.008704 0.008340 0.999916
vn 0.013673 0.012578 0.999782
vn 0.015240 0.008776 0.999821
vn 0.003672 0.006397 0.999954
vn 0.003545 0.003243 0.999980
vn 0.001963 0.005912 0.999953
vn 0.004192 0.011484 0.999891
vn 0.000841 0.013679 0.999894
vn 0.000679 0.015990 0.999871
vn 0.012292 -0.000681 0.999862
vn 0.021950 0.005146 0.999711
vn 0.020962 -0.014590 0.999637
vn 0.018188 -0.001604 0.999782
vn 0.025446 -0.000623 0.999619
vn 0.013367 -0.008644 0.999824
vn 0.012413 -0.017129 0.999704
vn 0.013979 -0.023636 0.999579
vn 0.005727 -0.009993 0.999906
vn 0.008766 -0.016943 0.999771
vn 0.004226 0.000407 0.999984
vn -0.000415 -0.003709 0.999961
vn 0.001576 0.009153 0.999941
vn -0.001581 0.008305 0.999950
vn 0.001400 0.013283 0.999907
vn 0.001574 0.005628 0.999963
vn 0.000577 0.011757 0.999930
vn 0.002032 0.005615 0.999969
vn 0.002037 0.011162 0.999936
vn 0.002663 0.000496 0.999988
vn 0.001902 -0.000606 0.999988
vn 0.002630 0.000069 0.999989
vn -0.001012 -0.005226 0.999980
vn -0.003098 -0.004631 0.999976
vn 0.006021 0.002554 0.999964
vn 0.007523 -0.004005 0.999941
vn 0.008274 -0.007941 0.999906
vn -0.005553 -0.008689 0.999943
vn 0.010008 -0.004909 0.999906
vn 0.011031 -0.009134 0.999885
vn 0.010346 0.004543 0.999889
vn 0.012712 0.005965 0.999870
vn 0.013509 0.007252 0.999873
vn 0.009231 0.000205 0.999944
vn 0.003074 0.006730 0.999948
vn 0.007689 0.005638 0.999929
vn 0.005749 0.007842 0.999903
vn 0.006083 -0.000109 0.999951
vn 0.012311 0.023969 0.999475
vn 0.008091 0.004297 0.999912
vn 0.009897 0.001068 0.999919
vn 0.010791 0.001784 0.999915
vn 0.003088 0.006120 0.999958
vn 0.004677 0.004473 0.999948
vn -0.003239 0.024761 0.999510
vn -0.006390 0.006592 0.999937
vn -0.002698 0.002981 0.999967
vn -0.012479 0.002715 0.999907
vn -0.007154 -0.000564 0.999973
vn -0.002219 0.005709 0.999920
vn -0.003251 0.004540 0.999923
vn -0.006329 -0.001235 0.999973
vn -0.009085 -0.005265 0.999921
vn -0.009925 -0.015303 0.999777
vn -0.008172 -0.019866 0.999763
vn -0.009091 -0.012002 0.999872
vn -0.004792 -0.003331 0.999954
vn -0.008071 0.000431 0.999961
vn -0.008567 -0.019340 0.999705
vn -0.005439 0.002135 0.999978
vn -0.005325 -0.001931 0.999974
vn -0.006849 -0.002059 0.999973
vn -0.005146 0.004438 0.999974
vn -0.005993 0.001452 0.999959
vn -0.007090 -0.002041 0.999945
vn -0.011402 -0.001834 0.999907
vn -0.009851 -0.001594 0.999929
vn -0.008066 0.005426 0.999948
vn -0.007401 -0.000055 0.999969
vn -0.004538 0.005019 0.999962
vn 0.002645 0.010245 0.999933
vn 0.001531 0.003669 0.999984
vn 0.003667 0.006574 0.999961
vn 0.000541 0.005621 0.999970
vn -0.001360 -0.000565 0.999987
vn 0.003358 -0.000593 0.999983
vn 0.001317 -0.001665 0.999979
vn 0.000644 -0.011031 0.999754
vn 0.005049 -0.004037 0.999920
vn 0.006154 -0.002062 0.999969
vn 0.005207 -0.001598 0.999984
vn 0.002959 -0.002061 0.999992
vn -0.002542 -0.000149 0.999980
vn -0.007945 0.004470 0.999955
vn -0.007083 0.005578 0.999957
vn -0.008045 0.013348 0.999834
vn 0.000123 0.001888 0.999971
vn -0.001253 -0.000521 0.999991
vn -0.007445 0.014858 0.999820
vn 0.005882 0.001569 0.999977
vn 0.000879 0.011447 0.999891
vn 0.004424 0.008858 0.999918
vn -0.003239 0.015962 0.999831
vn -0.003301 0.007350 0.999965
vn 0.001490 0.006012 0.999968
vn 0.003833 0.007779 0.999948
vn 0.000324 -0.008899 0.999886
vn 0.013148 0.001075 0.999741
vn 0.004618 0.013809 0.999841
vn 0.009974 0.004149 0.999901
vn 0.003139 0.022517 0.999579
vn 0.012533 0.005299 0.999897
vn 0.024179 0.002400 0.999645
vn 0.019854 0.006598 0.999593
vn 0.019894 0.008224 0.999732
vn 0.014216 0.008087 0.999819
vn 0.005004 0.023640 0.998267
vn 0.013321 0.018054 0.999116
vn 0.023382 0.005690 0.999572
vn -0.001269 0.058387 0.993715
vn 0.023567 0.058819 0.995535
vn 0.013176 0.036266 0.998938
vn 0.003697 0.010175 0.999881
vn -0.006364 0.031634 0.999409
vn -0.012891 0.013684 0.999731
vn -0.015165 0.029454 0.999079
vn -0.008587 0.014446 0.999818
vn -0.006814 0.014599 0.999818
vn 0.003245 -0.010644 0.999885
vn -0.001962 -0.011793 0.999873
vn -0.003555 0.002573 0.999978
vn 0.002621 -0.012914 0.999816
vn 0.004629 -0.012643 0.999738
vn 0.003105 0.007798 0.999950
vn -0.018599 -0.001764 0.999758
vn -0.013900 -0.004691 0.999861
vn -0.013834 -0.000918 0.999890
vn -0.030728 -0.001294 0.998776
vn -0.015351 -0.005796 0.999627
vn -0.006609 -0.012012 0.999803
vn -0.009942 -0.008520 0.999889
vn -0.015206 -0.009930 0.999752
vn -0.010259 -0.024708 0.999575
vn -0.008028 0.002732 0.999892
vn -0.009949 -0.002641 0.999944
vn -0.006892 -0.008221 0.999874
vn -0.006155 -0.006031 0.999937
vn -0.000470 -0.003727 0.999986
vn -0.002752 -0.008107 0.999933
vn -0.027963 -0.005133 0.997844
vn -0.005020 0.003020 0.999911
vn -0.017778 0.022516 0.998151
vn 0.000632 0.001781 0.999961
vn 0.007154 0.007081 0.999915
vn 0.012524 0.003536 0.999895
vn 0.005088 0.004924 0.999923
vn 0.012989 -0.006726 0.999856
vn -0.002122 -0.008754 0.999924
vn 0.003464 0.002732 0.999934
vn 0.004298 -0.007336 0.999905
vn 0.010508 -0.012461 0.999789
vn 0.001863 -0.014704 0.999830
vn 0.007795 0.015852 0.999569
vn -0.026562 0.029098 0.999068
vn 0.000837 0.000575 0.999990
vn 0.001966 -0.000228 0.999994
vn -0.000323 0.000900 0.999996
vn -0.005409 -0.000209 0.999980
vn 0.002155 -0.008630 0.999933
vn 0.006514 -0.020360 0.999751
vn 0.001958 -0.006450 0.999941
vn 0.002357 -0.006422 0.999955
vn 0.000693 -0.008769 0.999955
vn 0.005331 -0.011472 0.999869
vn -0.001131 -0.010276 0.999923
vn -0.000181 -0.035468 0.999017
vn 0.002071 -0.046216 0.998554
vn 0.006983 -0.028408 0.999337
vn 0.002259 -0.009309 0.999907
vn 0.000624 -0.009384 0.999943
vn 0.013423 -0.064649 0.996525
vn 0.019319 -0.025687 0.999449
vn 0.001441 -0.041173 0.998423
vn 0.005784 0.006482 0.999960
vn 0.010035 0.002520 0.999940
vn 0.023274 0.006215 0.999576
vn 0.014990 0.006617 0.999793
vn 0.008418 0.007754 0.999929
vn 0.010807 0.008520 0.999897
vn 0.014523 0.009237 0.999828
vn 0.016246 0.004887 0.999792
vn 0.039756 0.002781 0.999085
vn 0.012425 0.005432 0.999871
vn 0.029899 0.002259 0.999400
vn 0.011353 -0.001001 0.999923
vn 0.019081 -0.000247 0.999791
vn 0.012663 -0.005735 0.999837
vn 0.028841 -0.002972 0.999534
vn 0.025885 -0.004798 0.999609
vn 0.011506 -0.032401 0.998660
vn 0.018394 -0.025682 0.998804
vn 0.019316 -0.015512 0.999064
vn 0.025447 0.005771 0.999613
vn 0.039877 0.000231 0.999178
vn 0.044306 -0.001868 0.998992
vn 0.038450 0.002153 0.999192
vn 0.039278 0.001570 0.999161
vn 0.049120 0.008574 0.998666
vn 0.047256 0.005357 0.998797
vn 0.065120 0.008802 0.997825
vn 0.070176 0.008501 0.997493
vn 0.057559 0.005354 0.998266
vn 0.067154 0.004662 0.997713
vn 0.063633 0.011766 0.997770
vn 0.062242 0.004445 0.997984
vn 0.051388 0.005346 0.998618
vn 0.064202 0.009434 0.997865
vn 0.048407 0.012944 0.998618
vn 0.038002 0.004333 0.999127
vn 0.057149 0.013777 0.998103
vn 0.009431 0.015308 0.999642
vn 0.005795 -0.005088 0.999677
vn 0.001939 0.006385 0.999912
vn 0.012336 0.004339 0.999766
vn 0.011255 0.012346 0.999566
vn 0.003902 -0.007450 0.999944
vn -0.002800 -0.013281 0.999885
vn -0.003540 -0.016881 0.999818
vn 0.016196 0.008553 0.999805
vn 0.013054 0.006324 0.999824
vn 0.006456 0.019396 0.999758
vn 0.008170 0.020952 0.999701
vn 0.006219 0.019194 0.999762
vn 0.002534 0.026308 0.999610
vn 0.007798 0.033185 0.999339
vn 0.003403 0.025741 0.999552
vn 0.006947 0.017791 0.999778
vn 0.012027 0.008458 0.999792
vn 0.011273 0.000509 0.999906
vn 0.007138 -0.000623 0.999946
vn 0.052762 -0.003942 0.993726
vn 0.025367 0.002288 0.999435
vn -0.000398 0.000899 0.999999
vn 0.000630 0.001065 0.999998
vn 0.010761 -0.000074 0.999882
vn 0.015567 0.003180 0.999823
vn 0.021446 0.008063 0.999705
vn 0.018289 -0.002859 0.999824
vn 0.014663 -0.004709 0.999880
vn 0.033240 0.004064 0.999342
vn 0.034858 -0.007255 0.999264
vn 0.022302 -0.003882 0.999652
vn 0.042505 -0.008152 0.998975
vn 0.033166 -0.008885 0.999368
vn 0.038054 -0.004879 0.999224
vn 0.037244 -0.006821 0.999234
vn 0.047296 -0.005927 0.998835
vn 0.038271 0.006665 0.999157
vn 0.037439 -0.002635 0.999191
vn 0.043035 0.006274 0.999017
vn 0.024741 0.008431 0.999631
vn 0.047729 0.000839 0.998766
vn 0.040991 0.007376 0.999006
vn 0.044318 -0.002904 0.998958
vn 0.043119 -0.010224 0.998953
vn 0.041825 -0.009740 0.998915
vn 0.043072 -0.018213 0.998795
vn 0.027380 -0.020235 0.998161
vn 0.019046 -0.008922 0.999730
vn 0.032144 -0.010757 0.999342
vn 0.013901 0.005953 0.999838
vn 0.010443 0.003202 0.999910
vn 0.030742 0.010589 0.999414
vn 0.013737 0.008344 0.999852
vn 0.034625 0.007005 0.999295
vn 0.021725 0.003365 0.999636
vn 0.009871 0.005802 0.999917
vn 0.007387 0.010005 0.999904
vn 0.004868 0.003801 0.999969
vn 0.008113 0.002896 0.999959
vn 0.005457 0.004547 0.999974
vn 0.010228 0.009194 0.999847
vn 0.004901 0.009996 0.999913
vn 0.003381 0.004361 0.999982
vn 0.005804 0.009313 0.999917
vn 0.005508 0.022981 0.999697
vn 0.004782 0.021759 0.999732
vn 0.006016 0.020102 0.999721
vn 0.000780 0.003052 0.999955
vn -0.000051 0.002375 0.999962
vn 0.003230 0.002844 0.999950
vn 0.007923 0.003451 0.999955
vn 0.001030 0.013315 0.999835
vn -0.003026 0.008305 0.999940
vn -0.011627 0.013561 0.999775
vn -0.010943 0.011387 0.999844
vn -0.010627 0.023444 0.999622
vn -0.003777 0.010799 0.999852
vn -0.012684 0.021461 0.999649
vn -0.023202 0.020923 0.999339
vn -0.011418 0.011352 0.999791
vn -0.019776 0.021873 0.999523
vn -0.018273 0.028367 0.999366
vn -0.005125 0.014328 0.999817
vn -0.018688 0.042339 0.998885
vn 0.003135 0.019126 0.999641
vn -0.022165 0.029995 0.999223
vn -0.015576 0.026999 0.999479
vn -0.028019 0.027181 0.999084
vn -0.017700 0.029487 0.999345
vn -0.035920 0.034142 0.998705
vn -0.027203 0.026009 0.999236
vn -0.017418 0.037246 0.999110
vn -0.013752 0.018243 0.999702
vn -0.007375 0.022053 0.999684
vn -0.007854 0.025975 0.999580
vn -0.020086 0.040052 0.998953
vn -0.026395 0.016914 0.999429
vn -0.024419 0.008739 0.999586
vn -0.033023 0.005880 0.999426
vn -0.018499 0.001754 0.999777
vn -0.023561 0.000293 0.999687
vn -0.007519 0.004048 0.999906
vn -0.007389 0.008861 0.999905
vn -0.011648 0.011826 0.999862
vn -0.010651 0.008158 0.999898
vn -0.013003 0.010003 0.999831
vn -0.007329 0.004821 0.999959
vn -0.009104 0.006343 0.999909
vn -0.015307 0.020912 0.999577
vn -0.015594 0.016156 0.999696
vn -0.019354 0.007282 0.999767
vn -0.022203 0.030038 0.999075
vn -0.023214 0.037156 0.998888
vn -0.019596 0.000195 0.999792
vn -0.017112 0.006060 0.999793
vn -0.015393 0.002119 0.999755
vn -0.002905 0.001675 0.999991
vn -0.014022 0.012964 0.999801
vn -0.008084 0.012606 0.999874
vn -0.010327 0.014687 0.999827
vn -0.014409 0.021703 0.999620
vn -0.015049 0.026961 0.999420
vn -0.020540 0.023018 0.999462
vn -0.008496 0.015559 0.999831
vn -0.006092 0.011392 0.999894
vn -0.004313 0.010357 0.999933
vn -0.004392 0.007062 0.999963
vn -0.007781 0.007768 0.999921
vn -0.009900 0.010993 0.999885
vn -0.020911 0.014495 0.999610
vn -0.016197 0.013586 0.999745
vn -0.007685 0.008199 0.999905
vn -0.004047 0.012237 0.999904
vn -0.011588 0.019506 0.999677
vn -0.011466 0.030907 0.999397
vn -0.004605 0.020516 0.999746
vn -0.009076 0.024959 0.999616
vn -0.014061 0.031283 0.999372
vn -0.015338 0.040427 0.998984
vn -0.012184 0.044424 0.998854
vn -0.007427 0.038008 0.999164
vn -0.019628 0.044013 0.998740
vn -0.015735 0.022841 0.999559
vn -0.008692 0.018129 0.999771
vn -0.008064 0.009063 0.999897
vn -0.001913 0.010847 0.999932
vn -0.001138 0.007810 0.999968
vn -0.001167 0.008325 0.999963
vn -0.000891 0.009675 0.999950
vn -0.002917 0.013744 0.999879
vn -0.003947 0.018008 0.999809
vn -0.006046 0.023801 0.999657
vn -0.008271 0.031538 0.999447
vn -0.019145 0.038817 0.999012
vn -0.010923 0.042807 0.999011
vn -0.014192 0.038436 0.999104
vn -0.009434 0.038642 0.999165
vn -0.010199 0.037713 0.999216
vn -0.010439 0.034554 0.999342
vn -0.008957 0.025379 0.999627
vn -0.010711 0.033088 0.999361
vn -0.015805 0.035912 0.999191
vn -0.007954 0.031124 0.999399
vn -0.010526 0.029565 0.999413
vn -0.017241 0.036701 0.999112
vn 0.000632 0.031728 0.999359
vn -0.006201 0.027077 0.999594
vn -0.004334 0.019701 0.999785
vn -0.001505 0.011548 0.999929
vn -0.005276 0.008898 0.999916
vn -0.004657 0.004983 0.999972
vn -0.006211 0.003343 0.999974
vn -0.006170 0.002956 0.999977
vn -0.006664 0.010098 0.999881
vn -0.017012 0.021732 0.999563
vn -0.006354 0.004896 0.999964
vn -0.004717 0.011069 0.999909
vn -0.010405 0.025533 0.999595
vn -0.019746 0.036538 0.999081
vn -0.022596 0.044553 0.998691
vn -0.019524 0.053862 0.998334
vn -0.018289 0.049014 0.998576
vn -0.014466 0.046072 0.998744
vn -0.006727 0.035125 0.999223
vn -0.023454 0.044060 0.998695
vn -0.022943 0.033708 0.999117
vn -0.022532 0.023548 0.999390
vn -0.016598 0.035156 0.999236
vn -0.014416 0.034800 0.999256
vn -0.008784 0.019968 0.999710
vn -0.017396 0.017530 0.999642
vn -0.009291 0.029400 0.999457
vn -0.002053 0.016103 0.999845
vn -0.003441 0.007879 0.999924
vn 0.001976 0.002630 0.999985
vn -0.003093 0.001504 0.999972
vn -0.008007 0.000167 0.999957
vn -0.010951 0.006687 0.999907
vn -0.012813 0.001675 0.999913
vn -0.013760 0.006292 0.999878
vn -0.015444 0.010729 0.999813
vn -0.016549 0.020524 0.999566
vn -0.012883 0.014578 0.999750
vn -0.018918 0.020325 0.999549
vn -0.012838 0.004111 0.999905
vn -0.007800 0.008462 0.999897
vn -0.010702 0.001928 0.999935
vn 0.002296 0.003367 0.999962
vn 0.004680 0.009761 0.999907
vn 0.005721 0.003266 0.999968
vn 0.006891 0.001880 0.999971
vn 0.003922 0.003629 0.999964
vn 0.000335 0.003289 0.999975
vn 0.004316 0.003926 0.999967
vn 0.003223 0.001179 0.999991
vn 0.001171 0.000330 0.999985
vn 0.001304 0.000782 0.999996
vn 0.002871 0.003195 0.999984
vn -0.000837 0.004959 0.999977
vn 0.004102 0.004201 0.999975
vn 0.004742 0.002523 0.999983
vn 0.000869 0.002600 0.999994
vn 0.003272 0.003082 0.999976
vn 0.005218 0.004156 0.999947
vn 0.003908 0.001903 0.999959
vn 0.003850 0.002203 0.999985
vn 0.002757 0.001167 0.999993
vn 0.003866 0.002447 0.999987
vn 0.004206 0.002658 0.999987
vn 0.004040 0.003159 0.999986
vn 0.002531 0.005945 0.999978
vn 0.002490 0.002413 0.999992
vn 0.002801 -0.000489 0.999994
vn 0.001739 -0.001680 0.999990
vn 0.002934 -0.000583 0.999995
vn 0.006047 -0.003957 0.999954
vn 0.012768 -0.005810 0.999900
vn 0.014123 -0.002102 0.999725
vn 0.006974 -0.003848 0.999897
vn 0.004905 -0.006029 0.999964
vn 0.004303 0.016582 0.999302
vn 0.007326 0.007238 0.999571
vn 0.006351 0.001768 0.999868
vn 0.003015 -0.001812 0.999991
vn 0.002030 -0.000873 0.999997
vn 0.002072 0.000047 0.999997
vn 0.000636 0.000001 0.999999
vn 0.002430 0.001483 0.999961
vn 0.008398 0.011570 0.999680
vn 0.001293 0.002704 0.999959
vn 0.013544 0.020650 0.999391
vn -0.000044 0.000799 0.999998
vn 0.000308 0.001349 0.999998
vn -0.000988 0.002916 0.999994
vn -0.001725 0.002665 0.999994
vn 0.001029 0.002225 0.999995
vn -0.000987 0.002308 0.999993
vn -0.001865 0.002984 0.999992
vn -0.002150 0.002998 0.999988
vn 0.000237 0.003152 0.999994
vn -0.000494 -0.000182 0.999996
vn -0.001793 0.003226 0.999991
vn -0.001218 0.002847 0.999994
vn -0.000033 0.002783 0.999996
vn -0.000846 0.004946 0.999984
vn -0.002567 0.003906 0.999984
vn -0.000512 0.007198 0.999973
vn -0.001474 0.010391 0.999934
vn -0.005345 0.012147 0.999879
vn -0.003710 0.027127 0.999594
vn -0.011088 0.017841 0.999732
vn -0.008998 0.005583 0.999926
vn -0.014398 0.003928 0.999879
vn -0.005658 0.000881 0.999982
vn -0.004295 0.002070 0.999986
vn -0.004270 0.006683 0.999962
vn -0.012974 0.001043 0.999915
vn -0.012724 0.003794 0.999889
vn -0.002895 0.024018 0.999632
vn 0.003253 0.007675 0.999928
vn 0.003958 0.024866 0.999652
vn 0.004226 0.011587 0.999894
vn 0.007230 0.022323 0.999715
vn 0.002712 0.015491 0.999808
vn -0.000029 0.015095 0.999831
vn 0.000772 0.032541 0.999464
vn 0.002028 0.016355 0.999799
vn -0.001326 0.019157 0.999784
vn -0.001567 0.013241 0.999849
vn -0.001184 0.024819 0.999674
vn 0.006232 0.015067 0.999805
vn -0.004690 0.016024 0.999829
vn 0.000203 0.015555 0.999847
vn -0.003223 0.023691 0.999691
vn 0.002143 0.027791 0.999497
vn -0.007691 0.038237 0.999182
vn -0.000501 0.020182 0.999770
vn -0.008825 0.033071 0.999321
vn -0.006583 0.041310 0.999075
vn -0.007646 0.043019 0.999015
vn -0.012957 0.040256 0.999078
vn -0.001898 0.026162 0.999555
vn -0.012521 0.030806 0.999430
vn -0.004055 0.018127 0.999809
vn 0.014787 0.017662 0.999529
vn -0.001598 0.016834 0.999851
vn -0.003024 0.011123 0.999902
vn 0.008679 0.010707 0.999840
vn 0.021443 0.038660 0.998857
vn 0.020428 0.037853 0.998969
vn 0.015942 0.015044 0.999734
vn 0.006148 0.022876 0.999699
vn 0.007222 0.013889 0.999843
vn 0.002921 0.009383 0.999916
vn 0.002627 0.007911 0.999947
vn 0.000133 0.002146 0.999994
vn -0.000236 0.004299 0.999989
vn 0.000561 0.005104 0.999986
vn -0.000971 0.006365 0.999979
vn -0.000415 0.002870 0.999993
vn -0.000464 0.002381 0.999995
vn -0.000522 0.001084 0.999999
vn -0.000797 0.002078 0.999995
vn -0.001849 0.002952 0.999989
vn -0.001706 0.001620 0.999997
vn -0.000922 0.001490 0.999998
vn -0.000199 0.002686 0.999994
vn 0.000391 0.001683 0.999997
vn -0.000011 -0.001124 0.999997
vn -0.002641 0.002537 0.999983
vn 0.000568 -0.000239 0.999996
vn -0.001733 0.003628 0.999988
vn -0.004625 0.006336 0.999965
vn -0.001667 0.003459 0.999983
vn 0.000140 0.007506 0.999924
vn 0.003734 0.006028 0.999827
vn -0.018769 0.034193 0.998526
vn -0.007821 0.010462 0.999888
vn -0.034033 0.045880 0.997747
vn -0.009979 0.036819 0.998549
vn -0.002710 0.005530 0.999979
vn -0.000773 0.008891 0.999904
vn 0.000341 0.002683 0.999995
vn 0.001469 0.002293 0.999995
vn 0.001388 0.002228 0.999996
vn 0.001039 0.003931 0.999991
vn 0.001330 0.002795 0.999995
vn 0.000926 0.003704 0.999992
vn 0.001509 0.004348 0.999989
vn 0.000897 0.004484 0.999989
vn 0.001914 0.003226 0.999991
vn 0.000562 0.001939 0.999994
vn 0.001129 0.001123 0.999996
vn -0.001560 0.001010 0.999998
vn -0.001307 0.002724 0.999990
vn -0.000310 0.002921 0.999994
vn 0.000972 0.001208 0.999997
vn -0.004928 0.000579 0.999966
vn -0.004554 0.000218 0.999953
vn -0.011534 0.015183 0.999731
vn -0.000901 0.015897 0.999850
vn -0.017136 0.017451 0.999669
vn -0.005632 0.012846 0.999870
vn -0.020560 0.022593 0.999455
vn -0.005589 0.017759 0.999774
vn -0.000150 0.002382 0.999995
vn -0.000032 0.003628 0.999991
vn -0.008362 0.002561 0.999933
vn -0.000378 0.003138 0.999993
vn -0.006072 0.003829 0.999909
vn -0.001546 0.000524 0.999841
vn -0.000082 0.002040 0.999997
vn 0.000599 0.003812 0.999983
vn 0.000711 0.002116 0.999996
vn 0.002364 0.002215 0.999994
vn 0.001352 0.006643 0.999941
vn 0.003656 0.009227 0.999904
vn -0.000091 0.033717 0.999137
vn -0.003805 0.053512 0.998284
vn -0.010805 0.067541 0.997352
vn 0.003500 0.015454 0.999826
vn -0.008703 0.006633 0.999671
vn 0.025810 0.053090 0.995201
vn 0.073083 0.096713 0.988881
vn 0.006880 0.013030 0.999595
vn 0.007135 0.012124 0.999865
vn 0.005030 0.020635 0.999646
vn 0.019687 0.020757 0.999545
vn -0.004331 0.002756 0.999985
vn -0.000105 0.002622 0.999989
vn 0.003760 0.001710 0.999990
vn 0.003852 0.002813 0.999988
vn 0.001431 0.030235 0.999494
vn -0.005991 0.006178 0.999960
vn -0.003476 0.006180 0.999947
vn -0.007933 0.021976 0.999661
vn -0.003837 0.014399 0.999873
vn 0.002069 0.011744 0.999916
vn 0.007661 0.003037 0.999957
vn 0.005229 0.001145 0.999983
vn -0.000171 0.004146 0.999985
vn 0.009567 0.008240 0.999876
vn 0.010318 0.007749 0.999912
vn 0.006467 0.004819 0.999953
vn 0.004723 0.008186 0.999908
vn 0.003154 0.003173 0.999981
vn 0.000861 0.012240 0.999858
vn 0.000195 0.002952 0.999993
vn 0.002740 0.005842 0.999950
vn 0.005179 0.009064 0.999932
vn 0.003388 0.011760 0.999908
vn 0.000205 0.011856 0.999907
vn -0.000201 0.023360 0.999690
vn -0.002660 0.023291 0.999696
vn -0.005609 0.025569 0.999631
vn -0.002894 0.023265 0.999697
vn -0.009920 0.004213 0.999894
vn -0.003123 0.011731 0.999854
vn 0.001155 0.019385 0.999774
vn -0.006001 0.001163 0.999807
vn 0.014005 0.001248 0.999584
vn -0.009276 0.007594 0.999869
vn -0.002439 0.028936 0.999495
vn -0.003931 0.014176 0.999779
vn 0.000085 0.020432 0.999735
vn 0.004244 0.010554 0.999919
vn 0.012963 0.013804 0.999781
vn 0.019131 0.019493 0.999585
vn 0.007389 0.009183 0.999922
vn 0.009796 0.010301 0.999873
vn 0.015734 0.020791 0.999584
vn 0.003038 0.016049 0.999808
vn -0.004646 0.022241 0.999661
vn 0.002724 0.017254 0.999832
vn -0.000091 0.008188 0.999963
vn -0.000522 0.005251 0.999982
vn -0.001437 0.005239 0.999980
vn -0.001850 0.003046 0.999990
vn -0.000049 0.005451 0.999982
vn -0.003307 0.005769 0.999970
vn -0.001883 0.012407 0.999900
vn -0.003324 0.007631 0.999959
vn -0.007270 0.009903 0.999905
vn -0.009721 0.019830 0.999723
vn -0.006665 0.027249 0.999567
vn -0.003594 0.045995 0.998871
vn -0.015368 0.042783 0.998906
vn -0.020981 0.023901 0.999445
vn -0.020537 0.027002 0.999393
vn -0.009644 0.038222 0.999038
vn -0.021714 0.027344 0.999359
vn -0.022370 0.031108 0.999240
vn -0.020491 0.032057 0.999250
vn -0.032019 0.028799 0.999047
vn -0.036172 0.021523 0.999078
vn -0.035108 0.021579 0.999122
vn -0.045227 0.014000 0.998817
vn -0.052498 0.022815 0.998255
vn -0.026710 0.021949 0.999357
vn -0.015321 0.012559 0.999477
vn -0.009348 0.014935 0.999657
vn -0.020255 0.015789 0.999578
vn -0.011980 0.011291 0.999833
vn -0.001190 0.007875 0.999920
vn 0.005132 0.005542 0.999933
vn 0.003644 0.012539 0.999849
vn -0.013915 0.008736 0.999757
vn 0.021950 0.022988 0.990922
vn 0.007591 0.008011 0.999874
vn -0.011713 0.001492 0.999886
vn -0.002045 0.005621 0.999976
vn -0.004921 0.005330 0.999955
vn 0.001190 0.010470 0.999920
vn -0.001574 0.024082 0.999638
vn -0.005370 0.009354 0.999891
vn -0.003406 -0.000715 0.999967
vn -0.004264 -0.000379 0.999967
vn -0.010354 -0.001082 0.999898
vn -0.008028 0.002295 0.999925
vn -0.007922 0.000142 0.999911
vn 0.011388 0.018881 0.998678
vn 0.004108 0.006950 0.999319
vn -0.012203 0.000669 0.999798
vn 0.004114 0.017264 0.999391
vn -0.015822 0.026078 0.999439
vn -0.011872 0.022213 0.999617
vn 0.001175 0.017991 0.999749
vn -0.006948 -0.009546 0.999784
vn -0.018751 0.004561 0.999242
vn 0.003591 0.029957 0.999499
vn 0.007889 0.027536 0.999487
vn 0.005991 0.020316 0.999611
vn 0.001190 0.035574 0.999325
vn -0.010111 0.037487 0.999244
vn -0.000109 0.041038 0.999085
vn -0.010433 0.016225 0.999795
vn -0.012151 0.015967 0.999770
vn -0.018331 0.025225 0.999473
vn -0.025367 0.041711 0.998775
vn -0.016889 0.064950 0.997660
vn -0.018276 0.060288 0.997809
vn -0.021324 0.052275 0.998305
vn -0.016124 0.034417 0.999216
vn -0.012307 0.026425 0.999534
vn -0.004874 0.025086 0.999654
vn -0.017679 0.032142 0.999045
vn -0.009329 0.054839 0.997784
vn -0.007096 0.052012 0.997515
vn -0.001674 0.021118 0.999657
vn -0.001146 0.012650 0.999845
vn -0.002105 0.021849 0.999733
vn 0.004237 0.014154 0.999845
vn -0.003823 0.018507 0.999721
vn 0.011670 0.029446 0.999445
vn 0.024911 0.035782 0.998869
vn 0.008003 0.047133 0.998613
vn -0.007563 0.101777 0.992447
vn 0.001768 0.039890 0.995361
vn -0.004664 0.008123 0.999954
vn -0.031242 0.031739 0.998921
vn -0.039184 0.029073 0.998778
vn -0.032663 0.038379 0.998636
vn 0.015759 0.016210 0.999627
vn -0.001496 0.031237 0.999490
vn 0.024349 0.003867 0.999603
vn 0.047049 0.013736 0.998764
vn 0.051544 0.005181 0.998560
vn 0.048539 0.001743 0.998761
vn 0.046920 0.005197 0.998827
vn 0.056630 0.019234 0.998146
vn 0.043852 0.010968 0.998861
vn 0.053251 0.022070 0.998188
vn -0.029172 0.041457 0.998649
vn 0.016798 0.075429 0.996060
vn 0.022229 -0.011979 0.999658
vn 0.019547 0.008046 0.999388
vn -0.038454 0.027511 0.998626
vn -0.031720 0.004181 0.999257
vn -0.041598 0.055409 0.997431
vn 0.006478 0.038114 0.999152
vn 0.024872 0.028362 0.999176
vn 0.021011 0.032927 0.999117
vn 0.043470 0.024358 0.998673
vn 0.023063 0.035752 0.999017
vn 0.022305 0.024888 0.999420
vn 0.038723 0.026435 0.998715
vn 0.054005 0.046938 0.997042
vn 0.054226 0.078347 0.994578
vn 0.031334 0.027977 0.999086
vn 0.041022 0.033379 0.998540
vn 0.045629 0.022057 0.998627
vn 0.039740 0.024191 0.998834
vn -0.023110 0.000740 0.999685
vn -0.028226 0.000008 0.999517
vn -0.029865 -0.001423 0.999417
vn -0.034939 0.013692 0.998651
vn -0.027402 -0.005494 0.999422
vn -0.018409 -0.003559 0.999787
vn 0.013343 0.006129 0.999828
vn 0.038785 0.012401 0.999001
vn 0.044701 -0.009912 0.998894
vn 0.036103 -0.006257 0.999291
vn 0.044324 0.003254 0.998866
vn 0.017595 0.017726 0.999529
vn 0.070002 0.071085 0.992087
vn 0.024802 0.002079 0.999554
vn 0.025674 0.002173 0.999469
vn 0.000838 0.035969 0.999279
vn 0.001714 0.044623 0.998951
vn -0.001479 0.047993 0.998730
vn -0.002602 0.041828 0.999008
vn -0.003368 0.038665 0.999178
vn 0.012275 0.037103 0.999193
vn 0.036865 0.022786 0.998642
vn 0.038615 0.037493 0.998193
vn 0.005387 0.004887 0.999864
vn -0.007326 0.007444 0.999561
vn -0.005219 -0.000976 0.999827
vn -0.006451 0.008231 0.999169
vn -0.093280 0.041435 0.988048
vn -0.003246 0.014049 0.999459
vn 0.006898 0.016604 0.999431
vn -0.014896 -0.004333 0.999077
vn 0.023679 0.037379 0.998135
vn -0.023369 0.054142 0.996608
vn -0.015505 0.056618 0.997562
vn -0.014546 0.094773 0.993076
vn -0.028181 -0.009507 0.997826
vn -0.014161 -0.008412 0.997914
vn 0.022046 0.024831 0.998729
vn 0.033972 0.023216 0.997727
vn 0.033558 0.029366 0.989615
vn 0.047573 0.004271 0.997466
vn 0.047750 0.001934 0.998177
vn 0.069837 0.039890 0.990847
vn 0.043270 -0.005453 0.991871
vn 0.073130 0.012788 0.991833
vn 0.041709 0.006907 0.984911
vn 0.012061 -0.004594 0.999476
vn 0.009029 0.025275 0.998207
vn -0.007228 0.054699 0.997545
vn 0.011427 0.030057 0.999394
vn 0.007638 0.020588 0.999677
vn 0.031707 0.051038 0.994811
vn 0.002730 0.025891 0.999509
vn 0.033869 0.050045 0.994246
vn -0.010109 -0.006054 0.999826
vn 0.035123 0.053185 0.996358
vn 0.028213 0.050310 0.997693
vn 0.025404 0.032781 0.997335
vn 0.051951 0.027545 0.993713
vn 0.044441 0.022046 0.995909
vn -0.033539 0.010806 0.998856
vn 0.038572 0.050694 0.994283
vn -0.053604 0.037844 0.997626
vn -0.049693 0.033727 0.998034
vn -0.008000 0.056686 0.996910
vn -0.020299 0.005015 0.998593
vn 0.002363 0.015625 0.999667
vn 0.019384 -0.014878 0.999318
vn 0.004692 0.003961 0.999782
vn -0.007210 -0.009033 0.999705
vn 0.017005 -0.003675 0.999755
vn 0.028016 0.025019 0.999251
vn 0.001578 0.087281 0.993295
vn 0.106166 0.109408 0.947021
vn 0.023368 0.015393 0.999397
vn 0.034563 0.034908 0.997517
vn 0.040051 0.057648 0.995698
vn -0.019321 0.000182 0.999708
vn -0.009905 0.004398 0.999893
vn -0.025659 -0.004402 0.999595
vn -0.034323 -0.003130 0.999246
vn -0.036404 -0.007903 0.999081
vn 0.002317 0.009372 0.999864
vn -0.014138 0.015203 0.999723
vn -0.020815 0.023955 0.999015
vn 0.006806 0.011463 0.999875
vn -0.029287 0.011754 0.999426
vn -0.033014 0.025436 0.998996
vn -0.008148 0.017949 0.999700
vn -0.028132 0.027876 0.999082
vn -0.013608 0.037547 0.998909
vn 0.005905 0.019104 0.999638
vn -0.025401 0.026411 0.998934
vn 0.003731 0.027888 0.999189
vn 0.003429 0.025431 0.999152
vn -0.002629 0.029884 0.999273
vn 0.004677 -0.015928 0.999624
vn -0.028824 -0.014304 0.999224
vn -0.012849 -0.014993 0.999145
vn -0.022393 -0.003559 0.996661
vn -0.017488 0.120440 0.990354
vn -0.039009 -0.011263 0.996837
vn -0.060906 0.007614 0.994155
vn -0.025558 -0.016433 0.998975
vn 0.031587 0.042793 0.982865
vn -0.012094 -0.045115 0.994476
vn 0.031540 0.038312 0.998480
vn -0.011461 0.015083 0.995586
vn 0.004081 -0.035586 0.999188
vn -0.000643 -0.012559 0.999429
vn -0.039822 -0.006229 0.996938
vn -0.019156 -0.054592 0.996298
vn -0.022747 0.015136 0.999126
vn -0.008717 0.014723 0.999733
vn -0.034140 0.006077 0.999032
vn -0.033288 0.001801 0.998792
vn -0.032079 -0.032432 0.998492
vn -0.027275 0.001003 0.999432
vn -0.123657 0.002318 0.977908
vn 0.002497 0.013410 0.998183
vn -0.026162 0.075798 0.991434
vn -0.033192 0.013101 0.999157
vn -0.032193 0.046219 0.997472
vn -0.048500 0.040931 0.996443
vn -0.004637 0.036812 0.996448
vn -0.000106 0.014700 0.998166
vn 0.030812 0.069649 0.993733
vn 0.013442 0.108383 0.992452
vn 0.029751 0.051375 0.997428
vn 0.032677 0.037530 0.998737
vn -0.002336 0.116743 0.992212
vn 0.002737 0.056369 0.997869
vn -0.015468 0.065209 0.997482
vn 0.015749 0.054587 0.998010
vn -0.018333 0.030423 0.999005
vn 0.001280 0.082451 0.995427
vn 0.001275 -0.033154 0.999304
vn 0.000089 -0.035518 0.999294
vn 0.000339 -0.058398 0.996057
vn 0.015348 -0.031796 0.999134
vn 0.005500 -0.044643 0.998890
vn 0.003792 -0.039991 0.999016
vn -0.013798 0.023708 0.999561
vn -0.025020 0.071323 0.992912
vn -0.006193 0.048751 0.997331
vn -0.015722 0.039396 0.997189
vn -0.012661 0.054034 0.998255
vn -0.029468 0.066912 0.997040
vn -0.010940 0.046111 0.998083
vn -0.009467 0.038656 0.999140
vn -0.008678 0.069737 0.996052
vn 0.055814 0.087133 0.989112
vn -0.020793 -0.048889 0.997114
vn -0.010156 -0.064970 0.996775
vn -0.034831 -0.196717 0.962862
vn 0.005478 0.088306 0.992449
vn 0.007104 0.107187 0.991683
vn 0.007253 0.112710 0.987399
vn -0.032638 0.030100 0.998855
vn -0.038880 0.020100 0.998927
vn -0.036107 0.037774 0.998559
vn -0.042777 0.017938 0.998748
vn -0.006852 0.036708 0.999022
vn -0.039750 0.015125 0.998985
vn -0.016387 0.012683 0.999356
vn 0.000932 0.020718 0.998911
vn -0.013984 0.037030 0.998878
vn 0.038741 0.005963 0.999189
vn 0.026249 0.049642 0.997131
vn -0.017614 0.054628 0.997044
vn 0.046323 -0.005321 0.998768
vn 0.072433 -0.014466 0.996427
vn 0.000659 0.036687 0.999257
vn 0.002470 0.041372 0.999069
vn -0.004177 0.051595 0.998602
vn -0.002216 0.041375 0.999071
vn 0.047212 0.071793 0.994992
vn 0.079967 0.015294 0.994747
vn -0.018515 0.012067 0.998071
vn 0.103565 0.001335 0.991470
vn -0.052413 0.000280 0.997737
vn 0.110967 0.016933 0.992510
vn 0.121620 0.000494 0.991740
vn -0.052953 0.006273 0.997084
vn 0.117632 -0.003292 0.988720
vn -0.239809 0.001421 0.952255
vn -0.025243 0.017810 0.998647
vn 0.017711 0.022615 0.999307
vn -0.015346 0.047732 0.998005
vn 0.022136 0.050113 0.998228
vn -0.033348 -0.004292 0.999398
vn -0.045339 -0.010234 0.998749
vn -0.027197 -0.000332 0.999511
vn -0.030788 -0.015724 0.999396
vn -0.037814 0.029380 0.998694
vn -0.016715 0.007140 0.999462
vn -0.047046 0.025729 0.998317
vn -0.034671 0.006843 0.999299
vn -0.038504 -0.003408 0.999181
vn -0.021973 -0.009490 0.999577
vn -0.035485 -0.005523 0.999286
vn 0.000922 -0.001375 0.999887
vn 0.003738 0.007550 0.999850
vn 0.006068 0.005442 0.999918
vn 0.020681 0.007055 0.999309
vn 0.016363 0.017187 0.999657
vn 0.005569 0.017375 0.999730
vn 0.022174 0.014325 0.999616
vn 0.009877 0.012723 0.999827
vn 0.018520 0.022637 0.999309
vn 0.025603 0.023884 0.999087
vn 0.012308 0.026935 0.999373
vn -0.001758 0.030643 0.999425
vn -0.024355 0.011379 0.999572
vn -0.021330 0.013093 0.999595
vn -0.036986 0.006875 0.999198
vn -0.011788 0.031231 0.999204
vn -0.005020 0.042297 0.998867
vn -0.015442 0.031153 0.999241
vn -0.032170 -0.004986 0.998253
vn 0.047400 0.006307 0.995870
vn -0.028976 0.004383 0.999389
vn -0.059912 0.002903 0.997519
vn -0.013011 0.011513 0.998764
vn -0.008509 -0.041752 0.998445
vn -0.028486 0.041975 0.998462
vn -0.013554 0.034332 0.997776
vn -0.009642 0.062365 0.997523
vn -0.001447 0.073948 0.996488
vn 0.029273 0.058622 0.997431
vn -0.000683 0.110227 0.993033
vn -0.048046 0.093385 0.993502
vn -0.021004 -0.015317 0.999296
vn -0.100466 -0.062088 0.987635
vn -0.100518 -0.075479 0.980797
vn -0.044282 -0.152735 0.973010
vn -0.027544 -0.087276 0.993229
vn 0.000799 0.091858 0.993034
vn -0.043942 0.028414 0.998453
vn -0.050863 0.010548 0.998026
vn 0.010909 -0.022168 0.999187
vn -0.036222 -0.016105 0.995725
vn -0.034055 -0.040179 0.996210
vn -0.013367 -0.035182 0.997227
vn 0.016527 0.037615 0.992585
vn -0.026849 0.056631 0.996154
vn 0.031333 0.086166 0.994866
vn 0.007814 0.011308 0.996264
vn 0.017832 -0.021696 0.994892
vn 0.054134 0.042589 0.997352
vn 0.064523 0.039432 0.996920
vn 0.061701 0.093976 0.992572
vn 0.080981 0.044702 0.995499
vn 0.028755 0.025842 0.998988
vn 0.037532 -0.023715 0.998531
vn -0.034431 -0.001530 0.998693
vn 0.038047 0.025932 0.998316
vn -0.001239 0.033421 0.996883
vn -0.048348 0.024846 0.998031
vn -0.018539 -0.067275 0.995221
vn 0.031946 0.076636 0.996173
vn 0.028179 0.082979 0.995698
vn 0.000556 0.075104 0.996798
vn -0.044820 -0.069986 0.995447
vn -0.063901 -0.037841 0.997205
vn -0.053760 -0.028565 0.996331
vn -0.053680 -0.082099 0.988972
vn -0.053420 0.051343 0.997048
vn -0.041299 0.009639 0.996476
vn -0.028032 -0.014589 0.997386
vn -0.014034 0.030144 0.999349
vn -0.025665 0.012277 0.999497
vn -0.008209 0.004793 0.999913
vn -0.012485 0.001483 0.999858
vn -0.038955 0.000894 0.999062
vn -0.051401 0.000244 0.998301
vn -0.013338 0.002334 0.999796
vn -0.062523 0.014693 0.997277
vn -0.033638 0.038543 0.998257
vn -0.004643 -0.003563 0.999682
vn 0.065977 0.033877 0.994473
vn -0.000961 0.004994 0.999959
vn -0.002134 0.030095 0.999478
vn 0.003586 0.008589 0.999877
vn -0.004935 0.045233 0.998926
vn -0.002592 0.000475 0.999994
vn -0.002358 0.001742 0.999992
vn -0.001514 0.000871 0.999996
vn 0.001471 0.000831 0.999995
vn 0.003641 0.001263 0.999989
vn 0.001748 0.007856 0.999911
vn 0.000639 -0.002996 0.999990
vn 0.002565 0.000904 0.999992
vn -0.002184 -0.001600 0.999986
vn -0.001579 -0.005421 0.999981
vn -0.004429 -0.002704 0.999946
vn -0.000477 -0.005049 0.999986
vn 0.001098 0.000867 0.999988
vn 0.002341 -0.005057 0.999980
vn -0.000776 0.001735 0.999981
vn -0.003232 -0.000206 0.999986
vn 0.001059 0.002136 0.999991
vn -0.046012 -0.012072 0.996932
vn -0.010544 -0.002578 0.999908
vn -0.048860 -0.007553 0.996520
vn -0.000242 -0.000203 0.999994
vn 0.003500 0.000754 0.999978
vn -0.000639 0.005070 0.999986
vn 0.002546 0.003180 0.999980
vn 0.001267 -0.001377 0.999996
vn 0.006867 0.000317 0.999950
vn 0.003300 -0.005100 0.999977
vn 0.002324 -0.000165 0.999994
vn 0.003371 0.024361 0.999568
vn -0.000933 0.003539 0.999562
vn 0.001556 0.001302 0.999856
vn 0.003190 0.002624 0.999986
vn -0.004802 0.001935 0.999599
vn 0.002215 -0.003535 0.999969
vn 0.005968 -0.008767 0.999916
vn 0.010115 -0.001894 0.999897
vn 0.014517 -0.003118 0.999820
vn -0.006414 -0.025385 0.997844
vn -0.036281 -0.057715 0.988453
vn -0.028279 -0.032038 0.996611
vn -0.015485 -0.009218 0.997711
vn 0.011858 0.004814 0.999891
vn 0.019788 0.004212 0.999780
vn 0.004991 -0.002459 0.999860
vn 0.021886 0.007072 0.999682
vn -0.002851 0.007098 0.999530
vn 0.019763 0.007752 0.999752
vn 0.018000 0.001920 0.999809
vn -0.001878 -0.005209 0.999775
vn 0.014875 0.000127 0.999878
vn 0.007306 0.009165 0.999820
vn 0.006498 0.014510 0.999813
vn 0.005127 0.008968 0.999758
vn 0.001948 -0.002681 0.999993
vn -0.000012 -0.000366 0.999996
vn 0.001617 0.003218 0.999954
vn -0.000648 0.001482 0.999991
vn 0.001817 0.029397 0.998820
vn -0.002743 0.008529 0.999601
vn -0.008655 0.003476 0.999893
vn -0.007935 0.000571 0.999934
vn -0.024094 0.002574 0.999608
vn -0.031197 0.001252 0.999400
vn -0.086813 0.002536 0.989772
vn 0.001589 0.042193 0.998556
vn -0.010049 -0.010660 0.999194
vn -0.035592 -0.022342 0.996809
vn -0.015619 0.001501 0.999758
vn -0.012344 0.022382 0.999447
vn -0.001025 0.027481 0.999460
vn 0.005291 0.034673 0.999138
vn -0.029889 0.012169 0.999239
vn -0.062619 0.005438 0.994162
vn -0.030679 0.001416 0.999384
vn -0.011494 0.018545 0.998742
vn -0.048287 0.059488 0.989052
vn 0.011187 -0.041294 0.997859
vn -0.016580 -0.016967 0.999395
vn -0.033830 -0.003724 0.998834
vn -0.037243 -0.006482 0.998666
vn -0.030914 -0.023602 0.997141
vn -0.050796 0.003091 0.997862
vn -0.069563 -0.049272 0.994992
vn -0.016861 -0.042558 0.997873
vn 0.055210 -0.013084 0.996685
vn -0.119927 0.020995 0.990635
vn -0.194975 0.010050 0.979594
vn -0.013355 -0.046130 0.998551
vn -0.060271 0.012704 0.997917
vn -0.028926 0.026314 0.992849
vn 0.029810 0.062998 0.996921
vn -0.020176 0.065216 0.997416
vn 0.080932 0.022037 0.994762
vn -0.044992 -0.026545 0.998405
vn -0.064828 0.019699 0.997379
vn -0.069862 -0.005996 0.997220
vn -0.074755 0.005530 0.996824
vn 0.007446 0.062539 0.997951
vn -0.006272 0.074167 0.997220
vn 0.082670 0.015871 0.995922
vn 0.113917 0.053176 0.989886
vn 0.006752 -0.035765 0.982962
vn 0.001452 0.035391 0.993169
vn -0.014907 -0.034767 0.998288
vn -0.054674 0.039303 0.997195
vn -0.049936 -0.020334 0.998323
vn -0.026638 -0.037189 0.998350
vn 0.035148 -0.058667 0.993572
vn 0.002032 -0.090546 0.994253
vn 0.004017 -0.132563 0.988608
vn 0.002754 -0.109271 0.991652
vn 0.045276 -0.020383 0.996733
vn 0.039375 0.021049 0.998529
vn 0.080526 -0.081915 0.987339
vn -0.043191 -0.019176 0.997712
vn 0.084894 0.037690 0.991243
vn 0.157929 -0.003682 0.986649
vn 0.091967 -0.044784 0.983549
vn 0.003820 0.040405 0.998944
vn -0.003718 0.043283 0.998297
vn 0.006432 0.056141 0.997754
vn 0.008026 0.033858 0.999264
vn -0.023725 0.057628 0.997649
vn -0.004147 0.033975 0.999368
vn 0.014451 0.039241 0.998737
vn 0.012693 0.045573 0.998558
vn 0.002973 0.015922 0.999424
vn -0.016235 0.004851 0.999445
vn -0.013737 -0.003817 0.998498
vn 0.000072 -0.036858 0.998617
vn -0.008089 -0.127462 0.966879
vn -0.003260 -0.009271 0.999229
vn 0.063058 -0.025812 0.980066
vn -0.028465 0.022724 0.997811
vn -0.059649 -0.005106 0.997744
vn -0.017003 -0.158998 0.973388
vn 0.094301 0.028750 0.966165
vn -0.019319 0.036629 0.996830
vn 0.042166 -0.026977 0.996550
vn -0.108204 -0.038448 0.971738
vn -0.031986 0.079952 0.989983
vn -0.045222 0.060162 0.996716
vn 0.021599 0.081440 0.992916
vn -0.118893 0.036210 0.988493
vn -0.006307 0.087745 0.995831
vn -0.020090 0.100246 0.994256
vn -0.036092 0.125041 0.989815
vn -0.011561 0.094388 0.995185
vn -0.006260 0.105357 0.994082
vn -0.045043 0.088027 0.994904
vn -0.001388 0.018253 0.994205
vn -0.025589 0.071017 0.993375
vn 0.003969 0.134740 0.988619
vn -0.053639 0.061545 0.996575
vn -0.059067 0.038204 0.995075
vn -0.006208 0.013254 0.995310
vn 0.012295 -0.122631 0.971868
vn -0.093051 0.057432 0.993213
vn -0.188749 -0.001026 0.974472
vn -0.088853 0.123690 0.984335
vn -0.046583 0.081152 0.990619
vn -0.076584 0.013504 0.996351
vn 0.044430 0.053205 0.993998
vn 0.072836 -0.020602 0.991548
vn 0.177966 -0.147336 0.968038
vn -0.029085 0.083810 0.995851
vn -0.111510 -0.077917 0.986937
vn 0.047804 0.038898 0.992121
vn 0.032196 -0.084702 0.993978
vn 0.028056 -0.105906 0.990967
vn 0.000139 -0.107480 0.991527
vn -0.012143 -0.066973 0.995609
vn -0.051519 -0.138028 0.985252
vn 0.039468 -0.188193 0.971408
vn 0.046882 -0.034171 0.997751
vn 0.062926 -0.020582 0.997612
vn 0.065175 -0.006955 0.997526
vn -0.065556 -0.013079 0.997709
vn -0.047066 -0.042328 0.995037
vn -0.053370 -0.023738 0.997514
vn -0.047124 0.000368 0.997903
vn -0.108729 -0.094907 0.983538
vn -0.065143 0.046084 0.992194
vn -0.148850 -0.006682 0.986574
vn -0.003972 -0.049440 0.990374
vn 0.014847 -0.039684 0.993531
vn -0.093389 0.055782 0.993376
vn -0.124974 0.036773 0.990751
vn -0.104408 -0.021464 0.991832
vn 0.001053 -0.146578 0.986654
vn 0.106995 -0.251856 0.895906
vn 0.008895 -0.101416 0.987455
vn -0.054332 0.137856 0.985972
vn 0.064400 -0.015519 0.996600
vn 0.001777 -0.116003 0.991597
vn 0.011145 -0.131529 0.989149
vn 0.008525 -0.176512 0.982779
vn -0.037147 -0.170836 0.974965
vn -0.022778 -0.192650 0.968642
vn 0.095263 0.106692 0.988180
vn -0.058683 0.079813 0.994961
vn 0.047105 -0.020569 0.992043
vn 0.180093 -0.008408 0.957044
vn -0.050614 -0.049438 0.996170
vn -0.072818 0.006903 0.996906
vn -0.034854 0.123949 0.989968
vn -0.021744 0.148964 0.984908
vn 0.021885 0.094569 0.995226
vn 0.057839 0.107264 0.991482
vn 0.072172 0.124295 0.988471
vn 0.042190 0.003466 0.994863
vn 0.049020 0.113658 0.991844
vn 0.045799 0.116468 0.990353
vn 0.117948 0.081555 0.988303
vn 0.141833 0.088892 0.984015
vn 0.097852 0.084379 0.991319
vn -0.147856 -0.029085 0.984363
vn 0.000196 -0.148243 0.987367
vn -0.211932 0.001653 0.967111
vn 0.132491 0.202616 0.962136
vn -0.001975 -0.003056 0.989066
vn -0.029508 0.233039 0.967211
vn -0.012603 0.273174 0.956180
vn 0.067610 0.099264 0.988805
vn 0.075535 0.104120 0.987197
vn -0.052034 0.027961 0.995480
vn -0.118131 0.017274 0.990327
vn 0.051228 0.144149 0.986999
vn -0.039816 0.029394 0.992840
vn -0.044053 0.117267 0.991459
vn 0.197913 -0.003905 0.970283
vn -0.098222 -0.007188 0.995077
vn -0.105004 -0.000277 0.994467
vn -0.117498 0.086765 0.986120
vn 0.088499 0.145134 0.984479
vn -0.004321 0.115240 0.992554
vn -0.007514 0.123058 0.992295
vn -0.010372 0.124616 0.992111
vn -0.006620 0.104842 0.994222
vn 0.003197 0.102836 0.994661
vn 0.143857 0.131766 0.975761
vn 0.162083 0.034460 0.983485
vn -0.030969 0.140483 0.987284
vn -0.088660 0.184798 0.976115
vn -0.123469 0.160147 0.969930
vn -0.032383 -0.213122 0.961720
vn -0.047488 0.079585 0.995344
vn -0.065110 0.087395 0.993895
vn -0.051634 0.161229 0.983745
vn -0.033574 0.086332 0.995279
vn -0.025992 0.085594 0.995700
vn 0.026688 0.089386 0.994438
vn 0.023265 0.102282 0.993528
vn -0.051909 0.090537 0.994050
vn -0.038343 0.150569 0.985903
vn -0.038607 0.124659 0.987224
vn -0.020596 0.132201 0.985005
vn -0.071616 0.240520 0.934987
vn 0.013845 0.137455 0.989961
vn -0.023868 0.077956 0.993426
vn 0.017079 -0.063605 0.997028
vn -0.027290 0.211526 0.971394
vn -0.020697 0.217782 0.975212
vn 0.005778 0.138509 0.989721
vn -0.071207 -0.015454 0.997019
vn -0.129845 -0.126764 0.968519
vn -0.086767 0.004886 0.994330
vn -0.001159 -0.157746 0.986153
vn -0.058673 -0.158074 0.978592
vn -0.027978 0.139250 0.988435
vn -0.099975 0.119026 0.986646
vn 0.034732 0.108073 0.993533
vn 0.080077 0.109842 0.990143
vn -0.044634 -0.088876 0.992887
vn -0.147903 -0.052224 0.986689
vn 0.088522 0.138078 0.986457
vn -0.000902 -0.288574 0.944086
vn 0.197263 0.047202 0.976443
vn -0.114900 -0.009765 0.993284
vn -0.066778 0.106695 0.989090
vn -0.038553 0.093327 0.994675
vn -0.044822 0.133722 0.988959
vn -0.034412 0.157239 0.986068
vn -0.057615 0.120637 0.990839
vn 0.044166 0.173388 0.969500
vn 0.252143 0.116257 0.958059
vn -0.160125 0.111054 0.976345
vn 0.216185 0.135795 0.873215
vn -0.169299 -0.003639 0.981958
vn 0.284415 -0.062488 0.930362
vn -0.005814 0.079366 0.986402
vn -0.092438 -0.273210 0.869120
vn 0.008219 0.054152 0.992923
vn 0.030517 -0.077440 0.991096
vn -0.175975 -0.098288 0.975442
vn 0.135981 -0.013128 0.990001
vn 0.007780 0.200816 0.976870
vn 0.093343 0.153236 0.981633
vn -0.095037 0.151954 0.979211
vn 0.155820 0.173276 0.968811
vn 0.134602 0.153883 0.975212
vn 0.093533 0.164545 0.978163
vn -0.069452 -0.079502 0.986592
vn -0.051416 -0.092067 0.988960
vn 0.134771 -0.098860 0.976763
vn -0.019841 -0.182630 0.980404
vn -0.009150 0.154026 0.987327
vn 0.002867 -0.148991 0.987931
vn -0.143540 0.100146 0.979851
vn 0.016510 0.154872 0.987445
vn -0.014385 0.135351 0.990633
vn -0.010948 0.127497 0.991715
vn -0.035282 0.103953 0.988027
vn -0.123927 -0.074579 0.985418
vn 0.182323 -0.025582 0.980356
vn -0.158762 0.071834 0.983438
vn 0.109998 0.097161 0.989120
vn 0.171174 0.117885 0.912224
vn 0.171825 0.046549 0.978395
vn 0.077959 0.129337 0.988450
vn -0.007520 0.161350 0.986729
vn -0.156631 0.166728 0.968702
vn -0.058499 0.225791 0.965024
vn -0.016717 -0.096521 0.971670
vn -0.239102 -0.055328 0.959222
vn 0.008653 -0.142562 0.989634
vn -0.178498 -0.006913 0.982147
vn -0.159247 -0.076059 0.976882
vn -0.141759 -0.070253 0.976731
vn 0.144858 0.130766 0.979877
vn 0.154936 -0.056229 0.984442
vn -0.110303 0.033370 0.956889
vn -0.068382 0.194795 0.966647
vn 0.158885 -0.130938 0.973428
vn 0.099248 -0.032739 0.989705
vn -0.028492 -0.078401 0.983153
vn -0.065672 -0.053593 0.984250
vn -0.209691 -0.067378 0.969727
vn 0.319175 0.067662 0.927049
vn 0.032384 -0.007038 0.986429
vn -0.185094 -0.041169 0.966423
vn 0.120606 0.049484 0.971011
vn -0.165015 -0.029601 0.969791
vn 0.013130 0.018762 0.988206
vn 0.407469 0.120596 0.878200
vn 0.023250 -0.124425 0.962449
vn -0.062036 0.147268 0.987122
vn -0.096349 -0.053834 0.985506
vn -0.195010 0.123685 0.966420
vn -0.161463 0.157125 0.971263
vn 0.289514 -0.090759 0.931382
vn -0.060322 0.133586 0.988379
vn -0.052833 0.083459 0.992845
vn -0.122353 0.158245 0.976455
vn -0.051239 -0.195243 0.976727
vn -0.033154 -0.207632 0.973231
vn 0.105992 0.158016 0.981300
vn 0.145388 0.115247 0.982094
vn 0.175735 0.107417 0.978171
vn 0.044698 -0.126383 0.990883
vn -0.134347 -0.199045 0.964363
vn -0.049837 0.186897 0.980523
vn -0.186501 -0.026821 0.977930
vn -0.127944 -0.137195 0.978907
vn 0.047074 0.175334 0.981960
vn 0.062822 0.144154 0.983126
vn -0.058357 -0.145572 0.985003
vn 0.031894 0.171231 0.984327
vn 0.021817 0.160540 0.986788
vn -0.175620 -0.028723 0.983234
vn -0.147626 -0.012538 0.987456
vn -0.164179 0.000753 0.984868
vn -0.151747 0.006672 0.987019
vn -0.145554 0.004467 0.988408
vn -0.138023 0.011109 0.985685
vn -0.104772 -0.004498 0.993778
vn -0.087167 -0.015122 0.989294
vn 0.470961 0.010299 0.859565
vn 0.410729 -0.019487 0.886244
vn -0.170161 -0.011161 0.967718
vn -0.120436 0.046044 0.981460
vn -0.243512 -0.008089 0.965706
vn -0.241975 0.032304 0.959894
vn 0.102773 -0.169455 0.951792
vn 0.002953 -0.195536 0.980319
vn 0.014690 0.209787 0.977269
vn 0.099375 0.192925 0.974061
vn 0.426534 0.152506 0.882494
vn 0.022827 0.203087 0.978395
vn 0.172553 -0.206710 0.939591
vn -0.053135 0.100960 0.987598
vn 0.035115 -0.076385 0.990340
vn -0.072085 -0.114488 0.988168
vn -0.153196 0.065396 0.981541
vn -0.141386 -0.138475 0.976290
vn -0.074605 -0.077777 0.990595
vn 0.008087 -0.100137 0.990592
vn -0.027058 -0.096323 0.957473
vn -0.025235 0.182348 0.982903
vn -0.165513 -0.042374 0.985297
vn 0.114222 0.147870 0.982386
vn 0.282296 0.153722 0.826754
vn 0.253108 0.151771 0.826103
vn 0.219913 0.131609 0.900418
vn 0.291431 0.143235 0.848238
vn 0.316023 0.119289 0.846457
vn -0.027653 -0.195495 0.977025
vn -0.136376 -0.095025 0.984084
vn -0.005716 0.295050 0.946354
vn 0.159882 0.119510 0.978259
vn 0.138344 0.143133 0.979290
vn 0.139056 0.186589 0.954470
vn 0.126221 0.174431 0.968056
vn 0.044509 0.265048 0.956180
vn 0.002657 -0.185988 0.982442
vn 0.005601 -0.193075 0.981077
vn 0.000092 -0.211185 0.977418
vn 0.039222 0.190851 0.980835
vn 0.245713 0.088153 0.963246
vn -0.011499 0.237963 0.956333
vn -0.107535 0.266645 0.936424
vn 0.258323 0.094532 0.912090
vn 0.216369 0.126050 0.947641
vn 0.322734 0.107694 0.873963
vn -0.123685 0.137946 0.981476
vn -0.073546 0.218149 0.972252
vn -0.181677 -0.110482 0.975741
vn -0.205086 -0.159153 0.949371
vn -0.181945 -0.142242 0.952753
vn 0.003396 0.225436 0.974112
vn 0.162802 -0.046550 0.985184
vn 0.190544 -0.147620 0.958390
vn -0.005599 0.221797 0.974485
vn -0.036734 0.228649 0.971237
vn 0.302718 -0.048252 0.941304
vn 0.425027 -0.005500 0.893832
vn 0.008186 -0.205664 0.978389
vn 0.002621 -0.202548 0.979268
vn 0.002062 -0.204744 0.978794
vn 0.000781 -0.211433 0.977187
vn 0.003801 -0.214339 0.976696
vn -0.002291 0.223755 0.974509
vn 0.139448 0.184617 0.971798
vn 0.146465 0.211300 0.957925
vn 0.136556 0.185853 0.967844
vn -0.265838 -0.150688 0.884970
vn -0.279242 0.169219 0.936647
vn -0.257179 0.004654 0.964948
vn -0.248937 -0.008056 0.967523
vn -0.242794 -0.028512 0.968738
vn -0.016626 -0.228014 0.971077
vn -0.004419 0.230550 0.972894
vn 0.145847 -0.183935 0.966906
vn -0.064005 0.206969 0.976218
vn -0.073973 0.220176 0.971923
vn 0.174373 0.115712 0.977663
vn 0.176522 0.113550 0.977174
vn 0.164537 0.090054 0.982249
vn 0.135370 0.151387 0.964311
vn 0.158649 0.195889 0.948374
vn -0.110555 0.211584 0.960758
vn 0.300538 0.091533 0.945115
vn 0.064511 0.240500 0.967832
vn -0.183559 0.326208 0.905941
vn 0.021051 -0.289097 0.953876
vn -0.053507 -0.296820 0.953368
vn 0.183603 -0.108162 0.976628
vn 0.210134 0.125603 0.968280
vn 0.197190 0.090638 0.975851
vn 0.268296 0.074489 0.957873
vn 0.157052 0.147377 0.974321
vn 0.144299 0.250856 0.839089
vn 0.190129 0.196982 0.959306
vn -0.044965 0.005966 0.937069
vn -0.157224 -0.006870 0.980242
vn 0.496434 0.003631 0.850178
vn 0.152084 0.492939 0.714687
vn 0.384040 0.073140 0.914720
vn 0.008163 0.278409 0.959940
vn 0.389815 0.124506 0.795767
vn -0.221499 -0.052505 0.973746
vn 0.201624 0.231881 0.934068
vn -0.277714 0.169043 0.935660
vn 0.275138 0.114435 0.951852
vn -0.089182 0.228566 0.969435
vn -0.110204 0.219207 0.967455
vn -0.074860 0.349422 0.916422
vn -0.046238 0.322230 0.942632
vn -0.032966 0.345172 0.937115
vn 0.465208 0.228449 0.686062
vn -0.418586 0.192859 0.857757
vn 0.318121 0.199960 0.921569
vn -0.031611 -0.330581 0.938787
vn -0.248291 -0.092109 0.964054
vn -0.191884 -0.156711 0.968825
vn 0.253762 0.025361 0.966901
vn 0.365570 0.035691 0.923238
vn -0.138380 -0.297775 0.940729
vn -0.243467 0.057714 0.962095
vn 0.350231 0.000556 0.930958
vn 0.393367 0.018562 0.909455
vn -0.283771 -0.018776 0.958672
vn -0.063212 0.313023 0.944988
vn 0.370649 -0.437572 0.739204
vn -0.279969 -0.166166 0.942641
vn 0.265002 0.170480 0.946950
vn 0.031796 0.308402 0.949201
vn -0.126867 0.341141 0.917922
vn -0.272173 0.098041 0.957235
vn -0.220779 -0.173300 0.959804
vn 0.460617 0.006175 0.877476
vn -0.167060 0.291973 0.931889
vn -0.148452 0.359520 0.901295
vn -0.177068 0.270952 0.945255
vn -0.092243 0.263991 0.915341
vn -0.045579 -0.321927 0.941385
vn -0.031111 -0.281109 0.956550
vn 0.056572 -0.329714 0.942381
vn -0.071596 -0.302898 0.944468
vn 0.304728 0.265847 0.881397
vn -0.184251 0.323262 0.923180
vn 0.324367 0.093460 0.941303
vn 0.411118 0.200650 0.882566
vn 0.285813 0.223034 0.931843
vn 0.009638 -0.075366 0.864072
vn 0.416458 0.493174 0.612170
vn -0.046728 -0.384998 0.915669
vn -0.050581 -0.389448 0.893752
vn 0.320287 -0.091437 0.942635
vn 0.519780 -0.134322 0.736968
vn -0.167709 0.400127 0.887270
vn 0.019151 0.031405 0.863856
vn 0.418112 0.284346 0.856857
vn -0.222547 0.476868 0.830407
vn -0.036511 -0.412899 0.905832
vn -0.296222 0.233829 0.926054
vn 0.314405 -0.333435 0.836410
vn 0.296437 -0.236476 0.924021
vn -0.012773 -0.378473 0.925524
vn -0.393606 -0.037995 0.905625
vn -0.482564 0.228991 0.829828
vn 0.002421 -0.404236 0.914554
vn -0.023919 -0.407628 0.912524
vn 0.480845 0.200563 0.851404
vn -0.442970 0.086154 0.881122
vn -0.428232 -0.008524 0.903471
vn -0.423859 0.001192 0.905617
vn 0.506260 0.172825 0.840423
vn 0.016075 -0.482189 0.866381
vn -0.363666 -0.231521 0.902133
vn 0.048978 0.006750 0.805201
vn -0.305698 0.393010 0.866095
vn 0.223217 -0.457652 0.797326
vn 0.310589 -0.338648 0.888173
vn 0.479086 -0.033118 0.876686
vn 0.403309 0.166449 0.899284
vn 0.578233 0.030099 0.747212
vn -0.145656 0.499106 0.843895
vn -0.310220 0.422426 0.851631
vn 0.466486 0.280091 0.837807
vn 0.521359 0.216943 0.823012
vn -0.555507 0.268576 0.776437
vn -0.121072 0.517489 0.834703
vn 0.585868 0.040375 0.785415
vn 0.516804 0.228723 0.823223
vn 0.539524 0.240994 0.803306
vn 0.367081 -0.564627 0.660567
vn -0.405547 -0.446323 0.793438
vn 0.360825 0.303163 0.823198
vn 0.465775 0.238808 0.848213
vn -0.319085 0.267882 0.781987
vn -0.310735 0.167623 0.839211
vn -0.087348 0.053883 0.903865
vn 0.531390 0.239720 0.809251
vn 0.347518 0.171821 0.887510
vn 0.563091 -0.001403 0.771214
vn -0.148739 0.392942 0.900611
vn -0.100492 0.374774 0.921654
vn 0.525222 -0.213776 0.768217
vn 0.542451 -0.115729 0.818033
vn 0.424277 0.233279 0.839520
vn 0.531161 0.272597 0.793371
vn 0.014496 -0.240655 0.826406
vn 0.522545 0.007534 0.798435
vn 0.198660 -0.535607 0.757386
vn 0.399321 -0.476829 0.779434
vn -0.002177 0.624291 0.781189
vn 0.159478 -0.699371 0.666873
vn 0.497619 -0.378206 0.775014
vn 0.541273 -0.333917 0.771500
vn 0.533228 -0.296969 0.776601
vn 0.453482 -0.585413 0.651858
vn 0.464150 0.476595 0.746607
vn 0.187617 0.624005 0.757745
vn 0.292773 0.619317 0.683616
vn -0.203705 -0.577328 0.786077
vn -0.365069 -0.587117 0.704555
vn -0.319846 -0.725800 0.575306
vn 0.614914 -0.606979 0.497094
vn 0.767483 -0.546413 0.335266
vn -0.327637 0.636318 0.651756
vn 0.836956 0.438733 0.198414
vn 0.848116 0.406432 0.251947
vn 0.767961 0.437669 0.278654
vn 0.630599 0.559247 0.485780
vn 0.675354 -0.146969 0.722701
vn 0.881322 0.368537 0.159513
vn -0.278474 -0.119873 0.881630
vn -0.549378 -0.579182 0.580543
vn -0.511303 -0.260167 0.784179
vn -0.388099 -0.292947 0.843118
vn 0.672098 0.395281 0.626129
vn 0.900670 0.299770 0.229459
vn 0.920114 0.260180 0.167156
vn 0.037669 0.826167 0.310555
vn 0.074598 0.789597 0.453278
vn 0.125722 0.985808 0.111246
vn -0.122600 0.933765 0.201069
vn -0.054874 0.773780 0.420147
vn -0.129696 0.921559 0.365517
vn -0.121172 0.918436 0.376553
vn 0.019945 0.906066 0.136756
vn -0.001439 0.933646 0.009957
vn -0.018397 0.928051 0.131373
vn -0.036764 0.979207 -0.199506
vn 0.043748 0.948555 -0.313576
vn 0.008472 0.914645 -0.404169
vn 0.008472 0.914645 -0.404169
vn 0.008472 0.914645 -0.404169
vn 0.093884 -0.826139 0.064741
vn -0.053762 -0.944354 -0.091186
vn -0.208552 -0.870853 -0.444714
vn -0.122328 -0.812507 -0.097719
vn -0.511383 -0.719212 -0.401143
vn -0.433962 -0.752133 -0.348107
vn -0.537743 -0.639951 -0.529466
vn -0.023439 -0.930719 -0.139514
vn 0.108680 -0.993845 0.002880
vn 0.122339 -0.992450 0.008723
vn 0.181388 -0.914670 0.213015
vn -0.038947 -0.984434 -0.053024
vn -0.173833 -0.980782 -0.059621
vn -0.177107 -0.983941 -0.010761
vn -0.190414 -0.981516 -0.019201
vn 0.453193 -0.735152 0.504082
vn 0.944806 0.118298 0.305526
vn 0.944806 0.118298 0.305526
vn 0.944806 0.118298 0.305526
vn -0.273586 0.817619 0.466480
vn -0.211169 0.826886 0.495418
vn -0.201442 0.792862 0.571568
vn -0.137903 0.832147 0.537135
vn -0.323082 0.889094 0.281113
vn -0.530891 0.761407 0.372039
vn 0.881939 0.197271 -0.428098
vn 0.881939 0.197271 -0.428098
vn 0.881939 0.197271 -0.428098
vn -0.829074 -0.078639 -0.414574
vn -0.367492 -0.049333 -0.835459
vn -0.365585 -0.019239 -0.888577
vn -0.364825 -0.046011 -0.877337
vn -0.300654 -0.016126 -0.952652
vn -0.315175 0.001626 -0.949032
vn -0.726586 -0.083895 -0.681935
vn -0.988265 -0.147756 0.038733
vn -0.936229 -0.260467 0.001105
vn -0.936229 -0.260467 0.001105
vn -0.764198 -0.633088 -0.123292
vn 0.870693 -0.388174 -0.116000
vn 0.817549 -0.224915 0.140445
vn 0.666959 -0.375730 0.435085
vn 0.927366 -0.250694 -0.277748
vn 0.576296 -0.563826 0.466754
vn 0.538204 -0.282245 0.778222
vn 0.855784 0.484188 0.182196
vn 0.855784 0.484188 0.182196
vn 0.855784 0.484188 0.182196
vn 0.982934 -0.154166 0.100368
vn 0.915919 -0.081708 -0.224451
vn 0.915919 -0.081708 -0.224451
vn 0.855423 -0.016298 -0.517673
vn 0.288964 -0.812425 0.393725
vn 0.347185 -0.877211 0.201644
vn 0.218784 -0.806786 0.456149
vn 0.560131 -0.673206 0.482749
vn 0.196413 -0.718637 0.666815
vn 0.179183 -0.712316 0.678601
vn -0.072673 0.547146 0.694670
vn -0.156500 0.840461 0.264920
vn -0.109448 0.536076 0.651898
vn -0.125245 0.961294 0.245411
vn -0.123739 0.392332 0.886918
vn -0.059367 0.300738 0.940121
vn 0.765565 0.407014 0.422450
vn 0.273100 0.231920 0.898535
vn 0.330568 0.260955 0.829690
vn 0.447300 0.719218 0.531646
vn -0.179446 0.583459 0.790162
vn -0.123305 0.436469 0.888337
vn -0.067153 0.298130 0.949528
vn -0.083565 0.409438 0.908503
vn -0.039425 0.238312 0.968468
vn -0.046595 0.252651 0.966423
vn -0.019026 0.244365 0.969201
vn -0.010070 0.217003 0.974431
vn -0.019102 0.233353 0.964970
vn -0.006974 0.233160 0.972394
vn 0.005344 0.279189 0.959376
vn 0.028212 0.297310 0.953103
vn 0.006882 0.184386 0.978333
vn 0.008101 0.209413 0.969624
vn -0.014138 0.332982 0.941019
vn 0.031337 0.266089 0.959033
vn 0.032647 0.194896 0.957764
vn 0.084950 0.259512 0.961396
vn 0.065999 0.241572 0.962368
vn 0.112362 0.249965 0.957721
vn 0.116279 0.277757 0.952625
vn 0.102991 0.271891 0.956744
vn 0.088066 0.281319 0.954989
vn 0.116296 0.272462 0.954627
vn 0.126754 0.274001 0.948116
vn 0.130521 0.233235 0.963586
vn 0.137929 0.217283 0.965791
vn 0.139872 0.268246 0.937962
vn 0.189343 0.209740 0.955535
vn 0.182203 0.204688 0.961382
vn 0.169927 0.295127 0.933542
vn 0.151535 0.326386 0.928487
vn 0.018446 0.375621 0.925200
vn 0.147534 0.349977 0.918451
vn -0.045924 0.409264 0.911258
vn 0.061796 0.427684 0.901788
vn 0.080990 0.493646 0.858939
vn 0.434755 0.385777 0.803234
vn 0.125088 0.587873 0.796249
vn 0.290367 0.547655 0.784641
vn 0.292857 0.628166 0.697107
vn 0.481183 -0.178252 -0.842392
vn 0.481183 -0.178252 -0.842392
vn 0.625218 -0.268172 -0.732930
vn 0.385667 -0.118621 -0.914981
vn 0.897028 0.142219 -0.418467
vn 0.897028 0.142219 -0.418467
vn 0.897028 0.142219 -0.418467
vn 0.316652 -0.936638 -0.091804
vn 0.475514 -0.851832 -0.173436
vn 0.499341 -0.832288 -0.193959
vn 0.211396 -0.815423 -0.324519
vn 0.193881 -0.977083 -0.087031
vn 0.178145 -0.739256 -0.455929
vn 0.578269 -0.762858 -0.289228
vn 0.161000 -0.465642 -0.870205
vn 0.765479 0.410272 -0.419530
vn 0.710715 0.392457 0.280499
vn 0.604501 0.331540 0.393928
vn 0.669024 0.292836 -0.683121
vn 0.607525 0.309343 0.731047
vn 0.510112 0.308915 0.786773
vn 0.414538 0.303353 0.848958
vn 0.487102 0.375167 0.776417
vn 0.407592 0.327864 0.852276
vn -0.279937 0.460711 0.720371
vn -0.190313 0.928589 0.318595
vn -0.255727 0.573664 0.704648
vn -0.185123 0.611073 0.742394
vn -0.348933 0.778865 0.487343
vn -0.215681 0.606772 0.729380
vn -0.271135 0.735804 0.592127
vn -0.311550 0.621090 0.667078
vn -0.182673 0.605539 0.768137
vn -0.211727 0.668016 0.691974
vn -0.174233 0.577634 0.796485
vn -0.169857 0.722802 0.585134
vn -0.175003 0.603648 0.777530
vn -0.243293 0.458868 0.828687
vn -0.178635 0.451324 0.866032
vn -0.113744 0.483570 0.863881
vn -0.105045 0.412725 0.903009
vn -0.199908 0.356309 0.911524
vn -0.348336 0.358566 0.859554
vn -0.534831 0.586117 0.533579
vn -0.563302 0.422316 0.657319
vn -0.450492 0.296033 0.839589
vn -0.623513 0.329196 0.670435
vn -0.536095 0.189792 0.819024
vn -0.471076 0.803825 0.323956
vn -0.206408 0.899486 0.322719
vn -0.401975 0.866984 0.275396
vn -0.181919 0.929727 0.170859
vn -0.596348 0.744051 0.111557
vn -0.708812 0.587663 0.367298
vn -0.348137 0.896486 0.273955
vn -0.490412 0.840893 0.045701
vn -0.777715 0.459138 0.403867
vn -0.504165 0.817238 -0.261981
vn -0.448165 0.893735 -0.019661
vn -0.639114 0.005412 0.715468
vn -0.661506 0.012918 0.693760
vn -0.859433 0.011981 0.509638
vn -0.879550 0.046279 0.450541
vn -0.728272 0.012721 0.643375
vn -0.824005 0.008617 0.566267
vn -0.639177 0.084607 0.727292
vn -0.895883 0.150801 0.350353
vn -0.749309 -0.038694 0.631849
vn -0.806364 -0.057337 0.582918
vn -0.724936 0.286977 0.583666
vn -0.571843 -0.186161 0.758950
vn -0.750421 -0.306700 0.566063
vn -0.894523 0.279626 0.298124
vn -0.988965 0.111270 0.095812
vn -0.504226 0.056523 0.861100
vn -0.472055 0.022263 0.880388
vn -0.447790 -0.000547 0.894059
vn -0.424338 -0.141614 0.894081
vn -0.404166 -0.157640 0.900999
vn -0.715978 -0.452143 0.531924
vn -0.072782 0.979289 0.188932
vn -0.072782 0.979289 0.188932
vn -0.072782 0.979289 0.188932
vn -0.236132 0.952106 0.043301
vn -0.237960 0.962018 -0.133779
vn -0.236132 0.952106 0.043301
vn -0.234049 0.940808 0.245157
vn -0.683228 -0.688818 -0.168111
vn -0.669608 -0.450508 -0.545088
vn -0.443082 -0.407932 -0.719915
vn -0.438699 -0.612193 -0.558535
vn -0.452393 -0.318069 -0.813134
vn -0.350823 -0.456696 -0.808724
vn -0.337742 -0.305007 -0.889456
vn -0.342715 -0.268004 -0.900359
vn -0.338650 -0.551521 -0.762326
vn 0.041959 0.999064 0.001733
vn 0.041959 0.999064 0.001733
vn 0.041031 0.999144 -0.005214
vn 0.044007 0.998886 0.017057
vn 0.833074 -0.250490 -0.454606
vn 0.775526 -0.335363 -0.426188
vn 0.878108 -0.372839 -0.135138
vn 0.760052 -0.254723 -0.597860
vn 0.595018 -0.466239 -0.527308
vn 0.549756 -0.423867 -0.717060
vn 0.493974 -0.475024 -0.721193
vn 0.488367 -0.529062 -0.688114
vn 0.424356 -0.581473 -0.694126
vn -0.817542 -0.510919 -0.054371
vn -0.376355 -0.187029 -0.805674
vn -0.678009 -0.332798 -0.545660
vn -0.293964 -0.172846 -0.885318
vn -0.247508 -0.142259 -0.958385
vn -0.250502 -0.171984 -0.949896
vn -0.274357 -0.179688 -0.943425
vn -0.289128 -0.164440 -0.936847
vn -0.262008 -0.166534 -0.940316
vn -0.416714 -0.206559 -0.882955
vn -0.451780 -0.231275 -0.854863
vn -0.229506 -0.100506 -0.966656
vn -0.216984 -0.105706 -0.968671
vn -0.190817 -0.083178 -0.977939
vn -0.163376 -0.089609 -0.982486
vn -0.097194 0.605041 0.766522
vn -0.159926 0.715453 0.639052
vn -0.091431 0.595026 0.793607
vn -0.097051 0.565845 0.816725
vn -0.154196 0.601430 0.783904
vn -0.526777 0.775990 0.346908
vn 0.944224 -0.268068 0.012683
vn 0.518077 -0.130335 -0.733713
vn 0.551966 -0.212453 -0.722107
vn 0.500430 -0.034184 -0.789264
vn 0.844313 -0.455792 -0.219873
vn 0.470248 -0.195198 -0.815498
vn 0.411498 -0.256410 -0.842066
vn 0.247499 -0.092342 -0.950115
vn 0.268985 -0.035266 -0.945920
vn 0.273618 -0.142547 -0.943512
vn 0.329549 -0.242165 -0.898166
vn 0.228473 0.013690 -0.962843
vn 0.449764 0.093484 -0.881014
vn 0.250707 0.050472 -0.954623
vn 0.570060 0.162677 -0.805319
vn 0.418845 0.111325 -0.895733
vn 0.484471 -0.448551 -0.743185
vn 0.411604 -0.252104 -0.857696
vn 0.457153 0.333058 -0.732190
vn 0.042272 0.015911 -0.936788
vn 0.657296 0.393689 -0.514750
vn 0.605801 0.272041 -0.747663
vn 0.633637 0.189717 -0.694535
vn 0.147524 0.057187 -0.963260
vn 0.679472 0.336113 -0.617973
vn 0.605611 0.332197 -0.705420
vn 0.684986 0.351721 -0.632928
vn 0.163227 0.072003 -0.966054
vn 0.287302 0.129371 -0.924911
vn 0.091479 0.016204 -0.988306
vn 0.000223 -0.004033 -0.999987
vn -0.002852 -0.005766 -0.999977
vn 0.001180 -0.006196 -0.999974
vn 0.003675 -0.005065 -0.999977
vn 0.001219 -0.005742 -0.999982
vn 0.001333 -0.002192 -0.999994
vn 0.001995 -0.003064 -0.999990
vn 0.005301 -0.005932 -0.999963
vn 0.004616 -0.006332 -0.999963
vn 0.003684 -0.008362 -0.999957
vn -0.000286 -0.005143 -0.999971
vn -0.005941 -0.014566 -0.999822
vn 0.005067 -0.014436 -0.999856
vn -0.007058 -0.006142 -0.999948
vn -0.004639 -0.003305 -0.999978
vn -0.007173 -0.003250 -0.999964
vn -0.005954 -0.000192 -0.999981
vn -0.006088 -0.003852 -0.999966
vn -0.006607 -0.005609 -0.999960
vn -0.006100 -0.002263 -0.999974
vn -0.004712 -0.004055 -0.999978
vn -0.002316 -0.001538 -0.999994
vn -0.003204 -0.001143 -0.999993
vn -0.005089 -0.002792 -0.999981
vn -0.007854 -0.004527 -0.999954
vn -0.010098 -0.007111 -0.999923
vn -0.012605 -0.009874 -0.999842
vn -0.010590 -0.009814 -0.999870
vn -0.021259 -0.015422 -0.999563
vn -0.018090 -0.022355 -0.999473
vn -0.012597 -0.027382 -0.999431
vn -0.029373 -0.030868 -0.998856
vn -0.001853 -0.050506 -0.998435
vn -0.017741 -0.016336 -0.999422
vn -0.012768 -0.011983 -0.999752
vn -0.009577 -0.008763 -0.999882
vn -0.006107 -0.002995 -0.999976
vn -0.005608 -0.002876 -0.999978
vn -0.000592 -0.008018 -0.999875
vn -0.006606 -0.020884 -0.999635
vn -0.003425 -0.005292 -0.999884
vn -0.003246 0.000045 -0.999977
vn -0.001696 -0.000234 -0.999998
vn -0.001597 -0.000400 -0.999999
vn -0.001275 0.000025 -0.999999
vn -0.000929 -0.000323 -0.999999
vn -0.000895 -0.000784 -0.999999
vn -0.000869 -0.000345 -0.999999
vn -0.000784 -0.000133 -1.000000
vn -0.002945 -0.002141 -0.999990
vn -0.004438 -0.000519 -0.999961
vn -0.002222 -0.000770 -0.999977
vn -0.000732 -0.000155 -1.000000
vn -0.000551 -0.000114 -1.000000
vn -0.001098 -0.000232 -0.999999
vn -0.000358 -0.000350 -1.000000
vn -0.000255 -0.000255 -1.000000
vn -0.000627 -0.000305 -0.999999
vn -0.000080 -0.000504 -1.000000
vn -0.000070 -0.000575 -1.000000
vn 0.000377 -0.001078 -0.999999
vn 0.000161 -0.000478 -1.000000
vn -0.006640 -0.000625 -0.999875
vn -0.007521 -0.001458 -0.999902
vn -0.002571 -0.002730 -0.999941
vn -0.009974 -0.004369 -0.999862
vn -0.010189 0.003894 -0.999861
vn -0.019311 -0.002298 -0.999696
vn -0.027332 0.000821 -0.999469
vn -0.047776 -0.002555 -0.998653
vn -0.013610 -0.005661 -0.999819
vn -0.017158 0.000193 -0.999725
vn -0.009849 -0.007096 -0.999884
vn -0.010657 -0.007650 -0.999887
vn -0.020379 -0.012942 -0.999641
vn -0.025371 -0.006684 -0.999614
vn -0.039494 -0.004243 -0.999097
vn -0.025527 0.000419 -0.999588
vn -0.005133 0.001147 -0.999972
vn -0.030100 0.007031 -0.999249
vn -0.006774 0.001526 -0.999952
vn -0.003345 -0.000269 -0.999990
vn -0.014761 -0.001282 -0.999865
vn -0.013840 0.000482 -0.999856
vn -0.006794 0.000675 -0.999945
vn -0.006588 0.002448 -0.999932
vn -0.026536 0.003253 -0.999524
vn -0.037216 0.002343 -0.999085
vn -0.044291 -0.013953 -0.998774
vn -0.058323 -0.005248 -0.998136
vn -0.001047 -0.014029 -0.998931
vn -0.026836 0.014911 -0.992744
vn -0.003817 -0.004362 -0.999980
vn -0.000552 -0.000410 -1.000000
vn -0.000149 -0.000586 -1.000000
vn -0.000257 -0.000222 -1.000000
vn 0.000007 -0.000481 -1.000000
vn 0.000443 -0.000537 -1.000000
vn -0.000105 -0.001248 -0.999999
vn 0.000454 -0.001185 -0.999999
vn -0.000801 -0.000651 -0.999999
vn -0.000861 -0.001541 -0.999997
vn -0.001849 -0.001068 -0.999997
vn -0.002110 -0.001853 -0.999995
vn 0.000560 -0.001624 -0.999998
vn 0.001006 -0.002894 -0.999994
vn 0.000710 -0.000265 -0.999999
vn 0.000311 -0.001149 -0.999999
vn 0.000298 -0.001593 -0.999998
vn 0.000082 -0.001392 -0.999998
vn -0.000104 -0.003060 -0.999994
vn 0.000405 -0.001565 -0.999998
vn 0.000442 0.000108 -1.000000
vn 0.000606 -0.000924 -0.999999
vn 0.000740 -0.001816 -0.999998
vn 0.000525 -0.001571 -0.999998
vn 0.000118 -0.002028 -0.999997
vn 0.003139 -0.005734 -0.999965
vn 0.005878 -0.030661 -0.999444
vn 0.006971 -0.017576 -0.999797
vn 0.005644 -0.012974 -0.999887
vn 0.008971 -0.019833 -0.999745
vn 0.003197 -0.014038 -0.999868
vn -0.000440 -0.012286 -0.999904
vn 0.000153 -0.010957 -0.999931
vn -0.002913 -0.005849 -0.999976
vn -0.005247 -0.006679 -0.999960
vn -0.007802 -0.007444 -0.999940
vn -0.000956 -0.002768 -0.999993
vn 0.000560 -0.006647 -0.999964
vn -0.001070 -0.002767 -0.999991
vn 0.002945 -0.003051 -0.999983
vn 0.002256 -0.000820 -0.999995
vn -0.000260 -0.000908 -0.999999
vn 0.000672 -0.000861 -0.999999
vn -0.000037 -0.001210 -0.999999
vn 0.000211 -0.000730 -0.999999
vn -0.008440 -0.011124 -0.999772
vn -0.010404 -0.007191 -0.999844
vn 0.003941 -0.007248 -0.999909
vn 0.017429 -0.027001 -0.999341
vn 0.019557 -0.021935 -0.999533
vn -0.000423 -0.001373 -0.999998
vn -0.000004 -0.001145 -0.999999
vn 0.000451 -0.000703 -0.999999
vn 0.000481 -0.001468 -0.999995
vn 0.000444 -0.000510 -1.000000
vn 0.000170 -0.000417 -1.000000
vn 0.000298 -0.001215 -0.999999
vn 0.003240 -0.005014 -0.999962
vn -0.017958 -0.014538 -0.999533
vn 0.021695 -0.008210 -0.999515
vn 0.021023 -0.007126 -0.999549
vn -0.018562 -0.013682 -0.999602
vn -0.015999 -0.008654 -0.999557
vn 0.028696 -0.015184 -0.999285
vn -0.015947 -0.012347 -0.999520
vn 0.011166 -0.017321 -0.999694
vn 0.010857 -0.015961 -0.999789
vn 0.016243 -0.032836 -0.999203
vn 0.024063 -0.037178 -0.998911
vn 0.036188 -0.033706 -0.998550
vn 0.011637 -0.015132 -0.999773
vn 0.004075 -0.004748 -0.999920
vn 0.006171 -0.007434 -0.999814
vn 0.003810 -0.007205 -0.999939
vn 0.008149 -0.016814 -0.999720
vn 0.005873 -0.015955 -0.999712
vn 0.002424 -0.003407 -0.999945
vn 0.002591 -0.003931 -0.999968
vn 0.014440 -0.026570 -0.999404
vn 0.004208 -0.007892 -0.999864
vn 0.006649 -0.012343 -0.999854
vn 0.003385 -0.019962 -0.999723
vn -0.003319 -0.008462 -0.999890
vn 0.005510 -0.002791 -0.999904
vn 0.015258 -0.018096 -0.999685
vn 0.001934 -0.000422 -0.999993
vn 0.036467 -0.000207 -0.999096
vn 0.022249 -0.002065 -0.999583
vn 0.003116 -0.000781 -0.999963
vn 0.002177 -0.000335 -0.999994
vn -0.006297 -0.011733 -0.998284
vn 0.018165 0.011925 -0.998770
vn 0.022565 -0.004567 -0.999120
vn 0.005632 -0.002727 -0.999902
vn 0.005009 -0.001503 -0.999976
vn 0.002631 -0.000395 -0.999996
vn 0.001783 -0.002259 -0.999989
vn 0.016671 -0.017655 -0.999504
vn 0.009110 -0.021322 -0.998995
vn 0.003999 -0.012323 -0.999347
vn -0.001429 -0.002957 -0.999987
vn -0.011124 -0.011069 -0.999818
vn -0.003232 -0.018385 -0.999685
vn -0.008794 -0.011957 -0.999737
vn -0.032094 -0.020311 -0.999135
vn 0.000749 -0.003975 -0.999950
vn 0.001244 -0.000592 -0.999996
vn 0.005787 -0.004245 -0.999925
vn 0.011981 -0.003863 -0.999785
vn 0.021480 0.006295 -0.999066
vn 0.003185 -0.013101 -0.999201
vn 0.025877 0.050952 -0.997410
vn -0.007863 -0.042331 -0.998586
vn 0.022653 -0.044338 -0.997223
vn 0.029677 -0.046961 -0.997339
vn 0.009793 -0.007982 -0.999881
vn 0.009609 -0.026874 -0.999232
vn -0.002816 -0.009368 -0.999899
vn -0.009312 -0.013536 -0.999819
vn -0.010657 -0.012740 -0.999606
vn -0.017314 -0.015427 -0.999402
vn -0.005955 -0.012304 -0.999872
vn 0.000601 -0.017781 -0.999802
vn 0.003303 -0.016155 -0.999858
vn 0.003685 -0.026691 -0.999534
vn 0.001666 -0.034111 -0.999272
vn 0.008217 -0.026135 -0.999541
vn 0.023882 -0.039847 -0.998752
vn 0.013942 -0.034320 -0.999186
vn 0.000121 -0.000783 -1.000000
vn -0.000101 -0.000708 -0.999999
vn 0.000606 -0.001051 -0.999999
vn 0.000370 -0.000576 -1.000000
vn 0.000239 -0.001004 -0.999999
vn 0.000591 -0.001237 -0.999999
vn 0.000795 -0.001376 -0.999999
vn 0.000881 -0.001061 -0.999999
vn -0.000164 -0.003300 -0.999992
vn 0.002092 -0.004968 -0.999977
vn -0.045539 -0.008894 -0.998764
vn 0.010870 -0.026462 -0.999466
vn 0.014902 -0.025114 -0.999444
vn 0.011999 -0.038259 -0.998997
vn 0.009516 -0.044686 -0.998845
vn -0.002684 -0.042124 -0.998977
vn -0.046914 -0.018456 -0.998493
vn -0.041587 -0.020313 -0.998746
vn -0.031391 -0.029995 -0.998891
vn 0.017854 -0.024307 -0.999350
vn 0.015337 -0.021984 -0.999420
vn 0.006684 -0.066320 -0.995255
vn 0.015041 -0.029519 -0.999055
vn 0.027193 -0.044425 -0.996788
vn 0.003194 -0.039295 -0.999079
vn -0.024863 0.000712 -0.999626
vn -0.011481 -0.001590 -0.999718
vn -0.005255 0.003907 -0.999379
vn -0.023643 0.026660 -0.996471
vn -0.012408 -0.033896 -0.998462
vn -0.032620 0.008667 -0.999352
vn 0.000846 0.055386 -0.986277
vn -0.012988 -0.024976 -0.999588
vn -0.016818 -0.024737 -0.999420
vn -0.026171 -0.057740 -0.994759
vn -0.010685 -0.061216 -0.996015
vn -0.001672 -0.093959 -0.992539
vn -0.030882 -0.055755 -0.994857
vn 0.035599 -0.033012 -0.998572
vn 0.037905 -0.071966 -0.996260
vn -0.047549 -0.061757 -0.992781
vn -0.010232 -0.005859 -0.999573
vn 0.027895 -0.014014 -0.999261
vn -0.014579 -0.000961 -0.999548
vn 0.022286 -0.033945 -0.996745
vn 0.013216 -0.047803 -0.994542
vn -0.009693 0.035109 -0.999087
vn -0.006799 -0.053765 -0.998181
vn 0.018697 -0.023987 -0.999499
vn 0.031598 -0.028515 -0.999031
vn 0.042333 -0.020382 -0.998798
vn 0.035183 -0.030147 -0.998894
vn 0.027575 -0.033998 -0.998986
vn 0.025812 -0.056507 -0.997970
vn 0.032307 -0.036865 -0.998699
vn 0.022060 -0.062092 -0.997696
vn 0.007277 -0.039551 -0.999083
vn 0.008997 -0.026242 -0.999544
vn 0.018424 -0.080254 -0.996348
vn 0.045447 0.003397 -0.998857
vn -0.033746 -0.013497 -0.999308
vn -0.028680 -0.017990 -0.999374
vn -0.048221 -0.005724 -0.998671
vn -0.058260 -0.040461 -0.997259
vn -0.051951 -0.033301 -0.997824
vn -0.066634 -0.032641 -0.996963
vn -0.042039 -0.032799 -0.998403
vn -0.063408 -0.044688 -0.996776
vn 0.017092 -0.038542 -0.999049
vn 0.024126 -0.047764 -0.998450
vn 0.028361 -0.066020 -0.997203
vn 0.021405 -0.033673 -0.999094
vn 0.036589 -0.072466 -0.996542
vn 0.016791 -0.029358 -0.999348
vn 0.032715 -0.043816 -0.998296
vn 0.045083 -0.041103 -0.998037
vn 0.045132 -0.009105 -0.997633
vn 0.062332 -0.001189 -0.996790
vn 0.044453 -0.088704 -0.987473
vn -0.013518 -0.034590 -0.999215
vn -0.002522 -0.023839 -0.999465
vn 0.018780 -0.067992 -0.997333
vn 0.009517 -0.069284 -0.997403
vn 0.002741 -0.066242 -0.997625
vn 0.001114 -0.074152 -0.997113
vn -0.006889 -0.057502 -0.998169
vn -0.008780 -0.021727 -0.998810
vn -0.002957 -0.035346 -0.999132
vn 0.031626 -0.044138 -0.998371
vn 0.030671 -0.052666 -0.997978
vn 0.027054 -0.043884 -0.998524
vn 0.025824 -0.053087 -0.998153
vn 0.006695 -0.049308 -0.998678
vn -0.020275 -0.040446 -0.998695
vn -0.057155 -0.029068 -0.997875
vn -0.057280 -0.036047 -0.997432
vn -0.053496 -0.052051 -0.996783
vn 0.030396 -0.058330 -0.997710
vn 0.005651 -0.030867 -0.999347
vn 0.052863 -0.110564 -0.981476
vn 0.019983 -0.069306 -0.994317
vn -0.009079 -0.033184 -0.999014
vn -0.007780 -0.045738 -0.998112
vn -0.014678 -0.021561 -0.998537
vn 0.063533 -0.203576 -0.961819
vn 0.026381 -0.054066 -0.997735
vn 0.029807 -0.029662 -0.999003
vn 0.026998 -0.030594 -0.999071
vn 0.034690 -0.020658 -0.999060
vn 0.057605 -0.008588 -0.998125
vn 0.042887 -0.002161 -0.998879
vn 0.024016 -0.007103 -0.999572
vn 0.011304 -0.019882 -0.999701
vn 0.001838 -0.020205 -0.999737
vn 0.000077 -0.030024 -0.999519
vn 0.000241 -0.015200 -0.999822
vn -0.001049 -0.015083 -0.999831
vn 0.009228 -0.024628 -0.999334
vn -0.007536 -0.029526 -0.999423
vn 0.010520 -0.011606 -0.999807
vn 0.026449 -0.015861 -0.999193
vn 0.004084 -0.006978 -0.999914
vn 0.050092 0.009317 -0.981549
vn 0.054671 0.006749 -0.997794
vn 0.050953 -0.011805 -0.997776
vn 0.023918 -0.072727 -0.996062
vn -0.043915 -0.046573 -0.996299
vn -0.053219 -0.060977 -0.995181
vn 0.054711 -0.002161 -0.998283
vn 0.052948 0.003394 -0.998460
vn 0.061556 -0.011594 -0.997956
vn 0.058522 -0.027863 -0.997754
vn 0.001791 -0.035287 -0.999301
vn 0.078259 0.026438 -0.994280
vn -0.045117 -0.048743 -0.997314
vn -0.018132 -0.058871 -0.997639
vn -0.046067 -0.025661 -0.998406
vn -0.028225 -0.084897 -0.992937
vn -0.007555 -0.044218 -0.998630
vn -0.009705 -0.049565 -0.997935
vn -0.011991 -0.045911 -0.998695
vn -0.022977 -0.116854 -0.989537
vn -0.000024 -0.029948 -0.999462
vn -0.000403 -0.007208 -0.999932
vn -0.004740 -0.019304 -0.999636
vn 0.003082 -0.048088 -0.998696
vn -0.000934 -0.006711 -0.999956
vn 0.006785 -0.063713 -0.997675
vn 0.041062 -0.015022 -0.997927
vn -0.004483 -0.033259 -0.999357
vn 0.009336 -0.043808 -0.998892
vn 0.002892 -0.035034 -0.999331
vn 0.000129 -0.041551 -0.999065
vn -0.000615 -0.047055 -0.998821
vn -0.043426 -0.056427 -0.997033
vn 0.004764 -0.051541 -0.998599
vn 0.014246 -0.054012 -0.998351
vn -0.048092 -0.009060 -0.998552
vn -0.061499 -0.045550 -0.995563
vn -0.070857 0.018530 -0.997078
vn 0.001495 -0.020239 -0.999377
vn 0.000070 0.024641 -0.995502
vn -0.052546 -0.004758 -0.998459
vn -0.070912 -0.006608 -0.997336
vn -0.074507 0.012559 -0.996923
vn -0.066991 0.010937 -0.997377
vn -0.085273 0.020437 -0.995953
vn -0.027098 -0.021578 -0.998783
vn 0.039011 -0.030036 -0.998746
vn 0.043258 -0.044594 -0.997850
vn 0.022916 -0.053397 -0.998174
vn 0.039287 -0.054730 -0.995467
vn 0.069313 -0.109538 -0.983890
vn 0.048165 -0.099677 -0.989773
vn 0.039424 -0.032952 -0.998553
vn 0.062433 -0.034152 -0.997079
vn 0.015564 -0.054883 -0.998190
vn 0.021002 -0.032560 -0.999022
vn 0.035890 -0.057783 -0.997058
vn 0.032328 -0.042075 -0.998413
vn 0.018153 -0.051210 -0.998371
vn 0.000861 -0.045913 -0.998750
vn 0.001234 -0.071244 -0.997317
vn 0.026472 -0.058788 -0.997824
vn 0.018853 -0.029452 -0.999260
vn 0.007192 -0.068482 -0.997377
vn 0.006621 -0.019614 -0.999717
vn 0.030158 -0.021925 -0.999216
vn 0.014033 -0.014752 -0.999692
vn 0.008896 -0.009439 -0.999872
vn 0.001324 -0.014940 -0.999812
vn 0.005885 -0.034559 -0.999244
vn 0.004945 -0.020421 -0.999697
vn 0.001159 -0.036113 -0.999206
vn 0.013475 -0.035635 -0.999144
vn -0.004259 -0.031305 -0.999290
vn -0.048265 0.000386 -0.998732
vn -0.045422 0.002645 -0.998876
vn -0.039311 -0.017575 -0.998953
vn 0.042892 -0.038057 -0.998286
vn 0.000993 -0.094050 -0.993897
vn -0.025915 -0.103513 -0.993425
vn -0.060649 -0.107489 -0.988992
vn -0.082799 -0.141459 -0.976354
vn -0.038295 -0.027121 -0.998068
vn -0.118875 -0.101611 -0.978253
vn -0.018892 -0.065500 -0.993780
vn -0.045245 -0.041194 -0.996229
vn -0.166130 -0.124826 -0.965545
vn 0.078589 -0.005333 -0.995543
vn 0.063856 0.000561 -0.997751
vn 0.062809 0.009727 -0.997899
vn 0.032625 -0.070510 -0.996828
vn 0.030368 -0.070929 -0.996933
vn 0.023307 -0.059067 -0.997760
vn 0.036800 -0.071276 -0.996690
vn 0.038103 -0.064679 -0.997040
vn 0.044352 -0.054159 -0.997382
vn 0.041324 -0.035673 -0.998423
vn 0.033084 -0.079737 -0.996068
vn 0.032272 -0.089615 -0.995388
vn 0.028227 -0.087006 -0.995739
vn 0.047192 -0.028258 -0.998093
vn 0.060234 -0.014235 -0.997899
vn -0.050515 -0.049296 -0.996901
vn -0.017267 -0.069104 -0.996686
vn -0.002582 -0.074207 -0.996768
vn -0.079566 -0.037516 -0.995337
vn -0.000894 -0.075440 -0.996915
vn -0.062006 -0.005470 -0.997953
vn -0.077492 -0.002778 -0.996818
vn 0.005364 -0.085373 -0.995685
vn 0.008862 -0.103471 -0.994229
vn -0.077498 -0.135506 -0.983667
vn 0.000742 -0.012879 -0.998291
vn 0.080001 0.099675 -0.980023
vn -0.014874 -0.058800 -0.998065
vn -0.028634 -0.074219 -0.996514
vn -0.019372 -0.099437 -0.994584
vn -0.038696 -0.092333 -0.994687
vn 0.003329 -0.108901 -0.993678
vn 0.013330 -0.104712 -0.994270
vn -0.084548 -0.133761 -0.981484
vn -0.038241 -0.003339 -0.997407
vn -0.048278 -0.048169 -0.994949
vn -0.006895 0.061857 -0.991130
vn 0.062961 -0.000052 -0.996330
vn 0.003246 -0.085501 -0.995286
vn 0.048129 -0.068754 -0.995508
vn 0.025291 -0.029169 -0.999079
vn 0.056874 -0.034031 -0.997564
vn 0.053677 -0.012545 -0.998381
vn 0.053597 0.001827 -0.998431
vn 0.017887 -0.023022 -0.999494
vn 0.023510 -0.043684 -0.998641
vn 0.044778 -0.039661 -0.998107
vn 0.018050 -0.009343 -0.999701
vn 0.047826 -0.006341 -0.998720
vn 0.032817 0.005223 -0.999343
vn 0.024967 -0.006939 -0.999337
vn 0.030316 0.000719 -0.999442
vn 0.051903 0.002039 -0.998550
vn 0.033032 -0.000072 -0.999370
vn 0.018858 0.005225 -0.999745
vn 0.016548 -0.009004 -0.998760
vn 0.020267 -0.063585 -0.995499
vn 0.001816 -0.003785 -0.999987
vn 0.000437 -0.002193 -0.999994
vn -0.001096 -0.002957 -0.999984
vn -0.001263 -0.004224 -0.999959
vn 0.002245 -0.005682 -0.999965
vn -0.000960 -0.008646 -0.999950
vn 0.000933 -0.007593 -0.999962
vn 0.004697 -0.006209 -0.999961
vn 0.002524 -0.004097 -0.999988
vn -0.000016 -0.004472 -0.999978
vn -0.001408 -0.003915 -0.999965
vn 0.000501 -0.006153 -0.999977
vn 0.002141 -0.004587 -0.999986
vn -0.001644 -0.006976 -0.999973
vn -0.002566 -0.007079 -0.999971
vn -0.000489 -0.006685 -0.999974
vn -0.001077 -0.005180 -0.999976
vn 0.000690 -0.006816 -0.999974
vn 0.000842 -0.005917 -0.999978
vn 0.000489 -0.005357 -0.999982
vn 0.002577 -0.001290 -0.999989
vn -0.000474 -0.006995 -0.999966
vn 0.000574 -0.006328 -0.999972
vn -0.002427 -0.006793 -0.999967
vn -0.003929 -0.007579 -0.999954
vn -0.005524 -0.006643 -0.999944
vn -0.004322 -0.004412 -0.999964
vn -0.006352 -0.009245 -0.999936
vn -0.003034 -0.004100 -0.999975
vn -0.001788 -0.002452 -0.999985
vn 0.002152 -0.002979 -0.999986
vn -0.003682 -0.001283 -0.999989
vn -0.005671 -0.005576 -0.999954
vn -0.000597 -0.003714 -0.999983
vn -0.004298 -0.005720 -0.999940
vn 0.003146 -0.010713 -0.999897
vn 0.005463 -0.006012 -0.999957
vn 0.001856 -0.000997 -0.999997
vn 0.002166 -0.001319 -0.999993
vn 0.002607 -0.003194 -0.999989
vn 0.003671 -0.004028 -0.999979
vn 0.002873 -0.002815 -0.999989
vn 0.004868 -0.008020 -0.999951
vn 0.005750 -0.011633 -0.999903
vn 0.003264 -0.006373 -0.999966
vn 0.001334 -0.004208 -0.999989
vn 0.002393 -0.005494 -0.999977
vn 0.002050 -0.007193 -0.999971
vn 0.000513 -0.005947 -0.999981
vn 0.002492 -0.009247 -0.999950
vn 0.001398 -0.007098 -0.999969
vn 0.000465 -0.005974 -0.999980
vn 0.002487 -0.007273 -0.999970
vn 0.001385 -0.006341 -0.999977
vn 0.003770 -0.007949 -0.999956
vn 0.003730 -0.008680 -0.999947
vn 0.001631 -0.003864 -0.999990
vn 0.003019 -0.002847 -0.999991
vn 0.008222 -0.005499 -0.999926
vn 0.005237 -0.003747 -0.999973
vn 0.008918 -0.011848 -0.999864
vn 0.006176 -0.009112 -0.999933
vn 0.009012 -0.010782 -0.999888
vn 0.007739 -0.011355 -0.999868
vn 0.018967 -0.025967 -0.999354
vn 0.023856 -0.048722 -0.998406
vn 0.023051 -0.018563 -0.999372
vn 0.020927 -0.015686 -0.999629
vn 0.034069 -0.018625 -0.999065
vn 0.011656 -0.007086 -0.999893
vn 0.014001 -0.003309 -0.999892
vn 0.009938 -0.004671 -0.999922
vn 0.010445 -0.004383 -0.999932
vn 0.045714 -0.026010 -0.998441
vn 0.001115 -0.005590 -0.999981
vn 0.005140 -0.012104 -0.999904
vn 0.006042 -0.005382 -0.999963
vn -0.010275 -0.006517 -0.999906
vn -0.000247 -0.004127 -0.999982
vn -0.002838 -0.025724 -0.999320
vn 0.000253 -0.002547 -0.999965
vn -0.002302 -0.005924 -0.999948
vn -0.013191 -0.022313 -0.998914
vn -0.000565 -0.001474 -0.999986
vn 0.024786 0.015421 -0.999332
vn 0.009368 0.002843 -0.999905
vn 0.003304 0.002212 -0.999973
vn 0.014926 0.008622 -0.999784
vn 0.010843 0.001761 -0.999871
vn 0.022216 0.017968 -0.999364
vn 0.015375 0.015520 -0.999709
vn 0.015845 0.007890 -0.999142
vn -0.002168 -0.001915 -0.999989
vn 0.004008 -0.005932 -0.999972
vn 0.004715 -0.011596 -0.999914
vn 0.004381 -0.007241 -0.999953
vn 0.016115 -0.006060 -0.999740
vn 0.009407 -0.006632 -0.999917
vn 0.012524 -0.008769 -0.999872
vn 0.010824 -0.005082 -0.999916
vn 0.011335 -0.003621 -0.999898
vn 0.007290 -0.004276 -0.999964
vn 0.008897 -0.013685 -0.999822
vn 0.020114 -0.016930 -0.999562
vn 0.016080 -0.025670 -0.999454
vn 0.012156 -0.037748 -0.999123
vn 0.005742 -0.009328 -0.999892
vn 0.004985 -0.014339 -0.999852
vn 0.005713 -0.021959 -0.999666
vn 0.015270 -0.033179 -0.999255
vn 0.011804 -0.047593 -0.998749
vn 0.010033 -0.051737 -0.998572
vn 0.003778 -0.045048 -0.998971
vn 0.010006 -0.053028 -0.998476
vn 0.011613 -0.024864 -0.999523
vn 0.008225 -0.042236 -0.998963
vn 0.003820 -0.027567 -0.999499
vn 0.012711 -0.019983 -0.999701
vn 0.002159 -0.019403 -0.999744
vn -0.001996 -0.005900 -0.999950
vn -0.008051 -0.001136 -0.999917
vn -0.006275 0.007169 -0.999914
vn 0.003706 0.002827 -0.999933
vn 0.003188 -0.000950 -0.999939
vn 0.004474 -0.001046 -0.999939
vn 0.007055 -0.004278 -0.999541
vn 0.014718 -0.007239 -0.999523
vn 0.002920 -0.010941 -0.999851
vn 0.011590 -0.002244 -0.999780
vn 0.013135 0.006231 -0.999742
vn -0.006186 -0.006488 -0.999845
vn -0.001900 -0.002858 -0.999967
vn 0.005963 -0.008666 -0.999874
vn 0.005538 -0.029073 -0.999335
vn -0.002817 -0.006128 -0.999148
vn 0.001822 -0.003390 -0.999874
vn 0.006152 -0.005227 -0.999742
vn 0.002983 -0.005970 -0.999861
vn -0.001242 0.011763 -0.999650
vn -0.004966 -0.006604 -0.999932
vn 0.012764 -0.008834 -0.999502
vn 0.005758 -0.006616 -0.999517
vn 0.000773 -0.002181 -0.999872
vn 0.009359 0.001646 -0.999817
vn 0.007967 0.001051 -0.999858
vn 0.002700 -0.006794 -0.999872
vn -0.004980 -0.004242 -0.999809
vn 0.070408 -0.043564 -0.996400
vn 0.029713 -0.086736 -0.995582
vn 0.017924 -0.093812 -0.995362
vn 0.030867 -0.088220 -0.995437
vn -0.019278 -0.006429 -0.998905
vn -0.021292 -0.007670 -0.998567
vn 0.011577 -0.042532 -0.996377
vn 0.006089 -0.015385 -0.999637
vn 0.014334 0.009164 -0.999697
vn 0.021741 0.003673 -0.999030
vn 0.020506 0.016921 -0.996834
vn 0.036109 0.028150 -0.991938
vn -0.014105 -0.013062 -0.999769
vn -0.031382 -0.017205 -0.999280
vn -0.019207 -0.026428 -0.999414
vn -0.036314 -0.028806 -0.998847
vn -0.017466 -0.031089 -0.999315
vn -0.039631 -0.045487 -0.997983
vn -0.011706 -0.044059 -0.998756
vn -0.044539 -0.069617 -0.996059
vn -0.007802 -0.024418 -0.999599
vn 0.007458 -0.025129 -0.999440
vn -0.011344 -0.011025 -0.999656
vn -0.020809 -0.054193 -0.993044
vn 0.028386 -0.032885 -0.998378
vn 0.019559 -0.020189 -0.999493
vn 0.032637 0.004246 -0.999289
vn 0.020396 -0.021469 -0.999268
vn 0.029707 -0.024547 -0.998897
vn 0.034673 -0.011941 -0.998339
vn 0.048079 0.002786 -0.996524
vn 0.046288 0.011250 -0.996974
vn 0.029855 -0.027636 -0.996951
vn 0.047902 0.031453 -0.978619
vn 0.001152 0.016960 -0.985320
vn 0.019047 -0.037799 -0.998978
vn 0.037575 -0.037478 -0.998394
vn 0.007424 -0.125222 -0.988811
vn 0.043309 -0.060256 -0.995100
vn 0.037765 -0.173211 -0.977037
vn -0.040006 -0.011117 -0.998970
vn -0.056122 -0.035586 -0.997394
vn -0.024789 -0.014972 -0.997960
vn 0.032292 -0.012543 -0.998850
vn 0.015447 -0.041729 -0.998575
vn 0.040363 0.000280 -0.998983
vn 0.046160 -0.000650 -0.998303
vn 0.049417 -0.002331 -0.998590
vn 0.026095 -0.000652 -0.999608
vn 0.082323 0.026715 -0.990286
vn 0.042944 -0.009103 -0.997314
vn -0.022110 0.018342 -0.999194
vn 0.003066 0.018518 -0.999684
vn -0.086813 -0.005970 -0.995433
vn 0.022877 0.021392 -0.999187
vn -0.027823 0.033351 -0.997598
vn 0.055084 -0.005133 -0.998035
vn 0.024716 -0.030257 -0.998808
vn -0.010505 -0.041862 -0.998841
vn -0.045044 -0.046011 -0.997032
vn 0.017195 -0.020676 -0.999416
vn -0.013470 -0.010883 -0.998537
vn -0.016938 -0.013829 -0.999524
vn 0.046951 -0.019861 -0.998468
vn -0.070402 -0.033849 -0.995965
vn 0.053142 -0.036890 -0.996365
vn 0.057046 -0.012577 -0.997927
vn 0.037024 -0.014250 -0.998831
vn -0.047672 -0.000798 -0.997982
vn 0.031875 -0.112256 -0.987683
vn 0.046705 -0.027682 -0.996045
vn 0.033180 -0.008576 -0.998768
vn -0.055671 -0.035633 -0.994149
vn -0.015218 -0.034374 -0.998500
vn 0.058717 -0.046181 -0.996256
vn 0.014702 -0.075745 -0.995511
vn 0.048935 0.028327 -0.998208
vn -0.019332 -0.019293 -0.999600
vn -0.005226 -0.031124 -0.999448
vn 0.008632 -0.062517 -0.997126
vn 0.004159 -0.029206 -0.999493
vn -0.014373 -0.032892 -0.998304
vn 0.008899 -0.047393 -0.998738
vn 0.015437 -0.044133 -0.998856
vn 0.023039 -0.032492 -0.999191
vn 0.009843 -0.055611 -0.997936
vn 0.020527 -0.030668 -0.999247
vn 0.013710 -0.046430 -0.998785
vn 0.011879 -0.026555 -0.999452
vn 0.007973 -0.029184 -0.999469
vn 0.008926 -0.032410 -0.999223
vn 0.012237 -0.044912 -0.998381
vn 0.035098 -0.156915 -0.973221
vn 0.014335 -0.095743 -0.992743
vn 0.012001 -0.026312 -0.998972
vn 0.025566 -0.038239 -0.998444
vn 0.015969 -0.060400 -0.997893
vn 0.014326 -0.052750 -0.998495
vn 0.012784 -0.074838 -0.996919
vn 0.028211 -0.053399 -0.998017
vn 0.059688 0.041440 -0.995124
vn 0.061529 0.055990 -0.993975
vn 0.070476 -0.051391 -0.995857
vn 0.077911 -0.040868 -0.995904
vn 0.055307 0.040236 -0.996853
vn 0.081434 -0.074063 -0.988679
vn 0.039172 -0.087344 -0.988277
vn 0.034534 -0.048812 -0.994397
vn -0.017420 -0.013168 -0.997735
vn -0.009269 0.011889 -0.996799
vn 0.004188 -0.045253 -0.995785
vn 0.046520 -0.074909 -0.995782
vn -0.001537 -0.023395 -0.997151
vn 0.038723 -0.069816 -0.996464
vn 0.007916 -0.072024 -0.997145
vn -0.043886 -0.062268 -0.996844
vn -0.064514 -0.085835 -0.993860
vn -0.021953 -0.052296 -0.997771
vn 0.053068 0.007681 -0.998557
vn 0.059351 -0.002328 -0.998146
vn 0.065237 0.003927 -0.996376
vn 0.029140 -0.063010 -0.997349
vn 0.042245 -0.071132 -0.996412
vn -0.077746 0.062285 -0.985635
vn 0.123775 0.183693 -0.964082
vn 0.083935 0.041736 -0.993735
vn 0.065532 0.046385 -0.995592
vn 0.025436 -0.066003 -0.997136
vn 0.030262 -0.092270 -0.994265
vn -0.024577 0.020840 -0.999148
vn -0.036299 -0.010266 -0.999239
vn -0.035262 -0.006057 -0.999246
vn -0.023878 0.029111 -0.999016
vn -0.009791 0.033309 -0.999144
vn -0.019916 0.008053 -0.999651
vn 0.125455 0.049060 -0.986912
vn 0.127664 0.029994 -0.986379
vn -0.042205 -0.013729 -0.998957
vn -0.040254 0.006586 -0.999056
vn -0.040665 0.009472 -0.998961
vn -0.065885 0.000951 -0.997733
vn -0.076721 0.001809 -0.996863
vn -0.095396 -0.007670 -0.995250
vn -0.096760 -0.010151 -0.995160
vn 0.114010 -0.053706 -0.988206
vn 0.165030 -0.022516 -0.974171
vn 0.135775 -0.070627 -0.984248
vn 0.095972 -0.081544 -0.987838
vn 0.000195 -0.104137 -0.993938
vn -0.087615 -0.018391 -0.995740
vn -0.096643 0.010358 -0.994952
vn 0.048719 -0.025309 -0.997716
vn 0.079208 -0.046202 -0.995635
vn 0.069741 -0.061533 -0.995402
vn 0.084300 -0.054649 -0.994837
vn 0.112866 0.077289 -0.985078
vn 0.068234 0.046434 -0.996080
vn 0.107044 0.080161 -0.989782
vn -0.082511 -0.019299 -0.996055
vn -0.093097 -0.008177 -0.995351
vn -0.087467 -0.018181 -0.995760
vn 0.026187 -0.103810 -0.992368
vn 0.064364 -0.096364 -0.991146
vn 0.011207 0.064544 -0.996137
vn 0.068055 -0.062737 -0.950570
vn 0.028488 -0.085543 -0.995761
vn -0.079186 -0.011495 -0.996469
vn 0.075376 -0.215306 -0.960731
vn 0.070191 -0.081786 -0.990914
vn -0.018878 -0.079141 -0.996448
vn 0.021117 -0.084785 -0.996044
vn 0.011956 -0.085786 -0.993968
vn 0.035352 -0.143585 -0.987532
vn -0.013976 -0.131886 -0.991091
vn 0.072733 -0.324281 -0.929463
vn -0.079076 -0.132984 -0.982943
vn -0.148299 -0.053881 -0.984684
vn -0.065819 -0.047444 -0.996617
vn -0.107238 -0.005869 -0.993134
vn 0.118141 -0.054742 -0.989127
vn 0.003162 -0.091140 -0.995740
vn 0.001722 -0.100783 -0.994813
vn 0.015329 -0.088642 -0.995881
vn 0.027997 -0.145780 -0.986336
vn 0.040960 -0.130585 -0.988576
vn 0.011663 -0.054211 -0.978597
vn 0.048985 -0.174895 -0.955858
vn 0.039636 -0.151347 -0.972275
vn 0.138693 0.025259 -0.986251
vn -0.074754 -0.043956 -0.995874
vn 0.076404 -0.030193 -0.995333
vn 0.045933 -0.057404 -0.992173
vn 0.125185 -0.011743 -0.982257
vn -0.089268 -0.006989 -0.995764
vn -0.011251 0.093893 -0.995240
vn -0.012162 0.089687 -0.995606
vn -0.019255 -0.070583 -0.996631
vn -0.023898 -0.044968 -0.997842
vn -0.032979 0.004061 -0.999076
vn -0.019075 0.003350 -0.999801
vn 0.000324 -0.057043 -0.996407
vn -0.012855 -0.051154 -0.996945
vn -0.039854 -0.084523 -0.995080
vn 0.127796 0.032628 -0.987203
vn 0.048311 -0.076128 -0.995847
vn 0.006691 -0.121301 -0.991994
vn -0.072676 0.016464 -0.997034
vn -0.026979 0.021087 -0.999313
vn -0.085224 0.015413 -0.995963
vn -0.026918 0.004181 -0.999363
vn -0.085556 -0.007106 -0.995993
vn -0.097836 -0.013607 -0.994910
vn -0.078734 -0.009983 -0.996700
vn -0.032705 -0.008665 -0.999189
vn -0.037043 -0.010429 -0.999055
vn -0.038674 -0.010478 -0.998982
vn -0.089672 -0.007935 -0.995814
vn -0.019669 0.006547 -0.999714
vn -0.023253 -0.007035 -0.999683
vn -0.030414 -0.005889 -0.999496
vn -0.036195 -0.011499 -0.999187
vn -0.024807 -0.004166 -0.999642
vn -0.017294 -0.004020 -0.999816
vn -0.018010 -0.000255 -0.999809
vn -0.013274 -0.005339 -0.999887
vn -0.012668 -0.002327 -0.999914
vn -0.017691 -0.001680 -0.999833
vn -0.012474 -0.000718 -0.999905
vn -0.007207 -0.003478 -0.999961
vn -0.015254 -0.000449 -0.999863
vn -0.007801 -0.002589 -0.999962
vn -0.013582 0.001154 -0.999902
vn -0.008108 0.004751 -0.999932
vn -0.001442 0.002760 -0.999962
vn -0.003568 -0.005634 -0.999976
vn 0.002713 -0.003325 -0.999970
vn 0.004431 0.005081 -0.999973
vn 0.003104 0.009370 -0.999947
vn 0.001563 0.005258 -0.999982
vn -0.002811 0.008467 -0.999954
vn 0.000277 0.006439 -0.999965
vn 0.003612 0.002716 -0.999982
vn 0.003602 0.001148 -0.999986
vn 0.005527 0.006160 -0.999936
vn 0.001090 -0.000582 -0.999998
vn 0.001970 -0.003821 -0.999984
vn -0.001181 -0.004832 -0.999981
vn 0.000944 0.000279 -0.999995
vn -0.001622 -0.001253 -0.999993
vn -0.003627 -0.001648 -0.999990
vn -0.006014 -0.002300 -0.999976
vn -0.004345 -0.002286 -0.999986
vn -0.001840 0.000520 -0.999996
vn -0.003508 -0.001232 -0.999992
vn -0.004699 -0.002346 -0.999985
vn -0.004722 0.000348 -0.999988
vn -0.004344 0.000272 -0.999990
vn -0.007143 0.001413 -0.999965
vn -0.011339 0.000359 -0.999899
vn -0.023072 -0.000310 -0.999708
vn -0.022475 -0.008966 -0.999660
vn -0.032889 -0.015822 -0.999233
vn -0.040436 -0.008284 -0.999044
vn -0.042456 -0.026451 -0.998559
vn -0.040205 -0.013418 -0.999020
vn -0.066789 -0.040639 -0.996735
vn -0.074331 -0.024711 -0.996498
vn -0.076295 -0.003525 -0.996795
vn -0.014547 -0.003097 -0.999852
vn -0.009879 -0.004435 -0.999933
vn -0.008803 -0.001212 -0.999954
vn -0.010008 -0.000149 -0.999949
vn -0.017589 -0.002025 -0.999805
vn -0.011937 -0.001339 -0.999919
vn -0.025933 -0.004344 -0.999596
vn -0.021961 -0.003929 -0.999665
vn -0.008042 -0.004969 -0.999943
vn -0.019845 -0.006408 -0.999735
vn -0.015052 -0.001367 -0.999861
vn -0.044033 0.000904 -0.998893
vn -0.046593 -0.009169 -0.998672
vn -0.052700 0.006559 -0.998385
vn -0.013996 0.001657 -0.999859
vn -0.049868 0.006289 -0.998685
vn -0.011293 0.003294 -0.999853
vn -0.018478 0.001462 -0.999606
vn -0.069019 -0.002242 -0.997359
vn -0.082956 0.014410 -0.996216
vn -0.074617 0.011119 -0.997001
vn -0.096558 0.016244 -0.994952
vn -0.081982 0.010727 -0.996274
vn -0.023975 -0.003938 -0.999478
vn -0.062612 -0.005413 -0.997824
vn -0.023863 0.001528 -0.999420
vn -0.072540 0.014001 -0.997005
vn -0.008710 -0.001315 -0.999947
vn -0.007894 0.000351 -0.999964
vn -0.005212 -0.000467 -0.999982
vn -0.003240 0.001242 -0.999986
vn -0.002419 0.000296 -0.999994
vn -0.004900 -0.002404 -0.999984
vn -0.005526 -0.001768 -0.999978
vn -0.003770 0.000935 -0.999986
vn -0.016588 0.002255 -0.999601
vn -0.004453 -0.006637 -0.999944
vn -0.022872 -0.011962 -0.999361
vn -0.048234 0.000531 -0.998524
vn -0.021298 -0.021274 -0.999036
vn -0.005825 -0.010967 -0.999876
vn -0.002774 -0.003200 -0.999984
vn -0.002568 -0.003257 -0.999989
vn -0.005244 -0.013084 -0.999844
vn -0.002520 -0.012794 -0.999860
vn -0.009322 -0.034749 -0.999083
vn -0.008769 -0.049402 -0.998465
vn -0.010319 -0.031459 -0.999313
vn -0.022212 -0.037281 -0.998656
vn -0.002810 -0.002347 -0.999992
vn -0.001986 -0.003348 -0.999990
vn -0.003238 -0.002089 -0.999980
vn -0.002478 -0.001929 -0.999974
vn -0.001309 -0.002775 -0.999993
vn 0.000092 -0.001876 -0.999996
vn -0.000670 -0.000701 -0.999996
vn -0.001648 -0.001142 -0.999938
vn -0.000887 -0.004078 -0.999987
vn -0.001159 -0.000340 -0.999998
vn -0.000612 0.000931 -0.999999
vn -0.000724 0.000191 -0.999997
vn -0.001192 0.000796 -0.999997
vn -0.000327 0.000606 -1.000000
vn -0.001531 -0.000278 -0.999984
vn -0.002717 -0.000882 -0.999970
vn 0.000354 -0.001284 -0.999997
vn -0.004465 -0.001603 -0.999941
vn 0.000189 -0.004393 -0.999945
vn -0.000482 0.002571 -0.999878
vn -0.024082 0.000971 -0.999579
vn -0.031427 -0.007035 -0.999171
vn 0.013461 -0.012024 -0.999030
vn -0.005459 0.001398 -0.999972
vn -0.000563 0.000960 -0.999993
vn 0.000877 0.000268 -0.999998
vn 0.003162 -0.001383 -0.999993
vn 0.001032 -0.001549 -0.999995
vn 0.000264 -0.002310 -0.999990
vn -0.001593 -0.001105 -0.999997
vn -0.003370 -0.003965 -0.999981
vn -0.000487 -0.005632 -0.999978
vn -0.002753 -0.006504 -0.999974
vn -0.000886 -0.006855 -0.999975
vn -0.002785 -0.003329 -0.999986
vn -0.006028 -0.002730 -0.999974
vn -0.007158 -0.000960 -0.999970
vn -0.007023 -0.000531 -0.999974
vn -0.003905 -0.001881 -0.999987
vn -0.006802 -0.002551 -0.999969
vn -0.006883 -0.000217 -0.999954
vn -0.005686 -0.004348 -0.999972
vn -0.002160 0.000407 -0.999969
vn -0.004710 0.005138 -0.999975
vn -0.005854 0.002510 -0.999973
vn -0.004432 0.001641 -0.999987
vn -0.002125 0.003698 -0.999983
vn -0.001193 0.001602 -0.999994
vn 0.000867 0.002574 -0.999996
vn 0.003334 0.002411 -0.999987
vn 0.001508 0.001490 -0.999994
vn 0.001099 0.002974 -0.999994
vn 0.001320 -0.000265 -0.999993
vn -0.000581 -0.001738 -0.999995
vn 0.000928 -0.000118 -0.999997
vn 0.004926 0.001924 -0.999983
vn -0.000283 -0.000112 -0.999991
vn -0.002292 0.000067 -0.999995
vn -0.000265 0.000305 -0.999999
vn 0.001367 0.002076 -0.999995
vn 0.003321 0.004079 -0.999984
vn 0.003522 0.012451 -0.999900
vn 0.004525 0.016604 -0.999850
vn 0.005848 0.004752 -0.999941
vn 0.004448 0.014107 -0.999872
vn 0.002423 0.003388 -0.999987
vn 0.003196 0.013454 -0.999868
vn 0.003677 0.002756 -0.999983
vn 0.005983 0.010534 -0.999888
vn 0.009030 0.004378 -0.999939
vn 0.018029 0.013426 -0.999673
vn 0.014184 -0.006388 -0.999789
vn 0.002574 -0.000458 -0.999985
vn 0.004383 0.015052 -0.999854
vn 0.007211 0.016716 -0.999794
vn 0.028952 0.024930 -0.998971
vn 0.002878 0.004686 -0.999952
vn 0.003135 0.004854 -0.999977
vn 0.001656 0.001011 -0.999997
vn 0.003513 0.001042 -0.999991
vn 0.001954 0.000396 -0.999997
vn 0.003688 -0.001805 -0.999991
vn 0.002912 -0.000277 -0.999990
vn -0.001503 -0.000483 -0.999995
vn 0.001581 -0.003283 -0.999989
vn 0.002006 0.000708 -0.999991
vn 0.001527 0.009498 -0.999924
vn 0.001155 0.002714 -0.999984
vn -0.001443 0.009242 -0.999923
vn 0.004750 0.004700 -0.999974
vn -0.002447 0.001841 -0.999921
vn 0.009142 -0.008712 -0.999906
vn 0.000560 -0.004769 -0.999967
vn -0.004228 -0.005603 -0.999972
vn -0.000663 -0.008498 -0.999887
vn 0.001878 -0.002896 -0.999972
vn -0.002404 -0.008418 -0.999952
vn -0.000998 -0.007802 -0.999965
vn 0.000580 -0.009153 -0.999950
vn 0.003677 -0.003403 -0.999981
vn 0.002158 -0.006141 -0.999956
vn -0.005088 -0.010357 -0.999887
vn -0.006339 -0.000859 -0.999930
vn -0.001245 -0.008691 -0.999934
vn -0.002722 -0.001387 -0.999949
vn -0.002955 -0.001037 -0.999937
vn 0.004146 0.013537 -0.999870
vn -0.002468 0.002639 -0.999916
vn 0.004113 0.008238 -0.999944
vn 0.001909 0.003934 -0.999988
vn 0.001298 0.002507 -0.999993
vn 0.002941 0.003965 -0.999984
vn 0.001424 0.004368 -0.999963
vn 0.005364 0.002783 -0.999969
vn 0.002959 0.001379 -0.999993
vn 0.002324 0.000040 -0.999994
vn 0.006348 -0.004343 -0.999960
vn 0.010432 0.002374 -0.999904
vn -0.000693 -0.007989 -0.999940
vn -0.010804 -0.008271 -0.999903
vn -0.004413 -0.007304 -0.999934
vn -0.004758 -0.002230 -0.999952
vn -0.002241 -0.004762 -0.999961
vn -0.001252 -0.006457 -0.999943
vn -0.007324 -0.001193 -0.999895
vn 0.005471 0.000375 -0.999969
vn 0.001408 -0.000597 -0.999928
vn 0.002015 -0.000530 -0.999982
vn 0.000968 -0.003233 -0.999973
vn 0.002212 -0.004957 -0.999962
vn -0.009222 -0.001816 -0.999911
vn -0.002094 0.004447 -0.999893
vn 0.019688 0.000119 -0.998876
vn 0.062520 0.005611 -0.995822
vn -0.007422 0.002970 -0.999517
vn -0.003255 -0.003143 -0.999690
vn 0.029012 -0.001558 -0.994428
vn -0.004125 -0.000888 -0.999988
vn -0.000866 -0.000087 -0.999999
vn -0.000458 0.000025 -0.999999
vn -0.005707 0.000173 -0.999971
vn -0.005022 -0.000264 -0.999964
vn -0.004784 0.001025 -0.999890
vn -0.004681 -0.003189 -0.999922
vn -0.001219 -0.000785 -0.999995
vn -0.004813 -0.003259 -0.999980
vn -0.006910 -0.001292 -0.999674
vn -0.001883 -0.002818 -0.999970
vn -0.000083 0.000056 -0.999999
vn -0.000226 0.000413 -1.000000
vn 0.000576 0.000165 -1.000000
vn -0.000966 -0.000472 -0.999998
vn 0.000032 0.000467 -0.999999
vn -0.000081 -0.000401 -0.999999
vn -0.000311 0.000009 -1.000000
vn -0.000050 -0.000189 -0.999999
vn -0.000783 -0.000128 -0.999999
vn -0.000952 0.000373 -0.999999
vn -0.001057 -0.001155 -0.999997
vn -0.000988 -0.003730 -0.999989
vn -0.000633 -0.000014 -0.999997
vn 0.000696 -0.006374 -0.999972
vn -0.001332 -0.012163 -0.999904
vn 0.000701 -0.009161 -0.999943
vn 0.001786 -0.003819 -0.999971
vn 0.000276 0.000694 -0.999998
vn 0.000131 0.000570 -0.999999
vn -0.000425 0.000705 -0.999999
vn -0.004462 -0.008316 -0.999898
vn -0.000007 -0.006519 -0.999925
vn -0.000621 -0.015509 -0.999870
vn -0.001098 -0.008494 -0.999956
vn -0.002132 -0.013429 -0.999891
vn -0.000023 -0.005949 -0.999943
vn -0.004463 -0.005352 -0.999936
vn -0.011390 -0.011027 -0.999781
vn -0.024129 -0.004901 -0.996692
vn -0.003517 -0.000940 -0.999870
vn -0.074338 -0.001098 -0.990730
vn -0.001855 -0.000930 -0.999810
vn -0.000512 0.000935 -0.999992
vn -0.007455 -0.002318 -0.999895
vn -0.009451 -0.000088 -0.999831
vn -0.001266 -0.001093 -0.999996
vn -0.002704 -0.003394 -0.999942
vn -0.000574 0.000750 -0.999996
vn -0.000330 0.000640 -0.999998
vn -0.000452 0.008219 -0.999698
vn -0.000344 0.019599 -0.997625
vn 0.000205 0.001432 -0.999995
vn -0.003287 0.015010 -0.998240
vn -0.004150 -0.005406 -0.999149
vn 0.001281 -0.001056 -0.999991
vn -0.018975 -0.019377 -0.997386
vn -0.004300 -0.002812 -0.999902
vn -0.001081 -0.002271 -0.999985
vn -0.001261 0.002565 -0.999979
vn -0.002508 0.005081 -0.999951
vn -0.007769 0.002041 -0.999879
vn -0.005674 0.005899 -0.999874
vn -0.000040 0.002981 -0.999956
vn 0.002467 0.001021 -0.999994
vn 0.003729 0.001265 -0.999979
vn 0.009534 0.024892 -0.998055
vn -0.067057 0.004705 -0.981092
vn -0.070620 0.003653 -0.987022
vn -0.054725 0.005244 -0.993395
vn -0.073765 0.002495 -0.978769
vn -0.005092 -0.000538 -0.999985
vn -0.003743 -0.000205 -0.999990
vn -0.000745 -0.000994 -0.999998
vn -0.001742 -0.002724 -0.999993
vn -0.011271 0.002015 -0.999906
vn -0.000735 -0.006005 -0.999954
vn 0.006559 -0.010796 -0.999869
vn 0.002793 -0.023354 -0.999690
vn -0.001503 -0.036636 -0.998948
vn -0.006372 -0.049613 -0.998255
vn 0.000178 -0.027370 -0.998899
vn 0.011877 0.001518 -0.999890
vn -0.022870 0.001223 -0.999703
vn -0.037381 -0.003719 -0.999267
vn -0.031129 -0.002696 -0.999465
vn -0.028813 0.007604 -0.999493
vn -0.031900 -0.009528 -0.999393
vn -0.015098 0.005740 -0.999865
vn -0.000560 0.008406 -0.999947
vn 0.002100 0.004520 -0.999959
vn 0.005997 -0.000662 -0.999979
vn 0.018454 0.002227 -0.999796
vn 0.003713 -0.000599 -0.999991
vn 0.003871 0.000896 -0.999987
vn 0.006641 -0.004769 -0.999888
vn 0.000762 0.010851 -0.999831
vn -0.000377 0.007394 -0.999900
vn 0.004461 0.009748 -0.999869
vn 0.009818 0.001511 -0.999894
vn 0.011430 0.005729 -0.999866
vn 0.009821 0.023007 -0.999609
vn -0.000586 0.018776 -0.999768
vn 0.001532 0.013373 -0.999857
vn 0.002140 0.030633 -0.998530
vn -0.011465 0.043051 -0.998076
vn -0.009072 0.016539 -0.999772
vn -0.012763 0.038434 -0.998930
vn -0.009521 0.016080 -0.999756
vn -0.008314 0.044376 -0.998619
vn -0.012308 0.018859 -0.999677
vn -0.008224 0.015589 -0.999769
vn -0.017887 0.001617 -0.999817
vn -0.037874 -0.018140 -0.999064
vn -0.025618 0.008265 -0.999597
vn -0.119616 0.005116 -0.982379
vn -0.093143 0.005114 -0.986330
vn -0.069167 -0.008538 -0.989680
vn -0.080560 -0.005676 -0.996645
vn -0.087539 -0.012477 -0.996071
vn -0.089224 -0.006082 -0.995945
vn -0.110709 0.020023 -0.993534
vn -0.105087 0.019981 -0.994227
vn -0.081723 0.022441 -0.996289
vn -0.100860 -0.010391 -0.994685
vn -0.087647 -0.008872 -0.995902
vn -0.097692 -0.019158 -0.994912
vn -0.092207 -0.020457 -0.995389
vn -0.043972 -0.002307 -0.998880
vn -0.056628 -0.004698 -0.998138
vn -0.062062 -0.011520 -0.997752
vn -0.001815 0.118414 -0.985942
vn -0.026714 -0.004954 -0.999612
vn -0.024662 -0.005725 -0.999679
vn 0.027763 -0.001506 -0.999533
vn 0.015113 0.013338 -0.999605
vn -0.099586 -0.054282 -0.985650
vn -0.055434 -0.018833 -0.997189
vn 0.004202 -0.004133 -0.999606
vn -0.050948 0.003920 -0.990006
vn -0.049764 -0.005061 -0.988980
vn -0.003359 0.001611 -0.997887
vn -0.041101 0.001034 -0.995361
vn -0.100012 -0.011083 -0.975766
vn 0.045101 0.001540 -0.998736
vn 0.010212 0.028225 -0.999498
vn 0.013372 0.060266 -0.997575
vn 0.010362 0.071475 -0.996771
vn 0.029778 0.034831 -0.998830
vn 0.003683 0.044697 -0.998382
vn -0.001152 0.027443 -0.999595
vn 0.001019 0.036578 -0.999021
vn 0.000759 0.068158 -0.997229
vn 0.004998 0.031990 -0.999428
vn 0.005357 0.055495 -0.998183
vn 0.034901 -0.021882 -0.998972
vn 0.041997 -0.026724 -0.998586
vn 0.040736 -0.007647 -0.999068
vn 0.055256 -0.023244 -0.998065
vn 0.059289 -0.008078 -0.998130
vn 0.085710 -0.014388 -0.995277
vn 0.049612 -0.003598 -0.998640
vn 0.040664 0.004993 -0.998968
vn -0.032039 -0.031796 -0.995634
vn -0.052393 -0.032721 -0.997915
vn -0.065384 -0.044048 -0.996673
vn -0.064572 -0.035733 -0.997110
vn -0.080722 -0.016519 -0.996407
vn 0.001523 0.080966 -0.995744
vn 0.002406 0.067845 -0.997104
vn -0.019120 -0.002322 -0.999564
vn -0.064708 -0.015323 -0.994938
vn 0.098287 -0.005047 -0.990085
vn 0.137977 -0.001656 -0.981581
vn -0.148337 -0.006216 -0.981247
vn -0.132355 0.029110 -0.968784
vn 0.155984 0.051377 -0.963891
vn -0.004690 0.173601 -0.974634
vn -0.099857 0.032994 -0.971690
vn -0.001715 0.001527 -0.999858
vn -0.018238 0.018150 -0.997255
vn -0.020415 -0.007297 -0.998997
vn -0.031476 -0.017413 -0.997160
vn -0.046744 0.034195 -0.990896
vn -0.013472 -0.094426 -0.994870
vn -0.016811 -0.080701 -0.996135
vn 0.001777 -0.047998 -0.992810
vn 0.063102 -0.037175 -0.997045
vn 0.058081 -0.057170 -0.996476
vn 0.051075 -0.056846 -0.996913
vn 0.082969 -0.038458 -0.994154
vn 0.035293 0.019668 -0.999074
vn 0.024566 0.079048 -0.995459
vn 0.043412 0.007582 -0.998838
vn 0.035335 0.030669 -0.998104
vn -0.064726 -0.034112 -0.996665
vn -0.070965 -0.011683 -0.996890
vn -0.080382 0.019435 -0.996429
vn -0.100510 -0.058101 -0.991886
vn 0.042614 -0.003904 -0.998866
vn 0.072942 -0.019967 -0.996352
vn 0.080558 -0.005157 -0.996166
vn 0.027056 0.021184 -0.998647
vn 0.046912 -0.009512 -0.998251
vn -0.056768 -0.015418 -0.986012
vn -0.069666 -0.026743 -0.991630
vn -0.030289 0.002534 -0.994832
vn 0.013807 0.123343 -0.990943
vn 0.077983 0.019475 -0.995821
vn 0.110547 0.081624 -0.984889
vn -0.030097 -0.033150 -0.994067
vn -0.108048 -0.022441 -0.978441
vn -0.075580 -0.115132 -0.989112
vn -0.067194 -0.107853 -0.989828
vn -0.098445 -0.140644 -0.983304
vn 0.091685 -0.039342 -0.994418
vn 0.091436 -0.053787 -0.993648
vn 0.069680 -0.080799 -0.992013
vn 0.056517 -0.058640 -0.996461
vn 0.069323 -0.111928 -0.988155
vn 0.072803 -0.077074 -0.993371
vn 0.021576 -0.121978 -0.990101
vn 0.142897 -0.003430 -0.986282
vn 0.133946 0.119833 -0.978737
vn -0.068810 -0.017231 -0.992882
vn -0.091327 -0.024182 -0.986204
vn 0.016705 -0.116118 -0.992134
vn 0.010384 -0.164604 -0.976588
vn 0.042539 -0.221242 -0.966240
vn -0.053049 -0.074865 -0.995063
vn -0.093036 -0.006165 -0.987320
vn -0.125497 -0.098010 -0.986317
vn 0.093966 0.041469 -0.988242
vn -0.051588 -0.235769 -0.963992
vn -0.014772 -0.057126 -0.995527
vn -0.002847 -0.039457 -0.996651
vn -0.001786 0.030371 -0.999332
vn -0.002980 0.047168 -0.998880
vn -0.016306 0.041182 -0.998912
vn -0.017155 -0.044078 -0.995393
vn -0.018679 -0.059739 -0.994288
vn -0.012518 0.002427 -0.999505
vn -0.008267 -0.084660 -0.993942
vn 0.007892 0.037699 -0.993090
vn 0.004793 -0.047119 -0.988871
vn 0.044643 -0.015550 -0.990764
vn 0.089794 -0.039325 -0.976569
vn -0.017772 0.151796 -0.979204
vn -0.000486 0.156707 -0.986446
vn 0.053127 -0.081340 -0.995241
vn 0.095487 -0.107174 -0.984638
vn -0.090271 -0.094865 -0.990536
vn 0.047735 -0.081466 -0.995121
vn 0.043591 -0.074391 -0.995986
vn 0.030077 -0.069359 -0.996538
vn 0.024371 -0.073395 -0.996667
vn 0.017615 -0.071059 -0.997021
vn -0.003172 -0.076701 -0.996419
vn -0.032754 -0.083265 -0.995420
vn -0.052931 -0.097932 -0.993031
vn 0.166063 0.035742 -0.980188
vn -0.102216 -0.086703 -0.989579
vn -0.218377 -0.112386 -0.966826
vn 0.111318 0.103009 -0.984495
vn -0.089143 -0.145751 -0.983131
vn 0.000586 0.118092 -0.992276
vn 0.003552 0.125774 -0.991495
vn 0.008045 0.137907 -0.989817
vn 0.020910 0.164000 -0.985836
vn -0.012619 0.149491 -0.987889
vn 0.002944 0.116812 -0.992506
vn -0.002774 0.167686 -0.984873
vn 0.014873 0.145415 -0.988538
vn -0.004142 0.173119 -0.984345
vn -0.004675 0.060974 -0.994763
vn -0.004525 0.089001 -0.992560
vn -0.207348 0.014998 -0.950665
vn -0.012508 0.104369 -0.980610
vn -0.200170 -0.039805 -0.975416
vn 0.004967 -0.130745 -0.990638
vn -0.005424 -0.142598 -0.989109
vn -0.031536 -0.112757 -0.982796
vn 0.074103 -0.214074 -0.940233
vn 0.046985 -0.267590 -0.953801
vn 0.110709 -0.041322 -0.991989
vn -0.107313 -0.085997 -0.989777
vn 0.004309 -0.079537 -0.995912
vn -0.014337 0.022281 -0.978532
vn -0.034455 0.139362 -0.939276
vn -0.076439 0.225051 -0.912677
vn -0.063693 0.013338 -0.969100
vn -0.082714 0.147439 -0.945133
vn -0.042946 0.109962 -0.922881
vn -0.048075 -0.005022 -0.989249
vn -0.057562 -0.063356 -0.987880
vn -0.009506 -0.130626 -0.990469
vn 0.007826 -0.151655 -0.985606
vn 0.092921 0.095630 -0.990385
vn -0.039879 -0.028783 -0.987988
vn 0.108221 -0.107296 -0.987343
vn 0.146538 -0.077960 -0.984691
vn -0.094117 -0.113926 -0.987694
vn -0.084321 -0.149393 -0.984173
vn -0.148482 -0.088536 -0.983765
vn 0.070549 -0.061696 -0.995427
vn 0.034628 -0.032888 -0.995765
vn 0.071239 -0.036547 -0.996782
vn 0.059090 -0.022687 -0.987476
vn -0.022152 -0.080415 -0.989276
vn 0.121403 0.085844 -0.985138
vn 0.146369 0.166934 -0.956328
vn 0.038648 -0.131844 -0.989915
vn 0.013263 0.138159 -0.989859
vn 0.007058 0.132329 -0.990849
vn -0.007668 0.146895 -0.988481
vn -0.094535 0.110798 -0.848965
vn 0.169342 0.069277 -0.976707
vn -0.206512 -0.145806 -0.947510
vn -0.096512 -0.174539 -0.976522
vn 0.026355 -0.165205 -0.984518
vn -0.151669 -0.010715 -0.975591
vn 0.162885 0.061869 -0.981172
vn 0.091997 -0.202919 -0.935391
vn -0.107139 -0.054959 -0.992632
vn -0.154056 -0.115835 -0.970029
vn 0.063342 -0.289309 -0.943885
vn 0.126741 -0.336336 -0.920063
vn -0.105926 -0.193622 -0.974074
vn -0.062698 -0.203998 -0.975227
vn -0.003487 -0.135685 -0.990355
vn 0.001538 -0.182913 -0.980096
vn 0.037289 0.090068 -0.989100
vn -0.106823 0.137494 -0.978211
vn -0.225400 0.098881 -0.958537
vn 0.016687 -0.175771 -0.981533
vn 0.073643 -0.130984 -0.982825
vn 0.178661 -0.038309 -0.977247
vn -0.176991 -0.089089 -0.979565
vn -0.152229 -0.104378 -0.981826
vn -0.078737 -0.172473 -0.980469
vn -0.036020 -0.168210 -0.983622
vn 0.060620 -0.147551 -0.958951
vn 0.193442 0.017568 -0.976884
vn 0.130596 -0.216929 -0.960403
vn 0.019537 -0.189451 -0.981665
vn 0.084366 -0.184007 -0.976921
vn 0.046136 -0.196901 -0.976198
vn 0.026977 -0.263444 -0.938269
vn 0.176386 0.069525 -0.979084
vn 0.086760 -0.007080 -0.990365
vn -0.107496 -0.001733 -0.987786
vn -0.110543 -0.007565 -0.981969
vn -0.105871 -0.019276 -0.984906
vn 0.138975 -0.013116 -0.980334
vn -0.106466 -0.005154 -0.977944
vn 0.174579 0.026074 -0.971248
vn -0.135257 0.007121 -0.977805
vn -0.016526 -0.105921 -0.989530
vn 0.267442 -0.031477 -0.954375
vn 0.021106 -0.234952 -0.968941
vn 0.131253 -0.025256 -0.990799
vn 0.085494 0.024351 -0.993294
vn 0.038421 -0.027343 -0.985903
vn -0.091108 -0.161758 -0.979681
vn -0.068576 -0.185612 -0.978205
vn -0.103755 -0.163515 -0.980452
vn 0.031709 -0.205235 -0.950849
vn -0.016465 -0.030607 -0.986935
vn 0.111031 -0.022959 -0.979808
vn -0.099253 -0.080374 -0.980551
vn -0.106099 -0.165747 -0.971175
vn -0.182506 -0.213008 -0.949669
vn -0.001280 -0.139393 -0.987534
vn -0.046320 -0.038633 -0.885384
vn 0.127985 -0.124481 -0.981290
vn 0.101589 -0.172616 -0.977385
vn 0.080710 -0.276899 -0.949186
vn -0.069416 0.042015 -0.910439
vn 0.030839 0.127088 -0.987626
vn -0.085584 0.129829 -0.985418
vn -0.002066 0.148348 -0.988076
vn -0.008863 0.175385 -0.983977
vn 0.010860 -0.004950 -0.992464
vn -0.006322 0.031188 -0.993068
vn 0.000294 -0.037795 -0.984178
vn -0.017349 -0.282298 -0.950157
vn 0.178942 -0.183399 -0.958879
vn 0.193835 -0.302570 -0.931426
vn -0.136327 -0.190067 -0.968583
vn -0.037428 -0.162574 -0.985276
vn -0.042544 -0.106864 -0.991265
vn -0.020386 -0.105387 -0.992792
vn 0.048997 -0.025248 -0.934485
vn -0.011227 -0.158357 -0.985673
vn -0.004491 -0.131083 -0.985671
vn 0.024225 -0.032645 -0.996616
vn 0.022049 0.069373 -0.959620
vn 0.002660 0.039569 -0.997428
vn 0.009165 -0.022329 -0.996274
vn 0.070700 0.255320 -0.866778
vn 0.026618 -0.207855 -0.975843
vn 0.023363 -0.138139 -0.982903
vn -0.000899 -0.106212 -0.990458
vn 0.048352 0.143262 -0.962725
vn -0.005391 0.115699 -0.993270
vn -0.250486 -0.065629 -0.959998
vn -0.018457 0.030646 -0.995465
vn 0.011778 0.109253 -0.989963
vn -0.031873 -0.136046 -0.980659
vn 0.013932 -0.009455 -0.996085
vn -0.076182 -0.144471 -0.977347
vn 0.014196 0.128129 -0.990264
vn 0.014541 -0.025792 -0.994610
vn 0.002322 0.009155 -0.993843
vn 0.002411 0.142004 -0.989336
vn 0.001788 0.121975 -0.991658
vn 0.005834 0.136352 -0.989911
vn 0.000829 -0.001049 -0.995262
vn 0.004565 0.009957 -0.993884
vn 0.000878 -0.172554 -0.979902
vn 0.001060 -0.147244 -0.987331
vn -0.002721 -0.057411 -0.993183
vn 0.003508 0.059959 -0.995836
vn 0.012966 0.151578 -0.986913
vn -0.000700 0.151120 -0.983539
vn -0.003256 -0.149723 -0.987055
vn -0.001919 0.131204 -0.984156
vn 0.007895 -0.193601 -0.975270
vn 0.010571 -0.156783 -0.983226
vn -0.002004 -0.063181 -0.995651
vn -0.002712 0.091194 -0.991593
vn -0.003467 -0.027467 -0.999019
vn -0.002831 0.158851 -0.983988
vn -0.001686 -0.164473 -0.979136
vn 0.005191 0.186235 -0.982246
vn -0.001613 0.188047 -0.981943
vn -0.123941 -0.051576 -0.989794
vn -0.164095 -0.096518 -0.981028
vn -0.131420 -0.053688 -0.989334
vn -0.036046 0.035910 -0.966136
vn -0.096099 0.092563 -0.979308
vn -0.078525 -0.022411 -0.970036
vn -0.162215 -0.085819 -0.982438
vn -0.114140 -0.103567 -0.985847
vn 0.084339 0.014491 -0.971109
vn -0.088196 -0.129494 -0.986914
vn -0.071372 -0.124808 -0.982744
vn -0.042816 -0.077093 -0.972200
vn 0.141420 0.102288 -0.973775
vn -0.085687 -0.178992 -0.976875
vn 0.003094 0.025262 -0.990738
vn 0.015998 0.100105 -0.994696
vn -0.027027 0.157584 -0.985218
vn 0.016137 0.019325 -0.976310
vn -0.163126 0.337542 -0.895074
vn 0.172410 0.134235 -0.973459
vn -0.155498 0.140232 -0.973162
vn 0.222071 0.164810 -0.957225
vn 0.176020 0.118470 -0.977132
vn 0.247053 -0.149112 -0.941378
vn 0.015856 -0.177105 -0.984027
vn 0.196741 -0.103341 -0.969715
vn 0.170032 0.116369 -0.975971
vn 0.097724 0.165544 -0.978992
vn 0.135942 0.158198 -0.974372
vn -0.011274 -0.158585 -0.970930
vn -0.132684 -0.113602 -0.984479
vn -0.133429 -0.134854 -0.981277
vn 0.114836 0.278669 -0.934295
vn -0.002230 0.198349 -0.977627
vn -0.102767 -0.312975 -0.936072
vn 0.205564 0.015857 -0.976635
vn 0.224931 0.053564 -0.955842
vn 0.028204 -0.228149 -0.969512
vn 0.003344 -0.106116 -0.989869
vn 0.045895 -0.209306 -0.970530
vn 0.042533 -0.215859 -0.952649
vn -0.151926 -0.224929 -0.959426
vn -0.149390 -0.034424 -0.987513
vn -0.085092 -0.083089 -0.987548
vn -0.195139 -0.030814 -0.978810
vn 0.193658 0.096863 -0.960340
vn 0.153894 -0.099863 -0.976871
vn -0.030434 -0.183103 -0.982460
vn 0.022107 -0.194426 -0.980337
vn -0.195004 -0.150567 -0.965833
vn -0.122277 -0.197263 -0.968306
vn 0.021907 -0.176763 -0.983903
vn 0.009697 -0.207703 -0.978115
vn 0.051153 -0.169053 -0.983904
vn 0.090747 0.193535 -0.960831
vn 0.102368 -0.103988 -0.988097
vn 0.081769 -0.069985 -0.991160
vn 0.075201 -0.031813 -0.995118
vn 0.055647 0.020091 -0.993107
vn 0.152469 -0.068038 -0.984648
vn 0.145887 0.025500 -0.985428
vn 0.180624 0.152882 -0.969270
vn 0.133826 0.116240 -0.981658
vn 0.175161 0.037353 -0.972723
vn 0.273939 -0.025639 -0.914321
vn 0.209687 0.020726 -0.954686
vn 0.204730 -0.186795 -0.945234
vn 0.127071 -0.314452 -0.922537
vn -0.095155 -0.144096 -0.948428
vn -0.067016 -0.149796 -0.959728
vn 0.024937 -0.346157 -0.927516
vn 0.236350 0.058849 -0.967849
vn -0.047588 -0.165306 -0.973886
vn 0.205491 0.108119 -0.970588
vn 0.046098 -0.007064 -0.966883
vn 0.013251 -0.377016 -0.904820
vn 0.002264 0.206633 -0.978236
vn 0.006020 0.226950 -0.973871
vn 0.001866 0.224340 -0.973792
vn -0.001889 0.233762 -0.968818
vn 0.143536 0.122884 -0.981986
vn 0.035519 0.000092 -0.963497
vn -0.119242 -0.255505 -0.956709
vn 0.070083 -0.454333 -0.840772
vn -0.006720 -0.300866 -0.952270
vn -0.054904 -0.323137 -0.938126
vn -0.097705 -0.122882 -0.951802
vn 0.124493 -0.136169 -0.977543
vn 0.174543 -0.016828 -0.977556
vn 0.131419 0.244102 -0.919429
vn 0.207683 0.168247 -0.949205
vn 0.110916 0.216813 -0.947509
vn -0.273525 -0.181497 -0.891401
vn 0.145420 -0.335898 -0.923273
vn 0.210150 0.116071 -0.968556
vn 0.271508 0.216493 -0.909635
vn -0.074221 -0.158153 -0.964045
vn -0.209023 -0.197329 -0.949919
vn 0.165635 -0.071646 -0.968688
vn 0.195776 0.092383 -0.973427
vn 0.264720 -0.092446 -0.951323
vn 0.041409 0.059615 -0.960479
vn 0.256502 0.148259 -0.937145
vn 0.070605 0.201536 -0.976328
vn 0.080837 0.166482 -0.982075
vn -0.087197 -0.144811 -0.956703
vn 0.042217 -0.359379 -0.923424
vn 0.091935 0.205029 -0.974104
vn 0.241980 -0.086708 -0.965553
vn 0.319416 0.352842 -0.791274
vn -0.136107 0.166232 -0.968066
vn -0.198084 -0.013755 -0.973611
vn 0.133633 -0.388019 -0.902264
vn 0.072853 0.200697 -0.968613
vn -0.133308 -0.169117 -0.956187
vn 0.117671 0.340934 -0.919100
vn -0.327534 -0.013830 -0.940285
vn 0.230592 -0.130489 -0.963861
vn 0.074706 -0.391500 -0.902381
vn 0.210784 0.162498 -0.959225
vn 0.110123 0.279774 -0.950195
vn 0.109396 0.300022 -0.942920
vn 0.130399 -0.138062 -0.977823
vn 0.134568 0.054901 -0.946527
vn 0.014244 0.308063 -0.849019
vn 0.054562 0.038525 -0.970153
vn 0.128700 -0.240189 -0.955402
vn 0.078595 -0.222795 -0.919673
vn -0.140215 0.236710 -0.959741
vn -0.097613 -0.270301 -0.932330
vn 0.296927 0.104621 -0.943697
vn 0.199930 0.245244 -0.946017
vn 0.186494 -0.050088 -0.960021
vn 0.207131 0.270171 -0.880103
vn 0.145717 0.324715 -0.920040
vn 0.223904 0.123897 -0.965019
vn 0.229938 0.081784 -0.969459
vn 0.246676 0.105704 -0.962944
vn -0.226420 -0.177374 -0.955916
vn 0.022302 -0.266162 -0.963653
vn 0.244500 -0.117192 -0.962495
vn 0.149395 -0.271562 -0.943430
vn 0.182931 -0.025032 -0.965248
vn 0.060837 -0.082368 -0.974298
vn -0.030100 -0.208821 -0.955525
vn 0.200616 -0.137228 -0.965412
vn -0.038826 -0.172541 -0.969769
vn -0.221451 -0.184891 -0.954405
vn 0.266323 -0.095522 -0.953820
vn 0.000047 -0.298141 -0.954347
vn -0.274035 -0.061723 -0.959662
vn 0.322862 0.113308 -0.934797
vn 0.149951 -0.409393 -0.890218
vn 0.248407 -0.150988 -0.956007
vn 0.263313 0.057260 -0.963010
vn -0.130988 0.239120 -0.961696
vn -0.071533 0.252458 -0.964429
vn -0.068883 0.315150 -0.943054
vn 0.280593 0.111571 -0.952536
vn 0.283384 0.047300 -0.957804
vn 0.203386 0.208450 -0.953002
vn 0.043245 -0.294349 -0.954533
vn 0.055443 -0.321852 -0.926441
vn 0.037144 -0.315874 -0.947670
vn 0.100372 -0.133862 -0.976737
vn 0.015027 -0.036743 -0.996888
vn 0.044113 -0.013245 -0.998763
vn 0.300642 -0.040150 -0.928742
vn 0.276128 -0.211967 -0.922632
vn 0.116341 -0.106352 -0.952798
vn 0.313083 0.008434 -0.944722
vn 0.400825 0.101074 -0.894188
vn 0.337385 0.148305 -0.923421
vn 0.218173 -0.198301 -0.953780
vn -0.072388 -0.311076 -0.946875
vn -0.160880 -0.328669 -0.930641
vn -0.128931 0.246618 -0.954413
vn 0.195893 0.218970 -0.947606
vn -0.065266 0.219208 -0.961734
vn 0.370965 0.180881 -0.893271
vn 0.435533 0.184158 -0.844358
vn 0.176746 0.159214 -0.915472
vn -0.310375 -0.006664 -0.950320
vn 0.396170 0.132530 -0.897894
vn 0.296156 0.073894 -0.951793
vn 0.003915 -0.319085 -0.947618
vn -0.253830 0.190971 -0.938115
vn 0.290292 0.175703 -0.939765
vn 0.199578 -0.274707 -0.939662
vn 0.047758 -0.284453 -0.901474
vn -0.281748 -0.281377 -0.889134
vn 0.193961 -0.107579 -0.838618
vn 0.349836 0.118721 -0.925787
vn -0.322186 0.031990 -0.905779
vn 0.255258 0.126704 -0.956270
vn 0.188717 0.055745 -0.980439
vn 0.279808 0.043575 -0.951914
vn -0.328714 0.006716 -0.944310
vn -0.299757 0.004744 -0.953945
vn -0.386830 0.004579 -0.915989
vn 0.407617 0.291313 -0.844156
vn -0.083068 -0.428778 -0.889177
vn 0.307488 -0.256825 -0.910718
vn -0.346777 -0.007695 -0.936806
vn -0.324194 0.004554 -0.945745
vn 0.581640 -0.123487 -0.692040
vn 0.191854 -0.514410 -0.719768
vn 0.258162 -0.371126 -0.858337
vn -0.281181 -0.223013 -0.933214
vn 0.310246 0.391737 -0.827309
vn -0.275778 0.202653 -0.939616
vn -0.339777 -0.086177 -0.935888
vn -0.287402 -0.191660 -0.936380
vn 0.168321 0.234439 -0.949269
vn 0.165584 0.300241 -0.931576
vn 0.110010 -0.029227 -0.970806
vn 0.202935 -0.117798 -0.966951
vn 0.334808 0.094043 -0.905335
vn 0.206212 0.171890 -0.935234
vn -0.024836 -0.077838 -0.987320
vn 0.057855 -0.261083 -0.956974
vn 0.169148 -0.280687 -0.944371
vn 0.292517 0.167221 -0.928145
vn 0.295864 0.027984 -0.949757
vn 0.407558 -0.046865 -0.881876
vn -0.183540 0.375893 -0.898815
vn 0.285694 0.191245 -0.938670
vn 0.089202 -0.437963 -0.892508
vn -0.238593 0.513411 -0.737816
vn 0.126628 0.428356 -0.862552
vn -0.177304 0.395673 -0.834600
vn -0.219345 0.548773 -0.699307
vn -0.081589 -0.309398 -0.914016
vn 0.080080 -0.510039 -0.844515
vn -0.011821 0.369868 -0.918175
vn 0.151855 -0.403843 -0.895530
vn -0.366666 -0.082641 -0.926675
vn 0.040101 -0.376851 -0.925405
vn -0.139546 0.258819 -0.789324
vn 0.189783 -0.414085 -0.854162
vn -0.008326 -0.043018 -0.699453
vn 0.292890 -0.167689 -0.881805
vn 0.033086 -0.067440 -0.933876
vn -0.197399 0.237089 -0.949965
vn 0.094789 -0.402836 -0.901105
vn -0.132842 -0.058871 -0.979678
vn -0.058452 -0.232682 -0.965698
vn 0.162139 -0.440864 -0.876897
vn 0.331540 0.192742 -0.923543
vn 0.267191 0.364566 -0.883959
vn -0.093525 0.437995 -0.883178
vn 0.270262 0.373537 -0.854584
vn -0.350825 0.178260 -0.919318
vn 0.124105 -0.491527 -0.856981
vn 0.009541 -0.524879 -0.839757
vn 0.301250 0.395541 -0.845278
vn -0.048142 -0.493422 -0.862892
vn -0.054680 0.402921 -0.913600
vn 0.170978 -0.464386 -0.865182
vn 0.101415 0.457914 -0.883187
vn 0.354451 0.027229 -0.929769
vn 0.316629 -0.050201 -0.947220
vn 0.013550 -0.456985 -0.887008
vn 0.229666 -0.379911 -0.893786
vn -0.144428 -0.418374 -0.895213
vn -0.099662 0.415227 -0.904242
vn 0.504786 0.110681 -0.827915
vn 0.457594 0.067402 -0.885418
vn 0.325070 -0.411515 -0.778651
vn 0.007104 -0.479584 -0.874413
vn 0.029179 -0.602539 -0.769664
vn 0.366872 0.270235 -0.890156
vn 0.244803 -0.398110 -0.884070
vn 0.199705 -0.434160 -0.878139
vn 0.087425 -0.479015 -0.873057
vn -0.255963 0.525199 -0.788831
vn -0.244150 0.531117 -0.800768
vn 0.058072 -0.592383 -0.788562
vn 0.068151 -0.593698 -0.781190
vn 0.160766 0.453624 -0.876573
vn -0.362558 -0.341388 -0.867183
vn 0.519921 0.051955 -0.852571
vn 0.175686 -0.511178 -0.836032
vn 0.119990 -0.559615 -0.817516
vn 0.173020 -0.527178 -0.829247
vn 0.549055 0.275071 -0.731001
vn 0.558372 -0.175781 -0.801483
vn 0.118572 -0.553020 -0.807891
vn 0.092080 -0.288069 -0.953172
vn 0.036686 -0.384471 -0.885818
vn 0.197326 -0.468505 -0.837146
vn -0.091876 -0.082528 -0.984453
vn 0.158307 -0.220131 -0.951865
vn 0.156060 -0.524849 -0.835963
vn -0.007512 0.014337 -0.739814
vn 0.260797 0.521719 -0.811386
vn -0.215023 0.502277 -0.831273
vn 0.306271 0.519596 -0.787666
vn 0.478049 0.268070 -0.816432
vn 0.191504 0.064478 -0.979372
vn 0.018042 0.154563 -0.802220
vn -0.183950 0.623177 -0.754403
vn 0.416467 0.459996 -0.784193
vn 0.003767 -0.632980 -0.774159
vn 0.533219 0.409931 -0.740023
vn 0.043021 -0.603825 -0.739322
vn -0.016054 0.572652 -0.675274
vn -0.008409 0.018636 -0.604906
vn -0.100385 0.793296 -0.534588
vn -0.081490 -0.296222 -0.585802
vn -0.365881 0.718088 -0.583006
vn 0.057819 0.758454 -0.648752
vn 0.115603 -0.763651 -0.635131
vn 0.470304 0.603531 -0.643867
vn -0.404331 0.567282 -0.710041
vn -0.389672 0.708760 -0.535895
vn -0.342759 0.746288 -0.567040
vn 0.009080 0.777021 -0.629397
vn 0.010830 0.774950 -0.631893
vn 0.561247 0.646725 -0.516463
vn -0.092109 0.887623 -0.451267
vn -0.092090 0.887571 -0.451372
vn 0.479798 0.756040 -0.445194
vn -0.433976 0.796855 -0.417643
vn -0.446434 0.805728 -0.383777
vn 0.435950 -0.826716 -0.244531
vn 0.222739 0.856724 -0.419322
vn 0.270373 0.951900 -0.144170
vn 0.270373 0.951900 -0.144170
vn 0.270373 0.951900 -0.144170
vn -0.955223 -0.280177 -0.095130
vn -0.859067 -0.390255 -0.036189
vn -0.859067 -0.390255 -0.036189
vn -0.439418 -0.870661 0.221045
vn -0.376578 0.918642 -0.003623
vn -0.301298 0.681486 0.447603
vn -0.398082 0.875257 0.241018
vn -0.234171 0.547089 0.590886
vn -0.377499 0.853369 0.359522
vn -0.191118 0.371248 0.908652
vn 0.738961 0.397895 0.322112
vn 0.965676 0.259233 -0.016390
vn 0.738961 0.397895 0.322112
vn 0.504105 0.541536 0.672768
vn 0.023377 -0.618425 0.569832
vn 0.285919 -0.937546 0.198134
vn 0.246619 -0.836101 -0.165835
vn 0.146851 -0.900800 -0.121402
vn 0.050921 -0.715404 0.557528
vn 0.014791 -0.981175 0.192556
vn 0.175513 -0.489101 0.733009
vn 0.561979 -0.772195 -0.127459
vn 0.194151 -0.474766 0.702647
vn 0.584338 -0.790685 -0.058737
vn 0.283293 -0.378145 0.798622
vn 0.094640 -0.576980 0.705262
vn -0.020981 -0.466537 0.848027
vn -0.007797 -0.792558 0.516117
vn 0.155010 -0.333636 0.919567
vn 0.074387 -0.457517 0.861731
vn 0.246375 -0.493677 0.802062
vn 0.492385 -0.293017 0.768561
vn 0.007692 -0.453392 0.880505
vn -0.110466 -0.419175 0.899171
vn -0.028495 -0.412934 0.904864
vn 0.210507 -0.445117 0.851836
vn 0.225991 -0.571690 0.766440
vn -0.113588 -0.460316 0.819328
vn -0.046085 -0.543310 0.834020
vn 0.382631 -0.550528 0.721554
vn 0.366452 -0.576230 0.711408
vn 0.421605 -0.318236 0.783723
vn 0.548299 -0.435962 0.700206
vn 0.503530 -0.465911 0.727588
vn 0.527077 -0.476499 0.579861
vn 0.186722 -0.879258 0.438077
vn 0.177943 -0.880093 0.440196
vn 0.341812 0.856606 -0.257299
vn 0.348242 0.934871 -0.068264
vn 0.377717 0.790889 -0.365779
vn 0.352434 0.933907 -0.060069
vn 0.403957 0.677462 -0.592453
vn 0.662872 0.594972 -0.454542
vn 0.629419 0.755747 -0.180771
vn 0.536068 0.747233 -0.250372
vn 0.627093 0.768378 -0.111767
vn 0.554634 0.698652 -0.356741
vn 0.520216 0.659861 -0.502425
vn 0.623135 0.652210 -0.431654
vn 0.149626 0.864045 -0.440816
vn -0.057324 0.915041 -0.163273
vn 0.126018 0.956556 -0.262908
vn -0.127159 0.897228 0.077712
vn -0.319429 0.876040 0.117542
vn -0.297422 0.846074 0.275874
vn -0.613920 0.742816 -0.237771
vn -0.570065 0.744955 -0.346506
vn -0.398258 0.882670 0.076050
vn -0.331328 0.912477 0.240016
vn -0.398258 0.882670 0.076050
vn -0.515507 0.830453 -0.211189
vn 0.755289 -0.008842 0.330014
vn 0.902202 -0.149485 0.404580
vn 0.903721 -0.078436 -0.030693
vn 0.699180 0.044873 0.301536
vn 0.549070 0.087846 0.831147
vn 0.000462 -0.512782 0.825570
vn -0.055852 -0.503038 0.838642
vn -0.347891 -0.907470 0.201293
vn -0.286970 -0.687262 0.619064
vn -0.002695 -0.506649 0.846494
vn 0.002439 -0.503577 0.852312
vn -0.005044 -0.843143 0.477410
vn 0.001628 -0.404275 0.912517
vn -0.000811 -0.423934 0.904423
vn 0.000848 -0.446231 0.884480
vn -0.001379 -0.482309 0.853137
vn -0.000018 -0.403705 0.914453
vn 0.004986 -0.486620 0.846598
vn 0.001011 -0.487770 0.833267
vn 0.002879 -0.423796 0.905524
vn 0.010207 -0.455863 0.889795
vn 0.012348 -0.375339 0.922173
vn 0.008742 -0.367466 0.928456
vn 0.001845 -0.408575 0.911624
vn 0.001831 -0.352984 0.934992
vn 0.002500 -0.335710 0.940944
vn 0.002056 -0.395531 0.917262
vn 0.002295 -0.387101 0.914875
vn 0.011246 -0.477230 0.878576
vn 0.002072 -0.456916 0.889437
vn -0.002110 -0.418937 0.907220
vn -0.004244 -0.481016 0.875515
vn -0.002459 -0.381240 0.920482
vn -0.001187 -0.327611 0.943772
vn 0.001946 -0.308662 0.950516
vn -0.142250 -0.409397 0.888903
vn -0.240432 -0.544145 0.787586
vn 0.004062 -0.348308 0.937367
vn 0.002731 -0.339924 0.940380
vn 0.003669 -0.292430 0.956185
vn 0.004846 -0.305577 0.951868
vn -0.001256 -0.307033 0.949623
vn 0.000848 -0.286994 0.957924
vn -0.001475 -0.287899 0.957657
vn -0.009188 -0.449312 0.890171
vn -0.012826 -0.311877 0.947492
vn -0.001089 -0.347622 0.937447
vn -0.002305 -0.328448 0.944226
vn -0.003534 -0.337568 0.941186
vn -0.020731 -0.289170 0.956372
vn -0.040863 -0.269940 0.958798
vn -0.014267 -0.296140 0.955038
vn -0.025062 -0.261926 0.964553
vn 0.013809 -0.291997 0.956303
vn 0.008796 -0.282161 0.959283
vn 0.011206 -0.255929 0.966570
vn -0.002336 -0.266839 0.963506
vn -0.028119 -0.251809 0.967368
vn -0.305640 -0.349879 0.877990
vn -0.355960 -0.465281 0.801635
vn -0.397469 -0.377062 0.836566
vn 0.004469 -0.949476 0.309460
vn 0.005277 -0.923743 0.380482
vn -0.705877 -0.386765 0.555722
vn -0.705877 -0.386765 0.555722
vn -0.543892 -0.416719 0.728373
vn -0.829114 -0.363977 0.424372
vn 0.927861 -0.264821 -0.260392
vn 0.929437 -0.280859 -0.239300
vn 0.927861 -0.264821 -0.260392
vn 0.925309 -0.238864 -0.294530
vn 0.976874 -0.076347 0.199721
vn 0.976874 -0.076347 0.199721
vn 0.976874 -0.076347 0.199721
vn 0.612203 -0.748367 -0.033816
vn 0.312001 -0.405890 -0.716447
vn 0.308029 -0.486708 -0.681944
vn 0.452732 -0.541072 -0.520321
vn 0.422438 -0.875052 -0.210165
vn 0.154634 -0.375937 -0.828471
vn 0.149979 -0.262850 -0.910665
vn 0.126809 -0.229272 -0.964329
vn 0.144734 -0.280637 -0.948441
vn 0.139401 -0.257658 -0.955784
vn 0.125768 -0.240482 -0.962471
vn 0.129417 -0.205675 -0.967690
vn 0.464378 -0.575911 -0.672815
vn 0.215639 -0.806168 0.021284
vn 0.087372 -0.934698 -0.019372
vn 0.001586 -0.986607 -0.055275
vn -0.011194 -0.985475 -0.067400
vn 0.008945 -0.983362 -0.096810
vn -0.002648 -0.996342 0.051039
vn 0.036601 -0.994338 0.099759
vn 0.020782 -0.985218 0.086048
vn 0.867075 -0.473058 -0.156199
vn 0.867075 -0.473058 -0.156199
vn 0.867075 -0.473058 -0.156199
vn 0.989499 0.130794 -0.061524
vn 0.989499 0.130794 -0.061524
vn 0.989499 0.130794 -0.061524
vn -0.511903 -0.852906 -0.102502
vn -0.509893 -0.475602 -0.484229
vn -0.703315 -0.620729 0.026951
vn -0.505591 -0.474181 -0.534079
vn -0.488799 -0.401040 -0.713512
vn -0.714237 -0.573561 -0.341361
vn -0.476457 -0.401757 -0.708429
vn -0.427530 -0.549310 -0.717967
vn -0.390265 -0.379334 -0.828201
vn 0.475089 0.784842 0.397886
vn 0.475089 0.784842 0.397886
vn 0.475089 0.784842 0.397886
vn -0.534690 -0.843279 -0.054660
vn -0.534690 -0.843279 -0.054660
vn -0.534690 -0.843279 -0.054660
vn 0.983128 -0.042057 0.178021
vn 0.983128 -0.042057 0.178021
vn 0.983128 -0.042057 0.178021
vn -0.417631 0.867789 -0.269306
vn -0.417631 0.867789 -0.269306
vn -0.417631 0.867789 -0.269306
vn -0.169986 0.917063 -0.360694
vn -0.145234 0.943816 -0.237932
vn -0.145234 0.943816 -0.237932
vn -0.097677 0.995216 -0.002066
vn 0.302529 -0.941270 0.149955
vn 0.302529 -0.941270 0.149955
vn 0.302529 -0.941270 0.149955
vn -0.454427 0.890140 -0.033864
vn -0.454427 0.890140 -0.033864
vn -0.454427 0.890140 -0.033864
vn -0.218962 0.948750 -0.227880
vn -0.218962 0.948750 -0.227880
vn -0.218962 0.948750 -0.227880
vn 0.238506 0.941266 0.143682
vn 0.206542 0.589522 0.669911
vn 0.458948 0.836494 0.149511
vn 0.153872 0.876486 0.410181
vn 0.245949 0.553878 0.714566
vn 0.171698 0.471340 0.863543
vn 0.189273 0.434571 0.878512
vn 0.441849 0.805054 0.365526
vn 0.456056 0.856664 0.159576
vn 0.156960 0.426076 0.888622
vn 0.157964 0.443620 0.879314
vn 0.127649 0.606729 0.741166
vn 0.251988 0.487456 0.775960
vn 0.430293 0.818176 0.367989
vn 0.497519 0.627260 0.529572
vn 0.321389 0.614182 0.650735
vn 0.452066 0.745257 0.409650
vn 0.305996 0.849037 0.419482
vn 0.257403 0.537983 0.739111
vn 0.218058 0.379826 0.897038
vn 0.225364 0.387402 0.871165
vn 0.186609 0.308727 0.931223
vn 0.236218 0.434689 0.818112
vn 0.377901 0.782826 0.446766
vn 0.219148 0.436363 0.823509
vn 0.380878 0.810382 0.387449
vn 0.290124 0.571357 0.673884
vn 0.177447 0.319419 0.904796
vn 0.136778 0.257476 0.956099
vn 0.161807 0.370912 0.799059
vn 0.138768 0.255580 0.956547
vn 0.193432 0.346066 0.825400
vn 0.118871 0.245456 0.952868
vn 0.103382 0.233988 0.965919
vn 0.074215 0.227527 0.970940
vn 0.406295 0.876455 -0.075547
vn 0.376477 0.913532 -0.143985
vn 0.102769 0.574927 0.789491
vn 0.419362 0.831085 0.197412
vn 0.193601 0.554499 0.809351
vn 0.193601 0.554499 0.809351
vn 0.193601 0.554499 0.809351
vn 0.300243 0.684798 0.664007
vn 0.300243 0.684798 0.664007
vn 0.300243 0.684798 0.664007
o geometry_0
usemtl Material
f 2352/2352/2352 2343/2343/2343 2344/2344/2344
f 2343/2343/2343 2340/2340/2340 2341/2341/2341
f 2343/2343/2343 2341/2341/2341 2344/2344/2344
f 2340/2340/2340 2337/2337/2337 2341/2341/2341
f 2340/2340/2340 2336/2336/2336 2337/2337/2337
f 2336/2336/2336 2332/2332/2332 2334/2334/2334
f 2336/2336/2336 2334/2334/2334 2337/2337/2337
f 2332/2332/2332 2333/2333/2333 2334/2334/2334
f 2333/2333/2333 2335/2335/2335 2334/2334/2334
f 2333/2333/2333 2338/2338/2338 2335/2335/2335
f 2335/2335/2335 2338/2338/2338 2339/2339/2339
f 2338/2338/2338 2342/2342/2342 2339/2339/2339
f 2360/2360/2360 2361/2361/2361 2362/2362/2362
f 2362/2362/2362 2361/2361/2361 2364/2364/2364
f 69/69/69 67/67/67 68/68/68
f 68/68/68 67/67/67 66/66/66
f 67/67/67 65/65/65 66/66/66
f 66/66/66 65/65/65 64/64/64
f 65/65/65 59/59/59 64/64/64
f 59/59/59 63/63/63 64/64/64
f 59/59/59 61/61/61 63/63/63
f 59/59/59 60/60/60 61/61/61
f 61/61/61 60/60/60 62/62/62
f 2335/2335/2335 2339/2339/2339 2346/2346/2346
f 2339/2339/2339 2345/2345/2345 2346/2346/2346
f 2339/2339/2339 2342/2342/2342 2345/2345/2345
f 2342/2342/2342 2329/2329/2329 2345/2345/2345
f 63/63/63 61/61/61 74/74/74
f 74/74/74 61/61/61 70/70/70
f 61/61/61 62/62/62 70/70/70
f 70/70/70 62/62/62 71/71/71
f 62/62/62 72/72/72 71/71/71
f 72/72/72 73/73/73 71/71/71
f 4394/4394/4394 4417/4417/4417 4366/4366/4366
f 2039/2039/2039 1862/1862/1862 2084/2084/2084
f 1610/1610/1610 2093/2093/2093 2086/2086/2086
f 2360/2360/2360 2362/2362/2362 2363/2363/2363
f 2317/2317/2317 2326/2326/2326 2329/2329/2329
f 2329/2329/2329 2326/2326/2326 2325/2325/2325
f 3845/3845/3845 3844/3844/3844 3703/3703/3703
f 3703/3703/3703 3844/3844/3844 3702/3702/3702
f 3702/3702/3702 3704/3704/3704 3701/3701/3701
f 4209/4209/4209 3977/3977/3977 3704/3704/3704
f 2362/2362/2362 2364/2364/2364 2367/2367/2367
f 2362/2362/2362 2367/2367/2367 2366/2366/2366
f 4107/4107/4107 3725/3725/3725 3726/3726/3726
f 4107/4107/4107 4001/4001/4001 3725/3725/3725
f 4001/4001/4001 3819/3819/3819 3725/3725/3725
f 4001/4001/4001 3999/3999/3999 3819/3819/3819
f 3999/3999/3999 3888/3888/3888 3819/3819/3819
f 3999/3999/3999 3889/3889/3889 3888/3888/3888
f 3999/3999/3999 4000/4000/4000 3889/3889/3889
f 4000/4000/4000 4124/4124/4124 3889/3889/3889
f 73/73/73 79/79/79 76/76/76
f 4124/4124/4124 4123/4123/4123 4089/4089/4089
f 4123/4123/4123 4122/4122/4122 4089/4089/4089
f 4122/4122/4122 4121/4121/4121 4089/4089/4089
f 71/71/71 73/73/73 75/75/75
f 75/75/75 73/73/73 76/76/76
f 4459/4459/4459 4460/4460/4460 4461/4461/4461
f 4462/4462/4462 4461/4461/4461 4460/4460/4460
f 4237/4237/4237 3845/3845/3845 4054/4054/4054
f 4054/4054/4054 3845/3845/3845 3703/3703/3703
f 3704/3704/3704 3977/3977/3977 3701/3701/3701
f 3977/3977/3977 4085/4085/4085 3701/3701/3701
f 2363/2363/2363 2362/2362/2362 2365/2365/2365
f 2363/2363/2363 2365/2365/2365 2368/2368/2368
f 2362/2362/2362 2366/2366/2366 2365/2365/2365
f 3734/3734/3734 3726/3726/3726 3727/3727/3727
f 3726/3726/3726 3725/3725/3725 3723/3723/3723
f 3726/3726/3726 3723/3723/3723 3727/3727/3727
f 3725/3725/3725 3819/3819/3819 3724/3724/3724
f 3725/3725/3725 3724/3724/3724 3723/3723/3723
f 3819/3819/3819 3888/3888/3888 3721/3721/3721
f 3819/3819/3819 3721/3721/3721 3724/3724/3724
f 3888/3888/3888 3889/3889/3889 3721/3721/3721
f 3721/3721/3721 3889/3889/3889 3722/3722/3722
f 3722/3722/3722 3889/3889/3889 3681/3681/3681
f 3889/3889/3889 3879/3879/3879 3681/3681/3681
f 3681/3681/3681 3879/3879/3879 3736/3736/3736
f 3736/3736/3736 3879/3879/3879 3982/3982/3982
f 3879/3879/3879 4089/4089/4089 3982/3982/3982
f 4089/4089/4089 4121/4121/4121 3982/3982/3982
f 3982/3982/3982 4121/4121/4121 4125/4125/4125
f 75/75/75 76/76/76 77/77/77
f 4121/4121/4121 4126/4126/4126 4125/4125/4125
f 77/77/77 76/76/76 78/78/78
f 4394/4394/4394 4366/4366/4366 4364/4364/4364
f 4462/4462/4462 4465/4465/4465 4464/4464/4464
f 4463/4463/4463 4464/4464/4464 4465/4465/4465
f 4366/4366/4366 4365/4365/4365 4364/4364/4364
f 4363/4363/4363 4364/4364/4364 4365/4365/4365
f 4462/4462/4462 4460/4460/4460 4465/4465/4465
f 3988/3988/3988 4054/4054/4054 3703/3703/3703
f 3988/3988/3988 3703/3703/3703 3575/3575/3575
f 3702/3702/3702 3701/3701/3701 3700/3700/3700
f 3701/3701/3701 4085/4085/4085 3574/3574/3574
f 4085/4085/4085 4182/4182/4182 3574/3574/3574
f 4132/4132/4132 4007/4007/4007 3931/3931/3931
f 4007/4007/4007 3734/3734/3734 3727/3727/3727
f 4007/4007/4007 3727/3727/3727 3931/3931/3931
f 3724/3724/3724 3721/3721/3721 3720/3720/3720
f 3736/3736/3736 3982/3982/3982 3737/3737/3737
f 3982/3982/3982 3980/3980/3980 3737/3737/3737
f 3980/3980/3980 4125/4125/4125 4198/4198/4198
f 2325/2325/2325 2330/2330/2330 2331/2331/2331
f 3702/3702/3702 3700/3700/3700 3703/3703/3703
f 3700/3700/3700 3701/3701/3701 3574/3574/3574
f 4125/4125/4125 4126/4126/4126 4198/4198/4198
f 4126/4126/4126 4200/4200/4200 4198/4198/4198
f 4200/4200/4200 4199/4199/4199 4198/4198/4198
f 4466/4466/4466 4463/4463/4463 4467/4467/4467
f 4421/4421/4421 4422/4422/4422 4423/4423/4423
f 4463/4463/4463 4465/4465/4465 4467/4467/4467
f 3987/3987/3987 3988/3988/3988 3575/3575/3575
f 3574/3574/3574 4182/4182/4182 3768/3768/3768
f 4132/4132/4132 3931/3931/3931 4131/4131/4131
f 3931/3931/3931 3727/3727/3727 3927/3927/3927
f 3727/3727/3727 3728/3728/3728 3927/3927/3927
f 3727/3727/3727 3723/3723/3723 3728/3728/3728
f 3723/3723/3723 3724/3724/3724 3720/3720/3720
f 3722/3722/3722 3681/3681/3681 3680/3680/3680
f 3681/3681/3681 3736/3736/3736 3679/3679/3679
f 3737/3737/3737 3980/3980/3980 3741/3741/3741
f 3980/3980/3980 4023/4023/4023 3741/3741/3741
f 4023/4023/4023 4198/4198/4198 4164/4164/4164
f 3575/3575/3575 3703/3703/3703 3700/3700/3700
f 4198/4198/4198 4199/4199/4199 4164/4164/4164
f 4164/4164/4164 4199/4199/4199 4197/4197/4197
f 4422/4422/4422 4421/4421/4421 4424/4424/4424
f 4006/4006/4006 3987/3987/3987 3577/3577/3577
f 3577/3577/3577 3987/3987/3987 3575/3575/3575
f 4131/4131/4131 3931/3931/3931 3929/3929/3929
f 3931/3931/3931 3927/3927/3927 3929/3929/3929
f 3728/3728/3728 3723/3723/3723 3715/3715/3715
f 3723/3723/3723 3720/3720/3720 3715/3715/3715
f 3721/3721/3721 3682/3682/3682 3720/3720/3720
f 3721/3721/3721 3722/3722/3722 3682/3682/3682
f 3722/3722/3722 3680/3680/3680 3682/3682/3682
f 3680/3680/3680 3681/3681/3681 3679/3679/3679
f 3736/3736/3736 3737/3737/3737 3679/3679/3679
f 4164/4164/4164 4197/4197/4197 4196/4196/4196
f 4197/4197/4197 4195/4195/4195 4196/4196/4196
f 4165/4165/4165 4006/4006/4006 3657/3657/3657
f 3657/3657/3657 4006/4006/4006 3577/3577/3577
f 3575/3575/3575 3574/3574/3574 3573/3573/3573
f 3768/3768/3768 4207/4207/4207 3990/3990/3990
f 4131/4131/4131 3929/3929/3929 4041/4041/4041
f 3715/3715/3715 3720/3720/3720 3714/3714/3714
f 3720/3720/3720 3682/3682/3682 3714/3714/3714
f 3679/3679/3679 3737/3737/3737 3709/3709/3709
f 3737/3737/3737 3741/3741/3741 3709/3709/3709
f 3741/3741/3741 4023/4023/4023 3740/3740/3740
f 4023/4023/4023 4024/4024/4024 3740/3740/3740
f 4196/4196/4196 4195/4195/4195 4084/4084/4084
f 4195/4195/4195 4185/4185/4185 4084/4084/4084
f 2199/2199/2199 2200/2200/2200 2201/2201/2201
f 2202/2202/2202 2201/2201/2201 2200/2200/2200
f 4169/4169/4169 4165/4165/4165 3657/3657/3657
f 4169/4169/4169 3657/3657/3657 4168/4168/4168
f 3575/3575/3575 3573/3573/3573 3576/3576/3576
f 3573/3573/3573 3574/3574/3574 3571/3571/3571
f 3574/3574/3574 3768/3768/3768 3571/3571/3571
f 4041/4041/4041 3929/3929/3929 3949/3949/3949
f 3929/3929/3929 3930/3930/3930 3949/3949/3949
f 3929/3929/3929 3927/3927/3927 3928/3928/3928
f 3929/3929/3929 3928/3928/3928 3930/3930/3930
f 3927/3927/3927 3728/3728/3728 3928/3928/3928
f 3715/3715/3715 3714/3714/3714 3712/3712/3712
f 3714/3714/3714 3682/3682/3682 3712/3712/3712
f 3709/3709/3709 3741/3741/3741 3710/3710/3710
f 3741/3741/3741 3739/3739/3739 3710/3710/3710
f 3741/3741/3741 3740/3740/3740 3739/3739/3739
f 3740/3740/3740 4024/4024/4024 3897/3897/3897
f 4024/4024/4024 4196/4196/4196 4084/4084/4084
f 4024/4024/4024 4084/4084/4084 3897/3897/3897
f 4280/4280/4280 4188/4188/4188 4185/4185/4185
f 3577/3577/3577 3575/3575/3575 3576/3576/3576
f 2300/2300/2300 2305/2305/2305 2303/2303/2303
f 4288/4288/4288 4290/4290/4290 4289/4289/4289
f 4287/4287/4287 4288/4288/4288 4289/4289/4289
f 4363/4363/4363 4420/4420/4420 4375/4375/4375
f 4193/4193/4193 4168/4168/4168 3926/3926/3926
f 4168/4168/4168 3657/3657/3657 3926/3926/3926
f 3657/3657/3657 3577/3577/3577 3568/3568/3568
f 3928/3928/3928 3728/3728/3728 3789/3789/3789
f 3728/3728/3728 3715/3715/3715 3713/3713/3713
f 3728/3728/3728 3713/3713/3713 3789/3789/3789
f 3715/3715/3715 3712/3712/3712 3713/3713/3713
f 3680/3680/3680 3679/3679/3679 3678/3678/3678
f 3678/3678/3678 3679/3679/3679 3676/3676/3676
f 3679/3679/3679 3709/3709/3709 3710/3710/3710
f 3739/3739/3739 3740/3740/3740 3738/3738/3738
f 3740/3740/3740 3897/3897/3897 3738/3738/3738
f 4084/4084/4084 4185/4185/4185 4082/4082/4082
f 4084/4084/4084 4082/4082/4082 4083/4083/4083
f 4185/4185/4185 4188/4188/4188 4082/4082/4082
f 2028/2028/2028 1751/1751/1751 1848/1848/1848
f 2394/2394/2394 2396/2396/2396 2395/2395/2395
f 3926/3926/3926 3657/3657/3657 3658/3658/3658
f 3576/3576/3576 3573/3573/3573 3569/3569/3569
f 3930/3930/3930 3928/3928/3928 3932/3932/3932
f 3928/3928/3928 3789/3789/3789 3932/3932/3932
f 3713/3713/3713 3712/3712/3712 3669/3669/3669
f 3712/3712/3712 3682/3682/3682 3683/3683/3683
f 3682/3682/3682 3680/3680/3680 3678/3678/3678
f 3738/3738/3738 3897/3897/3897 3896/3896/3896
f 3897/3897/3897 4083/4083/4083 3896/3896/3896
f 4082/4082/4082 4188/4188/4188 4081/4081/4081
f 2385/2385/2385 2383/2383/2383 2382/2382/2382
f 2382/2382/2382 2383/2383/2383 2384/2384/2384
f 2385/2385/2385 2393/2393/2393 2383/2383/2383
f 2385/2385/2385 2394/2394/2394 2393/2393/2393
f 2394/2394/2394 2395/2395/2395 2393/2393/2393
f 3568/3568/3568 3576/3576/3576 3569/3569/3569
f 3571/3571/3571 3768/3768/3768 3769/3769/3769
f 3768/3768/3768 3990/3990/3990 3769/3769/3769
f 3712/3712/3712 3683/3683/3683 3669/3669/3669
f 3669/3669/3669 3683/3683/3683 3656/3656/3656
f 3896/3896/3896 4083/4083/4083 4079/4079/4079
f 4083/4083/4083 4082/4082/4082 4079/4079/4079
f 4082/4082/4082 4081/4081/4081 4079/4079/4079
f 2391/2391/2391 2384/2384/2384 2392/2392/2392
f 2384/2384/2384 2383/2383/2383 2392/2392/2392
f 3653/3653/3653 3658/3658/3658 3565/3565/3565
f 3658/3658/3658 3657/3657/3657 3565/3565/3565
f 3657/3657/3657 3568/3568/3568 3565/3565/3565
f 3569/3569/3569 3573/3573/3573 3571/3571/3571
f 3949/3949/3949 3930/3930/3930 3933/3933/3933
f 3930/3930/3930 3932/3932/3932 3933/3933/3933
f 3683/3683/3683 3682/3682/3682 3655/3655/3655
f 3682/3682/3682 3678/3678/3678 3655/3655/3655
f 3679/3679/3679 3710/3710/3710 3676/3676/3676
f 3676/3676/3676 3710/3710/3710 3677/3677/3677
f 3710/3710/3710 3708/3708/3708 3677/3677/3677
f 3710/3710/3710 3739/3739/3739 3708/3708/3708
f 3739/3739/3739 3738/3738/3738 3708/3708/3708
f 3708/3708/3708 3738/3738/3738 3711/3711/3711
f 3738/3738/3738 3896/3896/3896 3711/3711/3711
f 3896/3896/3896 4079/4079/4079 4044/4044/4044
f 4079/4079/4079 4080/4080/4080 4044/4044/4044
f 4079/4079/4079 4081/4081/4081 4080/4080/4080
f 1573/1573/1573 1962/1962/1962 2102/2102/2102
f 2308/2308/2308 2299/2299/2299 2324/2324/2324
f 2391/2391/2391 2392/2392/2392 2389/2389/2389
f 2391/2391/2391 2389/2389/2389 2390/2390/2390
f 2392/2392/2392 2383/2383/2383 2389/2389/2389
f 2389/2389/2389 2383/2383/2383 2393/2393/2393
f 3653/3653/3653 3565/3565/3565 3566/3566/3566
f 3568/3568/3568 3569/3569/3569 3567/3567/3567
f 3932/3932/3932 3789/3789/3789 3788/3788/3788
f 3789/3789/3789 3713/3713/3713 3788/3788/3788
f 3683/3683/3683 3655/3655/3655 3656/3656/3656
f 3655/3655/3655 3678/3678/3678 3616/3616/3616
f 3678/3678/3678 3676/3676/3676 3616/3616/3616
f 4044/4044/4044 4046/4046/4046 4045/4045/4045
f 2390/2390/2390 2389/2389/2389 2387/2387/2387
f 3654/3654/3654 3653/3653/3653 3566/3566/3566
f 3565/3565/3565 3568/3568/3568 3567/3567/3567
f 3788/3788/3788 3713/3713/3713 3670/3670/3670
f 3713/3713/3713 3669/3669/3669 3670/3670/3670
f 3616/3616/3616 3676/3676/3676 3455/3455/3455
f 3455/3455/3455 3676/3676/3676 3677/3677/3677
f 3711/3711/3711 3896/3896/3896 3895/3895/3895
f 3896/3896/3896 4044/4044/4044 3895/3895/3895
f 4044/4044/4044 4045/4045/4045 3895/3895/3895
f 4045/4045/4045 4046/4046/4046 4047/4047/4047
f 4046/4046/4046 4216/4216/4216 4047/4047/4047
f 4047/4047/4047 4216/4216/4216 3989/3989/3989
f 20/20/20 16/16/16 19/19/19
f 16/16/16 15/15/15 19/19/19
f 16/16/16 14/14/14 15/15/15
f 15/15/15 14/14/14 11/11/11
f 14/14/14 10/10/10 11/11/11
f 11/11/11 10/10/10 4/4/4
f 10/10/10 9/9/9 4/4/4
f 9/9/9 1/1/1 4/4/4
f 4/4/4 1/1/1 3/3/3
f 1/1/1 2/2/2 3/3/3
f 2/2/2 5/5/5 3/3/3
f 5/5/5 2/2/2 6/6/6
f 2/2/2 7/7/7 6/6/6
f 7/7/7 8/8/8 6/6/6
f 8/8/8 12/12/12 6/6/6
f 8/8/8 13/13/13 12/12/12
f 13/13/13 17/17/17 12/12/12
f 13/13/13 18/18/18 17/17/17
f 2198/2198/2198 2192/2192/2192 2194/2194/2194
f 2192/2192/2192 2193/2193/2193 2194/2194/2194
f 20/20/20 19/19/19 21/21/21
f 3797/3797/3797 4156/4156/4156 3588/3588/3588
f 2192/2192/2192 2195/2195/2195 2193/2193/2193
f 2386/2386/2386 2387/2387/2387 2388/2388/2388
f 2387/2387/2387 2389/2389/2389 2388/2388/2388
f 3654/3654/3654 3566/3566/3566 3563/3563/3563
f 4041/4041/4041 3949/3949/3949 3948/3948/3948
f 3949/3949/3949 3933/3933/3933 3948/3948/3948
f 3669/3669/3669 3656/3656/3656 3670/3670/3670
f 3895/3895/3895 4045/4045/4045 3863/3863/3863
f 4045/4045/4045 4047/4047/4047 3863/3863/3863
f 3863/3863/3863 4047/4047/4047 3730/3730/3730
f 4047/4047/4047 3989/3989/3989 3730/3730/3730
f 4375/4375/4375 4420/4420/4420 4376/4376/4376
f 4156/4156/4156 3591/3591/3591 3588/3588/3588
f 3591/3591/3591 4156/4156/4156 3589/3589/3589
f 4156/4156/4156 4155/4155/4155 3589/3589/3589
f 4155/4155/4155 4154/4154/4154 3589/3589/3589
f 3589/3589/3589 4154/4154/4154 3590/3590/3590
f 4154/4154/4154 3636/3636/3636 3590/3590/3590
f 4154/4154/4154 4161/4161/4161 3636/3636/3636
f 4161/4161/4161 3637/3637/3637 3636/3636/3636
f 4161/4161/4161 4160/4160/4160 3637/3637/3637
f 4160/4160/4160 3638/3638/3638 3637/3637/3637
f 4160/4160/4160 3560/3560/3560 3638/3638/3638
f 4160/4160/4160 4139/4139/4139 3560/3560/3560
f 2197/2197/2197 2194/2194/2194 2196/2196/2196
f 4139/4139/4139 3562/3562/3562 3560/3560/3560
f 2194/2194/2194 2193/2193/2193 2196/2196/2196
f 2196/2196/2196 2193/2193/2193 2195/2195/2195
f 3566/3566/3566 3565/3565/3565 3564/3564/3564
f 3565/3565/3565 3567/3567/3567 3535/3535/3535
f 4041/4041/4041 3948/3948/3948 4142/4142/4142
f 3670/3670/3670 3656/3656/3656 3617/3617/3617
f 3656/3656/3656 3655/3655/3655 3617/3617/3617
f 3677/3677/3677 3708/3708/3708 3665/3665/3665
f 3677/3677/3677 3665/3665/3665 3455/3455/3455
f 3895/3895/3895 3863/3863/3863 3711/3711/3711
f 3989/3989/3989 3798/3798/3798 3587/3587/3587
f 3989/3989/3989 3587/3587/3587 3730/3730/3730
f 3798/3798/3798 3797/3797/3797 3587/3587/3587
f 3797/3797/3797 3588/3588/3588 3587/3587/3587
f 3587/3587/3587 3588/3588/3588 3586/3586/3586
f 3588/3588/3588 3591/3591/3591 3586/3586/3586
f 3591/3591/3591 3589/3589/3589 3586/3586/3586
f 3637/3637/3637 3638/3638/3638 3582/3582/3582
f 3638/3638/3638 3560/3560/3560 3559/3559/3559
f 3560/3560/3560 3562/3562/3562 3561/3561/3561
f 3565/3565/3565 3535/3535/3535 3564/3564/3564
f 3569/3569/3569 3571/3571/3571 3570/3570/3570
f 3617/3617/3617 3655/3655/3655 3616/3616/3616
f 3711/3711/3711 3863/3863/3863 3729/3729/3729
f 3863/3863/3863 3730/3730/3730 3729/3729/3729
f 3586/3586/3586 3589/3589/3589 3584/3584/3584
f 3589/3589/3589 3590/3590/3590 3584/3584/3584
f 3590/3590/3590 3496/3496/3496 3584/3584/3584
f 3590/3590/3590 3636/3636/3636 3583/3583/3583
f 3590/3590/3590 3583/3583/3583 3496/3496/3496
f 3636/3636/3636 3637/3637/3637 3583/3583/3583
f 3637/3637/3637 3582/3582/3582 3583/3583/3583
f 3582/3582/3582 3638/3638/3638 3559/3559/3559
f 3559/3559/3559 3560/3560/3560 3556/3556/3556
f 3560/3560/3560 3561/3561/3561 3540/3540/3540
f 3562/3562/3562 3563/3563/3563 3561/3561/3561
f 3769/3769/3769 3990/3990/3990 4033/4033/4033
f 3948/3948/3948 3933/3933/3933 3934/3934/3934
f 3933/3933/3933 3932/3932/3932 3934/3934/3934
f 3788/3788/3788 3670/3670/3670 3673/3673/3673
f 3670/3670/3670 3617/3617/3617 3671/3671/3671
f 3617/3617/3617 3616/3616/3616 3618/3618/3618
f 3616/3616/3616 3456/3456/3456 3618/3618/3618
f 3616/3616/3616 3455/3455/3455 3456/3456/3456
f 3455/3455/3455 3454/3454/3454 3453/3453/3453
f 3455/3455/3455 3665/3665/3665 3454/3454/3454
f 3708/3708/3708 3711/3711/3711 3665/3665/3665
f 3711/3711/3711 3729/3729/3729 3665/3665/3665
f 3729/3729/3729 3730/3730/3730 3459/3459/3459
f 3730/3730/3730 3587/3587/3587 3459/3459/3459
f 3563/3563/3563 3566/3566/3566 3564/3564/3564
f 3567/3567/3567 3569/3569/3569 3570/3570/3570
f 3586/3586/3586 3584/3584/3584 3585/3585/3585
f 3585/3585/3585 3584/3584/3584 3495/3495/3495
f 3535/3535/3535 3567/3567/3567 3534/3534/3534
f 3571/3571/3571 3769/3769/3769 3572/3572/3572
f 3769/3769/3769 4033/4033/4033 3572/3572/3572
f 3673/3673/3673 3670/3670/3670 3671/3671/3671
f 3665/3665/3665 3459/3459/3459 3454/3454/3454
f 3665/3665/3665 3729/3729/3729 3459/3459/3459
f 3459/3459/3459 3587/3587/3587 3460/3460/3460
f 3587/3587/3587 3586/3586/3586 3460/3460/3460
f 3563/3563/3563 3564/3564/3564 3539/3539/3539
f 3534/3534/3534 3567/3567/3567 3570/3570/3570
f 3586/3586/3586 3585/3585/3585 3460/3460/3460
f 3495/3495/3495 3584/3584/3584 3496/3496/3496
f 3583/3583/3583 3498/3498/3498 3496/3496/3496
f 3583/3583/3583 3582/3582/3582 3581/3581/3581
f 3582/3582/3582 3559/3559/3559 3558/3558/3558
f 3559/3559/3559 3556/3556/3556 3558/3558/3558
f 3556/3556/3556 3560/3560/3560 3555/3555/3555
f 3555/3555/3555 3560/3560/3560 3542/3542/3542
f 3560/3560/3560 3540/3540/3540 3542/3542/3542
f 3540/3540/3540 3561/3561/3561 3539/3539/3539
f 3561/3561/3561 3563/3563/3563 3539/3539/3539
f 3570/3570/3570 3571/3571/3571 3572/3572/3572
f 3934/3934/3934 3932/3932/3932 3935/3935/3935
f 3932/3932/3932 3788/3788/3788 3935/3935/3935
f 3671/3671/3671 3617/3617/3617 3618/3618/3618
f 3455/3455/3455 3453/3453/3453 3456/3456/3456
f 3454/3454/3454 3459/3459/3459 3458/3458/3458
f 3581/3581/3581 3582/3582/3582 3558/3558/3558
f 3458/3458/3458 3459/3459/3459 3460/3460/3460
f 4372/4372/4372 4376/4376/4376 4419/4419/4419
f 3462/3462/3462 3585/3585/3585 3494/3494/3494
f 3585/3585/3585 3495/3495/3495 3494/3494/3494
f 3498/3498/3498 3583/3583/3583 3580/3580/3580
f 3583/3583/3583 3581/3581/3581 3580/3580/3580
f 3558/3558/3558 3556/3556/3556 3557/3557/3557
f 3539/3539/3539 3564/3564/3564 3537/3537/3537
f 3564/3564/3564 3535/3535/3535 3537/3537/3537
f 3570/3570/3570 3572/3572/3572 3532/3532/3532
f 4142/4142/4142 3948/3948/3948 3940/3940/3940
f 4142/4142/4142 3940/3940/3940 4106/4106/4106
f 3948/3948/3948 3934/3934/3934 3940/3940/3940
f 3618/3618/3618 3456/3456/3456 3615/3615/3615
f 3454/3454/3454 3452/3452/3452 3453/3453/3453
f 3454/3454/3454 3458/3458/3458 3452/3452/3452
f 3460/3460/3460 3462/3462/3462 3461/3461/3461
f 3460/3460/3460 3585/3585/3585 3462/3462/3462
f 3581/3581/3581 3558/3558/3558 3580/3580/3580
f 3540/3540/3540 3539/3539/3539 3538/3538/3538
f 3570/3570/3570 3532/3532/3532 3534/3534/3534
f 3935/3935/3935 3788/3788/3788 3786/3786/3786
f 3788/3788/3788 3673/3673/3673 3786/3786/3786
f 3542/3542/3542 3540/3540/3540 3541/3541/3541
f 3535/3535/3535 3534/3534/3534 3533/3533/3533
f 3532/3532/3532 3572/3572/3572 3531/3531/3531
f 3786/3786/3786 3673/3673/3673 3672/3672/3672
f 3673/3673/3673 3671/3671/3671 3672/3672/3672
f 3456/3456/3456 3453/3453/3453 3451/3451/3451
f 3458/3458/3458 3460/3460/3460 3461/3461/3461
f 3462/3462/3462 3494/3494/3494 3464/3464/3464
f 3496/3496/3496 3498/3498/3498 3497/3497/3497
f 3540/3540/3540 3538/3538/3538 3541/3541/3541
f 3572/3572/3572 4033/4033/4033 4034/4034/4034
f 3940/3940/3940 3934/3934/3934 3939/3939/3939
f 3934/3934/3934 3935/3935/3935 3939/3939/3939
f 3615/3615/3615 3456/3456/3456 3451/3451/3451
f 3451/3451/3451 3453/3453/3453 3452/3452/3452
f 3495/3495/3495 3496/3496/3496 3492/3492/3492
f 3580/3580/3580 3558/3558/3558 3557/3557/3557
f 3557/3557/3557 3556/3556/3556 3554/3554/3554
f 3556/3556/3556 3555/3555/3555 3554/3554/3554
f 3572/3572/3572 4034/4034/4034 4035/4035/4035
f 3452/3452/3452 3458/3458/3458 3450/3450/3450
f 3496/3496/3496 3497/3497/3497 3492/3492/3492
f 3531/3531/3531 3572/3572/3572 3652/3652/3652
f 3671/3671/3671 3618/3618/3618 3672/3672/3672
f 3451/3451/3451 3452/3452/3452 3450/3450/3450
f 3451/3451/3451 3450/3450/3450 3449/3449/3449
f 3535/3535/3535 3533/3533/3533 3536/3536/3536
f 3461/3461/3461 3462/3462/3462 3463/3463/3463
f 3463/3463/3463 3462/3462/3462 3464/3464/3464
f 3494/3494/3494 3495/3495/3495 3492/3492/3492
f 3555/3555/3555 3542/3542/3542 3543/3543/3543
f 3534/3534/3534 3532/3532/3532 3533/3533/3533
f 3619/3619/3619 3615/3615/3615 3451/3451/3451
f 3537/3537/3537 3535/3535/3535 3536/3536/3536
f 3464/3464/3464 3494/3494/3494 3493/3493/3493
f 3497/3497/3497 3498/3498/3498 3499/3499/3499
f 3498/3498/3498 3580/3580/3580 3499/3499/3499
f 3580/3580/3580 3557/3557/3557 3499/3499/3499
f 3557/3557/3557 3554/3554/3554 3553/3553/3553
f 3618/3618/3618 3619/3619/3619 3672/3672/3672
f 3618/3618/3618 3615/3615/3615 3619/3619/3619
f 3458/3458/3458 3461/3461/3461 3457/3457/3457
f 3461/3461/3461 3463/3463/3463 3444/3444/3444
f 3494/3494/3494 3492/3492/3492 3493/3493/3493
f 3543/3543/3543 3542/3542/3542 3541/3541/3541
f 3539/3539/3539 3537/3537/3537 3538/3538/3538
f 3939/3939/3939 3935/3935/3935 3936/3936/3936
f 3935/3935/3935 3786/3786/3786 3936/3936/3936
f 3463/3463/3463 3464/3464/3464 3465/3465/3465
f 3936/3936/3936 3786/3786/3786 3787/3787/3787
f 3786/3786/3786 3672/3672/3672 3787/3787/3787
f 3450/3450/3450 3458/3458/3458 3457/3457/3457
f 4372/4372/4372 4419/4419/4419 4368/4368/4368
f 3461/3461/3461 3444/3444/3444 3457/3457/3457
f 3464/3464/3464 3493/3493/3493 3469/3469/3469
f 3499/3499/3499 3557/3557/3557 3553/3553/3553
f 3533/3533/3533 3532/3532/3532 3528/3528/3528
f 3532/3532/3532 3531/3531/3531 3528/3528/3528
f 3787/3787/3787 3672/3672/3672 3675/3675/3675
f 3672/3672/3672 3674/3674/3674 3675/3675/3675
f 3449/3449/3449 3450/3450/3450 3448/3448/3448
f 4106/4106/4106 3940/3940/3940 3941/3941/3941
f 3940/3940/3940 3939/3939/3939 3941/3941/3941
f 3672/3672/3672 3619/3619/3619 3674/3674/3674
f 3619/3619/3619 3451/3451/3451 3614/3614/3614
f 3451/3451/3451 3449/3449/3449 3614/3614/3614
f 3463/3463/3463 3465/3465/3465 3466/3466/3466
f 3465/3465/3465 3464/3464/3464 3469/3469/3469
f 3541/3541/3541 3538/3538/3538 3551/3551/3551
f 3941/3941/3941 3939/3939/3939 3938/3938/3938
f 3939/3939/3939 3936/3936/3936 3938/3938/3938
f 3448/3448/3448 3450/3450/3450 3457/3457/3457
f 3543/3543/3543 3541/3541/3541 3544/3544/3544
f 3499/3499/3499 3500/3500/3500 3497/3497/3497
f 3554/3554/3554 3555/3555/3555 3546/3546/3546
f 3555/3555/3555 3543/3543/3543 3546/3546/3546
f 3541/3541/3541 3551/3551/3551 3544/3544/3544
f 3538/3538/3538 3523/3523/3523 3522/3522/3522
f 3538/3538/3538 3537/3537/3537 3523/3523/3523
f 3528/3528/3528 3531/3531/3531 3529/3529/3529
f 3457/3457/3457 3444/3444/3444 3445/3445/3445
f 3443/3443/3443 3463/3463/3463 3466/3466/3466
f 3492/3492/3492 3497/3497/3497 3490/3490/3490
f 3490/3490/3490 3497/3497/3497 3501/3501/3501
f 3500/3500/3500 3499/3499/3499 3504/3504/3504
f 3579/3579/3579 3499/3499/3499 3553/3553/3553
f 3533/3533/3533 3528/3528/3528 3523/3523/3523
f 3448/3448/3448 3457/3457/3457 3446/3446/3446
f 3493/3493/3493 3492/3492/3492 3470/3470/3470
f 3492/3492/3492 3490/3490/3490 3470/3470/3470
f 3497/3497/3497 3500/3500/3500 3501/3501/3501
f 3499/3499/3499 3579/3579/3579 3504/3504/3504
f 3579/3579/3579 3553/3553/3553 3552/3552/3552
f 3553/3553/3553 3554/3554/3554 3546/3546/3546
f 3537/3537/3537 3536/3536/3536 3523/3523/3523
f 3536/3536/3536 3533/3533/3533 3523/3523/3523
f 3938/3938/3938 3936/3936/3936 3937/3937/3937
f 3936/3936/3936 3787/3787/3787 3937/3937/3937
f 3674/3674/3674 3619/3619/3619 3666/3666/3666
f 3444/3444/3444 3463/3463/3463 3443/3443/3443
f 3553/3553/3553 3546/3546/3546 3552/3552/3552
f 3551/3551/3551 3538/3538/3538 3522/3522/3522
f 3675/3675/3675 3674/3674/3674 3666/3666/3666
f 3614/3614/3614 3449/3449/3449 3447/3447/3447
f 3449/3449/3449 3448/3448/3448 3447/3447/3447
f 3546/3546/3546 3543/3543/3543 3545/3545/3545
f 3529/3529/3529 3531/3531/3531 3530/3530/3530
f 3531/3531/3531 3652/3652/3652 3530/3530/3530
f 3465/3465/3465 3468/3468/3468 3466/3466/3466
f 3465/3465/3465 3469/3469/3469 3468/3468/3468
f 3490/3490/3490 3501/3501/3501 3491/3491/3491
f 3787/3787/3787 3675/3675/3675 3668/3668/3668
f 3675/3675/3675 3666/3666/3666 3668/3668/3668
f 3666/3666/3666 3619/3619/3619 3620/3620/3620
f 3544/3544/3544 3551/3551/3551 3549/3549/3549
f 3457/3457/3457 3445/3445/3445 3446/3446/3446
f 3500/3500/3500 3504/3504/3504 3502/3502/3502
f 3579/3579/3579 3505/3505/3505 3504/3504/3504
f 3579/3579/3579 3552/3552/3552 3505/3505/3505
f 3552/3552/3552 3578/3578/3578 3505/3505/3505
f 3551/3551/3551 3522/3522/3522 3550/3550/3550
f 3941/3941/3941 3938/3938/3938 3942/3942/3942
f 3937/3937/3937 3787/3787/3787 3833/3833/3833
f 3787/3787/3787 3668/3668/3668 3833/3833/3833
f 3543/3543/3543 3544/3544/3544 3545/3545/3545
f 3545/3545/3545 3544/3544/3544 3549/3549/3549
f 4367/4367/4367 4368/4368/4368 4369/4369/4369
f 3445/3445/3445 3444/3444/3444 3310/3310/3310
f 3444/3444/3444 3443/3443/3443 3310/3310/3310
f 3443/3443/3443 3466/3466/3466 3467/3467/3467
f 3501/3501/3501 3500/3500/3500 3491/3491/3491
f 3549/3549/3549 3551/3551/3551 3550/3550/3550
f 3522/3522/3522 3523/3523/3523 3521/3521/3521
f 3941/3941/3941 3942/3942/3942 3946/3946/3946
f 3619/3619/3619 3614/3614/3614 3620/3620/3620
f 3491/3491/3491 3500/3500/3500 3502/3502/3502
f 3552/3552/3552 3546/3546/3546 3547/3547/3547
f 3942/3942/3942 3938/3938/3938 3943/3943/3943
f 3938/3938/3938 3937/3937/3937 3943/3943/3943
f 3614/3614/3614 3447/3447/3447 3620/3620/3620
f 3652/3652/3652 3698/3698/3698 3530/3530/3530
f 4382/4382/4382 4370/4370/4370 4371/4371/4371
f 3466/3466/3466 3468/3468/3468 3467/3467/3467
f 3469/3469/3469 3493/3493/3493 3470/3470/3470
f 3578/3578/3578 3552/3552/3552 3547/3547/3547
f 3547/3547/3547 3546/3546/3546 3545/3545/3545
f 3521/3521/3521 3523/3523/3523 3524/3524/3524
f 3523/3523/3523 3528/3528/3528 3525/3525/3525
f 3448/3448/3448 3446/3446/3446 3447/3447/3447
f 3524/3524/3524 3523/3523/3523 3525/3525/3525
f 3528/3528/3528 3527/3527/3527 3525/3525/3525
f 3528/3528/3528 3529/3529/3529 3527/3527/3527
f 3527/3527/3527 3529/3529/3529 3530/3530/3530
f 3468/3468/3468 3469/3469/3469 3440/3440/3440
f 3620/3620/3620 3447/3447/3447 3613/3613/3613
f 3443/3443/3443 3467/3467/3467 3441/3441/3441
f 3468/3468/3468 3440/3440/3440 3467/3467/3467
f 3469/3469/3469 3470/3470/3470 3440/3440/3440
f 3490/3490/3490 3491/3491/3491 3472/3472/3472
f 3504/3504/3504 3505/3505/3505 3489/3489/3489
f 3505/3505/3505 3578/3578/3578 3547/3547/3547
f 3942/3942/3942 3943/3943/3943 3944/3944/3944
f 3943/3943/3943 3937/3937/3937 3944/3944/3944
f 3545/3545/3545 3549/3549/3549 3548/3548/3548
f 3549/3549/3549 3550/3550/3550 3548/3548/3548
f 3521/3521/3521 3524/3524/3524 3519/3519/3519
f 3524/3524/3524 3525/3525/3525 3526/3526/3526
f 3527/3527/3527 3530/3530/3530 3659/3659/3659
f 4367/4367/4367 4369/4369/4369 4373/4373/4373
f 3446/3446/3446 3445/3445/3445 3310/3310/3310
f 3310/3310/3310 3443/3443/3443 3442/3442/3442
f 3443/3443/3443 3441/3441/3441 3442/3442/3442
f 3470/3470/3470 3490/3490/3490 3472/3472/3472
f 3491/3491/3491 3502/3502/3502 3503/3503/3503
f 3502/3502/3502 3504/3504/3504 3503/3503/3503
f 3937/3937/3937 3833/3833/3833 3944/3944/3944
f 3833/3833/3833 3668/3668/3668 3667/3667/3667
f 3668/3668/3668 3666/3666/3666 3667/3667/3667
f 3620/3620/3620 3613/3613/3613 3603/3603/3603
f 3522/3522/3522 3521/3521/3521 3512/3512/3512
f 3521/3521/3521 3519/3519/3519 3512/3512/3512
f 3519/3519/3519 3524/3524/3524 3526/3526/3526
f 3525/3525/3525 3527/3527/3527 3526/3526/3526
f 3447/3447/3447 3446/3446/3446 3310/3310/3310
f 3545/3545/3545 3548/3548/3548 3547/3547/3547
f 3620/3620/3620 3603/3603/3603 3621/3621/3621
f 3550/3550/3550 3511/3511/3511 3548/3548/3548
f 3548/3548/3548 3511/3511/3511 3509/3509/3509
f 3550/3550/3550 3522/3522/3522 3511/3511/3511
f 3522/3522/3522 3512/3512/3512 3511/3511/3511
f 3659/3659/3659 3530/3530/3530 3660/3660/3660
f 3660/3660/3660 3530/3530/3530 3698/3698/3698
f 3613/3613/3613 3447/3447/3447 3310/3310/3310
f 3310/3310/3310 3442/3442/3442 3311/3311/3311
f 3467/3467/3467 3440/3440/3440 3441/3441/3441
f 3440/3440/3440 3470/3470/3470 3471/3471/3471
f 3471/3471/3471 3470/3470/3470 3472/3472/3472
f 3491/3491/3491 3503/3503/3503 3474/3474/3474
f 3505/3505/3505 3547/3547/3547 3506/3506/3506
f 3547/3547/3547 3548/3548/3548 3507/3507/3507
f 3946/3946/3946 3942/3942/3942 3945/3945/3945
f 3942/3942/3942 3944/3944/3944 3945/3945/3945
f 3944/3944/3944 3833/3833/3833 3793/3793/3793
f 3833/3833/3833 3667/3667/3667 3793/3793/3793
f 3620/3620/3620 3621/3621/3621 3666/3666/3666
f 3526/3526/3526 3663/3663/3663 3519/3519/3519
f 3526/3526/3526 3662/3662/3662 3663/3663/3663
f 3526/3526/3526 3527/3527/3527 3662/3662/3662
f 3662/3662/3662 3527/3527/3527 3661/3661/3661
f 3527/3527/3527 3659/3659/3659 3661/3661/3661
f 3659/3659/3659 3664/3664/3664 3661/3661/3661
f 3664/3664/3664 3659/3659/3659 3660/3660/3660
f 3660/3660/3660 3698/3698/3698 3699/3699/3699
f 3603/3603/3603 3613/3613/3613 3310/3310/3310
f 3472/3472/3472 3491/3491/3491 3474/3474/3474
f 3547/3547/3547 3507/3507/3507 3506/3506/3506
f 3509/3509/3509 3511/3511/3511 3510/3510/3510
f 3511/3511/3511 3512/3512/3512 3510/3510/3510
f 3663/3663/3663 3871/3871/3871 3520/3520/3520
f 3663/3663/3663 3662/3662/3662 3871/3871/3871
f 3662/3662/3662 3661/3661/3661 3871/3871/3871
f 3661/3661/3661 3872/3872/3872 3871/3871/3871
f 3872/3872/3872 3661/3661/3661 3873/3873/3873
f 3661/3661/3661 3664/3664/3664 3873/3873/3873
f 3519/3519/3519 3663/3663/3663 3520/3520/3520
f 3873/3873/3873 3664/3664/3664 3875/3875/3875
f 3664/3664/3664 3660/3660/3660 3875/3875/3875
f 3660/3660/3660 3699/3699/3699 3877/3877/3877
f 3660/3660/3660 3877/3877/3877 3875/3875/3875
f 3442/3442/3442 3441/3441/3441 3438/3438/3438
f 3441/3441/3441 3440/3440/3440 3438/3438/3438
f 3440/3440/3440 3439/3439/3439 3438/3438/3438
f 3440/3440/3440 3471/3471/3471 3439/3439/3439
f 3471/3471/3471 3472/3472/3472 3439/3439/3439
f 3548/3548/3548 3509/3509/3509 3507/3507/3507
f 3510/3510/3510 3512/3512/3512 3513/3513/3513
f 3944/3944/3944 3793/3793/3793 3955/3955/3955
f 3512/3512/3512 3519/3519/3519 3513/3513/3513
f 3519/3519/3519 3516/3516/3516 3513/3513/3513
f 3519/3519/3519 3520/3520/3520 3516/3516/3516
f 3871/3871/3871 3870/3870/3870 3520/3520/3520
f 3871/3871/3871 3872/3872/3872 3870/3870/3870
f 3872/3872/3872 3873/3873/3873 3870/3870/3870
f 3873/3873/3873 3874/3874/3874 3870/3870/3870
f 3873/3873/3873 3875/3875/3875 3874/3874/3874
f 3874/3874/3874 3875/3875/3875 3876/3876/3876
f 3875/3875/3875 3877/3877/3877 3876/3876/3876
f 2009/2009/2009 1905/1905/1905 1882/1882/1882
f 1905/1905/1905 2009/2009/2009 1907/1907/1907
f 2009/2009/2009 2008/2008/2008 1907/1907/1907
f 2008/2008/2008 1909/1909/1909 1907/1907/1907
f 2008/2008/2008 2066/2066/2066 1909/1909/1909
f 2059/2059/2059 1914/1914/1914 1911/1911/1911
f 2059/2059/2059 2085/2085/2085 1914/1914/1914
f 1914/1914/1914 2085/2085/2085 1998/1998/1998
f 4382/4382/4382 4371/4371/4371 4381/4381/4381
f 3621/3621/3621 3612/3612/3612 3611/3611/3611
f 3621/3621/3621 3603/3603/3603 3612/3612/3612
f 3311/3311/3311 3442/3442/3442 3438/3438/3438
f 3503/3503/3503 3504/3504/3504 3478/3478/3478
f 3504/3504/3504 3489/3489/3489 3478/3478/3478
f 3505/3505/3505 3488/3488/3488 3489/3489/3489
f 3505/3505/3505 3506/3506/3506 3488/3488/3488
f 3506/3506/3506 3507/3507/3507 3488/3488/3488
f 3507/3507/3507 3509/3509/3509 3508/3508/3508
f 3508/3508/3508 3509/3509/3509 3510/3510/3510
f 3516/3516/3516 3517/3517/3517 3515/3515/3515
f 3517/3517/3517 3518/3518/3518 3515/3515/3515
f 3517/3517/3517 3693/3693/3693 3518/3518/3518
f 3518/3518/3518 3693/3693/3693 3691/3691/3691
f 3691/3691/3691 3693/3693/3693 3692/3692/3692
f 3693/3693/3693 3694/3694/3694 3692/3692/3692
f 3694/3694/3694 3695/3695/3695 3692/3692/3692
f 3692/3692/3692 3695/3695/3695 3732/3732/3732
f 3694/3694/3694 3697/3697/3697 3696/3696/3696
f 3694/3694/3694 3696/3696/3696 3695/3695/3695
f 3695/3695/3695 3696/3696/3696 3732/3732/3732
f 3732/3732/3732 3696/3696/3696 4150/4150/4150
f 3697/3697/3697 4186/4186/4186 3696/3696/3696
f 3696/3696/3696 4186/4186/4186 4187/4187/4187
f 3696/3696/3696 4187/4187/4187 4150/4150/4150
f 3667/3667/3667 3666/3666/3666 3622/3622/3622
f 3666/3666/3666 3621/3621/3621 3622/3622/3622
f 2059/2059/2059 1911/1911/1911 1913/1913/1913
f 3622/3622/3622 3621/3621/3621 3611/3611/3611
f 3474/3474/3474 3503/3503/3503 3478/3478/3478
f 3488/3488/3488 3507/3507/3507 3485/3485/3485
f 3507/3507/3507 3508/3508/3508 3485/3485/3485
f 3508/3508/3508 3510/3510/3510 3596/3596/3596
f 3510/3510/3510 3513/3513/3513 3514/3514/3514
f 3515/3515/3515 3518/3518/3518 3404/3404/3404
f 3404/3404/3404 3518/3518/3518 3405/3405/3405
f 3518/3518/3518 3691/3691/3691 3405/3405/3405
f 3691/3691/3691 3692/3692/3692 3405/3405/3405
f 3405/3405/3405 3692/3692/3692 3684/3684/3684
f 3513/3513/3513 3516/3516/3516 3515/3515/3515
f 3684/3684/3684 3692/3692/3692 3731/3731/3731
f 3692/3692/3692 3732/3732/3732 3731/3731/3731
f 3732/3732/3732 4150/4150/4150 4031/4031/4031
f 4150/4150/4150 4058/4058/4058 4031/4031/4031
f 3510/3510/3510 3514/3514/3514 3596/3596/3596
f 3955/3955/3955 3793/3793/3793 3791/3791/3791
f 3793/3793/3793 3667/3667/3667 3791/3791/3791
f 3514/3514/3514 3513/3513/3513 3398/3398/3398
f 3513/3513/3513 3515/3515/3515 3398/3398/3398
f 3515/3515/3515 3404/3404/3404 3403/3403/3403
f 3731/3731/3731 3732/3732/3732 3406/3406/3406
f 3406/3406/3406 3732/3732/3732 3766/3766/3766
f 3732/3732/3732 4031/4031/4031 3766/3766/3766
f 3766/3766/3766 4031/4031/4031 3767/3767/3767
f 4031/4031/4031 4058/4058/4058 3767/3767/3767
f 4382/4382/4382 4381/4381/4381 4383/4383/4383
f 3612/3612/3612 3603/3603/3603 3308/3308/3308
f 3603/3603/3603 3310/3310/3310 3308/3308/3308
f 3308/3308/3308 3310/3310/3310 3309/3309/3309
f 3311/3311/3311 3438/3438/3438 3434/3434/3434
f 3438/3438/3438 3439/3439/3439 3434/3434/3434
f 3439/3439/3439 3472/3472/3472 3473/3473/3473
f 3472/3472/3472 3474/3474/3474 3473/3473/3473
f 3487/3487/3487 3488/3488/3488 3485/3485/3485
f 3596/3596/3596 3514/3514/3514 3407/3407/3407
f 3403/3403/3403 3404/3404/3404 3399/3399/3399
f 3404/3404/3404 3401/3401/3401 3399/3399/3399
f 3404/3404/3404 3405/3405/3405 3401/3401/3401
f 3508/3508/3508 3486/3486/3486 3485/3485/3485
f 3515/3515/3515 3403/3403/3403 3398/3398/3398
f 3684/3684/3684 3731/3731/3731 3406/3406/3406
f 3310/3310/3310 3311/3311/3311 3309/3309/3309
f 3474/3474/3474 3478/3478/3478 3475/3475/3475
f 3478/3478/3478 3489/3489/3489 3479/3479/3479
f 3944/3944/3944 3955/3955/3955 3945/3945/3945
f 3791/3791/3791 3667/3667/3667 3690/3690/3690
f 3667/3667/3667 3622/3622/3622 3690/3690/3690
f 3486/3486/3486 3508/3508/3508 3596/3596/3596
f 3514/3514/3514 3398/3398/3398 3407/3407/3407
f 3405/3405/3405 3402/3402/3402 3401/3401/3401
f 3405/3405/3405 3406/3406/3406 3402/3402/3402
f 3405/3405/3405 3684/3684/3684 3406/3406/3406
f 3406/3406/3406 3766/3766/3766 3602/3602/3602
f 3766/3766/3766 3767/3767/3767 3760/3760/3760
f 3766/3766/3766 3760/3760/3760 3602/3602/3602
f 3767/3767/3767 4058/4058/4058 3760/3760/3760
f 3612/3612/3612 3308/3308/3308 3611/3611/3611
f 3439/3439/3439 3473/3473/3473 3433/3433/3433
f 3478/3478/3478 3476/3476/3476 3475/3475/3475
f 3478/3478/3478 3479/3479/3479 3476/3476/3476
f 3489/3489/3489 3488/3488/3488 3479/3479/3479
f 3690/3690/3690 3622/3622/3622 3623/3623/3623
f 3486/3486/3486 3596/3596/3596 3407/3407/3407
f 3403/3403/3403 3399/3399/3399 3398/3398/3398
f 3406/3406/3406 3598/3598/3598 3402/3402/3402
f 3406/3406/3406 3602/3602/3602 3598/3598/3598
f 3622/3622/3622 3611/3611/3611 3623/3623/3623
f 3434/3434/3434 3439/3439/3439 3433/3433/3433
f 3473/3473/3473 3474/3474/3474 3426/3426/3426
f 3474/3474/3474 3475/3475/3475 3426/3426/3426
f 3488/3488/3488 3487/3487/3487 3479/3479/3479
f 3484/3484/3484 3486/3486/3486 3408/3408/3408
f 3486/3486/3486 3407/3407/3407 3408/3408/3408
f 3407/3407/3407 3398/3398/3398 3396/3396/3396
f 3602/3602/3602 3760/3760/3760 3757/3757/3757
f 47/47/47 46/46/46 45/45/45
f 3311/3311/3311 3434/3434/3434 3437/3437/3437
f 3433/3433/3433 3432/3432/3432 3431/3431/3431
f 3433/3433/3433 3473/3473/3473 3430/3430/3430
f 3433/3433/3433 3430/3430/3430 3432/3432/3432
f 3482/3482/3482 3485/3485/3485 3484/3484/3484
f 3485/3485/3485 3486/3486/3486 3484/3484/3484
f 3398/3398/3398 3399/3399/3399 3390/3390/3390
f 3401/3401/3401 3402/3402/3402 3389/3389/3389
f 3307/3307/3307 3611/3611/3611 3308/3308/3308
f 3309/3309/3309 3311/3311/3311 3312/3312/3312
f 3435/3435/3435 3434/3434/3434 3431/3431/3431
f 3434/3434/3434 3433/3433/3433 3431/3431/3431
f 3473/3473/3473 3426/3426/3426 3430/3430/3430
f 3426/3426/3426 3475/3475/3475 3476/3476/3476
f 3396/3396/3396 3398/3398/3398 3397/3397/3397
f 3399/3399/3399 3401/3401/3401 3400/3400/3400
f 3400/3400/3400 3401/3401/3401 3389/3389/3389
f 3389/3389/3389 3402/3402/3402 3388/3388/3388
f 3402/3402/3402 3598/3598/3598 3597/3597/3597
f 3598/3598/3598 3602/3602/3602 3599/3599/3599
f 3602/3602/3602 3600/3600/3600 3599/3599/3599
f 45/45/45 46/46/46 44/44/44
f 3308/3308/3308 3309/3309/3309 3303/3303/3303
f 3311/3311/3311 3437/3437/3437 3312/3312/3312
f 3437/3437/3437 3434/3434/3434 3436/3436/3436
f 3434/3434/3434 3435/3435/3435 3436/3436/3436
f 3426/3426/3426 3476/3476/3476 3477/3477/3477
f 3476/3476/3476 3479/3479/3479 3418/3418/3418
f 3487/3487/3487 3485/3485/3485 3480/3480/3480
f 3946/3946/3946 3945/3945/3945 3947/3947/3947
f 3946/3946/3946 3947/3947/3947 3950/3950/3950
f 3408/3408/3408 3407/3407/3407 3396/3396/3396
f 3394/3394/3394 3396/3396/3396 3397/3397/3397
f 3312/3312/3312 3437/3437/3437 3436/3436/3436
f 3432/3432/3432 3430/3430/3430 3431/3431/3431
f 3426/3426/3426 3477/3477/3477 3425/3425/3425
f 3480/3480/3480 3485/3485/3485 3482/3482/3482
f 3945/3945/3945 3955/3955/3955 3792/3792/3792
f 3945/3945/3945 3792/3792/3792 3947/3947/3947
f 3955/3955/3955 3791/3791/3791 3792/3792/3792
f 3791/3791/3791 3690/3690/3690 3792/3792/3792
f 3484/3484/3484 3408/3408/3408 3483/3483/3483
f 3408/3408/3408 3410/3410/3410 3483/3483/3483
f 3396/3396/3396 3395/3395/3395 3409/3409/3409
f 3399/3399/3399 3400/3400/3400 3390/3390/3390
f 3402/3402/3402 3597/3597/3597 3388/3388/3388
f 3600/3600/3600 3602/3602/3602 3756/3756/3756
f 3602/3602/3602 3757/3757/3757 3756/3756/3756
f 3623/3623/3623 3611/3611/3611 3307/3307/3307
f 3436/3436/3436 3435/3435/3435 3314/3314/3314
f 3430/3430/3430 3426/3426/3426 3427/3427/3427
f 3418/3418/3418 3479/3479/3479 3480/3480/3480
f 3479/3479/3479 3487/3487/3487 3480/3480/3480
f 3408/3408/3408 3396/3396/3396 3409/3409/3409
f 3597/3597/3597 3598/3598/3598 3599/3599/3599
f 3307/3307/3307 3308/3308/3308 3303/3303/3303
f 3435/3435/3435 3431/3431/3431 3314/3314/3314
f 3431/3431/3431 3430/3430/3430 3429/3429/3429
f 3418/3418/3418 3480/3480/3480 3481/3481/3481
f 3792/3792/3792 3690/3690/3690 3689/3689/3689
f 3690/3690/3690 3623/3623/3623 3689/3689/3689
f 3689/3689/3689 3623/3623/3623 3624/3624/3624
f 3410/3410/3410 3408/3408/3408 3409/3409/3409
f 3398/3398/3398 3390/3390/3390 3397/3397/3397
f 3623/3623/3623 3307/3307/3307 3624/3624/3624
f 3309/3309/3309 3312/3312/3312 3302/3302/3302
f 3484/3484/3484 3483/3483/3483 3482/3482/3482
f 3400/3400/3400 3389/3389/3389 3390/3390/3390
f 3599/3599/3599 3600/3600/3600 3597/3597/3597
f 3307/3307/3307 3303/3303/3303 3305/3305/3305
f 3303/3303/3303 3309/3309/3309 3302/3302/3302
f 3480/3480/3480 3482/3482/3482 3481/3481/3481
f 3950/3950/3950 3947/3947/3947 3951/3951/3951
f 3951/3951/3951 3947/3947/3947 3956/3956/3956
f 3947/3947/3947 3792/3792/3792 3956/3956/3956
f 3395/3395/3395 3396/3396/3396 3394/3394/3394
f 3320/3320/3320 3431/3431/3431 3429/3429/3429
f 3481/3481/3481 3482/3482/3482 3415/3415/3415
f 3482/3482/3482 3483/3483/3483 3415/3415/3415
f 3412/3412/3412 3410/3410/3410 3411/3411/3411
f 3410/3410/3410 3409/3409/3409 3411/3411/3411
f 3388/3388/3388 3597/3597/3597 3384/3384/3384
f 3312/3312/3312 3436/3436/3436 3314/3314/3314
f 3314/3314/3314 3431/3431/3431 3319/3319/3319
f 3430/3430/3430 3427/3427/3427 3429/3429/3429
f 3481/3481/3481 3417/3417/3417 3418/3418/3418
f 3410/3410/3410 3412/3412/3412 3483/3483/3483
f 3394/3394/3394 3397/3397/3397 3393/3393/3393
f 3397/3397/3397 3390/3390/3390 3393/3393/3393
f 3390/3390/3390 3389/3389/3389 3387/3387/3387
f 3305/3305/3305 3303/3303/3303 3304/3304/3304
f 3303/3303/3303 3300/3300/3300 3304/3304/3304
f 3303/3303/3303 3302/3302/3302 3300/3300/3300
f 3313/3313/3313 3312/3312/3312 3314/3314/3314
f 3319/3319/3319 3431/3431/3431 3320/3320/3320
f 3477/3477/3477 3476/3476/3476 3422/3422/3422
f 3476/3476/3476 3418/3418/3418 3422/3422/3422
f 3390/3390/3390 3387/3387/3387 3391/3391/3391
f 3389/3389/3389 3388/3388/3388 3387/3387/3387
f 3388/3388/3388 3384/3384/3384 3385/3385/3385
f 3384/3384/3384 3597/3597/3597 3379/3379/3379
f 3597/3597/3597 3600/3600/3600 3379/3379/3379
f 3379/3379/3379 3600/3600/3600 3601/3601/3601
f 3756/3756/3756 3757/3757/3757 3758/3758/3758
f 4392/4392/4392 4384/4384/4384 4391/4391/4391
f 45/45/45 44/44/44 43/43/43
f 3312/3312/3312 3313/3313/3313 3302/3302/3302
f 3427/3427/3427 3426/3426/3426 3424/3424/3424
f 3426/3426/3426 3425/3425/3425 3424/3424/3424
f 3481/3481/3481 3415/3415/3415 3417/3417/3417
f 3956/3956/3956 3792/3792/3792 3794/3794/3794
f 3792/3792/3792 3689/3689/3689 3794/3794/3794
f 3600/3600/3600 3756/3756/3756 3601/3601/3601
f 3624/3624/3624 3307/3307/3307 3610/3610/3610
f 3624/3624/3624 3610/3610/3610 3625/3625/3625
f 3307/3307/3307 3305/3305/3305 3610/3610/3610
f 3314/3314/3314 3315/3315/3315 3313/3313/3313
f 3424/3424/3424 3425/3425/3425 3423/3423/3423
f 3425/3425/3425 3477/3477/3477 3422/3422/3422
f 3418/3418/3418 3417/3417/3417 3416/3416/3416
f 3689/3689/3689 3624/3624/3624 3625/3625/3625
f 3393/3393/3393 3390/3390/3390 3392/3392/3392
f 3392/3392/3392 3390/3390/3390 3391/3391/3391
f 3429/3429/3429 3427/3427/3427 3428/3428/3428
f 3427/3427/3427 3424/3424/3424 3428/3428/3428
f 3417/3417/3417 3415/3415/3415 3416/3416/3416
f 3411/3411/3411 3409/3409/3409 3594/3594/3594
f 3409/3409/3409 3395/3395/3395 3594/3594/3594
f 3756/3756/3756 3758/3758/3758 3759/3759/3759
f 43/43/43 44/44/44 42/42/42
f 3314/3314/3314 3319/3319/3319 3315/3315/3315
f 3319/3319/3319 3320/3320/3320 3318/3318/3318
f 3320/3320/3320 3429/3429/3429 3322/3322/3322
f 3425/3425/3425 3422/3422/3422 3423/3423/3423
f 3415/3415/3415 3412/3412/3412 3414/3414/3414
f 3950/3950/3950 3951/3951/3951 3952/3952/3952
f 3794/3794/3794 3689/3689/3689 3625/3625/3625
f 3387/3387/3387 3388/3388/3388 3385/3385/3385
f 3601/3601/3601 3756/3756/3756 3755/3755/3755
f 3756/3756/3756 3759/3759/3759 3755/3755/3755
f 3610/3610/3610 3305/3305/3305 3306/3306/3306
f 3305/3305/3305 3304/3304/3304 3306/3306/3306
f 3415/3415/3415 3414/3414/3414 3416/3416/3416
f 3952/3952/3952 3951/3951/3951 3953/3953/3953
f 3951/3951/3951 3956/3956/3956 3953/3953/3953
f 3412/3412/3412 3413/3413/3413 3414/3414/3414
f 3412/3412/3412 3411/3411/3411 3413/3413/3413
f 3413/3413/3413 3411/3411/3411 3594/3594/3594
f 3385/3385/3385 3384/3384/3384 3377/3377/3377
f 3384/3384/3384 3379/3379/3379 3377/3377/3377
f 3379/3379/3379 3380/3380/3380 3378/3378/3378
f 3379/3379/3379 3601/3601/3601 3380/3380/3380
f 3625/3625/3625 3610/3610/3610 3626/3626/3626
f 3306/3306/3306 3304/3304/3304 3300/3300/3300
f 3302/3302/3302 3313/3313/3313 3301/3301/3301
f 3320/3320/3320 3322/3322/3322 3321/3321/3321
f 3422/3422/3422 3418/3418/3418 3421/3421/3421
f 3953/3953/3953 3956/3956/3956 3794/3794/3794
f 3594/3594/3594 3395/3395/3395 3595/3595/3595
f 3391/3391/3391 3387/3387/3387 3386/3386/3386
f 3387/3387/3387 3385/3385/3385 3386/3386/3386
f 3315/3315/3315 3319/3319/3319 3316/3316/3316
f 3316/3316/3316 3319/3319/3319 3318/3318/3318
f 3320/3320/3320 3321/3321/3321 3318/3318/3318
f 3429/3429/3429 3428/3428/3428 3322/3322/3322
f 3423/3423/3423 3422/3422/3422 3421/3421/3421
f 3421/3421/3421 3418/3418/3418 3420/3420/3420
f 3794/3794/3794 3625/3625/3625 3626/3626/3626
f 3377/3377/3377 3379/3379/3379 3378/3378/3378
f 3302/3302/3302 3301/3301/3301 3300/3300/3300
f 3418/3418/3418 3416/3416/3416 3419/3419/3419
f 3418/3418/3418 3419/3419/3419 3420/3420/3420
f 3394/3394/3394 3393/3393/3393 3366/3366/3366
f 3393/3393/3393 3392/3392/3392 3386/3386/3386
f 3386/3386/3386 3385/3385/3385 3377/3377/3377
f 3306/3306/3306 3300/3300/3300 3299/3299/3299
f 3315/3315/3315 3316/3316/3316 3313/3313/3313
f 3428/3428/3428 3424/3424/3424 3337/3337/3337
f 3337/3337/3337 3424/3424/3424 3423/3423/3423
f 3413/3413/3413 3594/3594/3594 3593/3593/3593
f 3594/3594/3594 3595/3595/3595 3364/3364/3364
f 3395/3395/3395 3394/3394/3394 3366/3366/3366
f 3393/3393/3393 3386/3386/3386 3366/3366/3366
f 3380/3380/3380 3601/3601/3601 3705/3705/3705
f 3601/3601/3601 3755/3755/3755 3705/3705/3705
f 3610/3610/3610 3306/3306/3306 3627/3627/3627
f 3318/3318/3318 3321/3321/3321 3317/3317/3317
f 3423/3423/3423 3421/3421/3421 3337/3337/3337
f 3416/3416/3416 3414/3414/3414 3343/3343/3343
f 3953/3953/3953 3794/3794/3794 3902/3902/3902
f 3413/3413/3413 3593/3593/3593 3414/3414/3414
f 3595/3595/3595 3395/3395/3395 3365/3365/3365
f 3395/3395/3395 3366/3366/3366 3365/3365/3365
f 3386/3386/3386 3377/3377/3377 3376/3376/3376
f 3378/3378/3378 3380/3380/3380 3381/3381/3381
f 3705/3705/3705 3755/3755/3755 3761/3761/3761
f 3755/3755/3755 3759/3759/3759 3761/3761/3761
f 3626/3626/3626 3610/3610/3610 3627/3627/3627
f 3428/3428/3428 3337/3337/3337 3592/3592/3592
f 3952/3952/3952 3953/3953/3953 3904/3904/3904
f 3953/3953/3953 3902/3902/3902 3904/3904/3904
f 3366/3366/3366 3386/3386/3386 3367/3367/3367
f 3392/3392/3392 3391/3391/3391 3386/3386/3386
f 3380/3380/3380 3705/3705/3705 3381/3381/3381
f 4391/4391/4391 4390/4390/4390 4398/4398/4398
f 3902/3902/3902 3794/3794/3794 3790/3790/3790
f 3794/3794/3794 3626/3626/3626 3790/3790/3790
f 3628/3628/3628 3626/3626/3626 3627/3627/3627
f 3414/3414/3414 3593/3593/3593 3362/3362/3362
f 3593/3593/3593 3594/3594/3594 3364/3364/3364
f 3376/3376/3376 3377/3377/3377 3375/3375/3375
f 3377/3377/3377 3378/3378/3378 3375/3375/3375
f 3761/3761/3761 3759/3759/3759 3762/3762/3762
f 3321/3321/3321 3323/3323/3323 3317/3317/3317
f 3321/3321/3321 3322/3322/3322 3323/3323/3323
f 3421/3421/3421 3420/3420/3420 3338/3338/3338
f 3790/3790/3790 3626/3626/3626 3628/3628/3628
f 3343/3343/3343 3414/3414/3414 3362/3362/3362
f 3364/3364/3364 3595/3595/3595 3365/3365/3365
f 3378/3378/3378 3381/3381/3381 3382/3382/3382
f 3627/3627/3627 3306/3306/3306 3629/3629/3629
f 3301/3301/3301 3313/3313/3313 3295/3295/3295
f 3322/3322/3322 3428/3428/3428 3323/3323/3323
f 3421/3421/3421 3338/3338/3338 3337/3337/3337
f 3420/3420/3420 3419/3419/3419 3340/3340/3340
f 3419/3419/3419 3416/3416/3416 3343/3343/3343
f 3362/3362/3362 3593/3593/3593 3363/3363/3363
f 3593/3593/3593 3364/3364/3364 3363/3363/3363
f 3366/3366/3366 3367/3367/3367 3352/3352/3352
f 3368/3368/3368 3386/3386/3386 3376/3376/3376
f 3378/3378/3378 3382/3382/3382 3375/3375/3375
f 43/43/43 42/42/42 39/39/39
f 3629/3629/3629 3306/3306/3306 3299/3299/3299
f 3299/3299/3299 3300/3300/3300 3297/3297/3297
f 3300/3300/3300 3301/3301/3301 3297/3297/3297
f 3318/3318/3318 3317/3317/3317 3316/3316/3316
f 3338/3338/3338 3420/3420/3420 3340/3340/3340
f 3340/3340/3340 3419/3419/3419 3343/3343/3343
f 3344/3344/3344 3343/3343/3343 3345/3345/3345
f 3343/3343/3343 3362/3362/3362 3345/3345/3345
f 3365/3365/3365 3366/3366/3366 3352/3352/3352
f 3367/3367/3367 3386/3386/3386 3368/3368/3368
f 3368/3368/3368 3376/3376/3376 3369/3369/3369
f 3369/3369/3369 3376/3376/3376 3371/3371/3371
f 3376/3376/3376 3375/3375/3375 3371/3371/3371
f 3428/3428/3428 3592/3592/3592 3323/3323/3323
f 3628/3628/3628 3627/3627/3627 3629/3629/3629
f 3363/3363/3363 3364/3364/3364 3349/3349/3349
f 3364/3364/3364 3351/3351/3351 3349/3349/3349
f 3364/3364/3364 3365/3365/3365 3351/3351/3351
f 3381/3381/3381 3705/3705/3705 3706/3706/3706
f 3705/3705/3705 3761/3761/3761 3763/3763/3763
f 3705/3705/3705 3763/3763/3763 3706/3706/3706
f 3761/3761/3761 3762/3762/3762 3763/3763/3763
f 39/39/39 42/42/42 41/41/41
f 3297/3297/3297 3301/3301/3301 3295/3295/3295
f 3313/3313/3313 3316/3316/3316 3295/3295/3295
f 3317/3317/3317 3323/3323/3323 3324/3324/3324
f 3323/3323/3323 3592/3592/3592 3325/3325/3325
f 3592/3592/3592 3337/3337/3337 3336/3336/3336
f 3952/3952/3952 3904/3904/3904 3954/3954/3954
f 3362/3362/3362 3363/3363/3363 3349/3349/3349
f 3381/3381/3381 3706/3706/3706 3382/3382/3382
f 3763/3763/3763 3762/3762/3762 3764/3764/3764
f 3299/3299/3299 3297/3297/3297 3298/3298/3298
f 3904/3904/3904 3902/3902/3902 3901/3901/3901
f 3902/3902/3902 3790/3790/3790 3901/3901/3901
f 3790/3790/3790 3628/3628/3628 3630/3630/3630
f 3336/3336/3336 3337/3337/3337 3335/3335/3335
f 3337/3337/3337 3338/3338/3338 3335/3335/3335
f 3340/3340/3340 3343/3343/3343 3342/3342/3342
f 3343/3343/3343 3344/3344/3344 3342/3342/3342
f 3362/3362/3362 3349/3349/3349 3345/3345/3345
f 3352/3352/3352 3367/3367/3367 3358/3358/3358
f 3367/3367/3367 3368/3368/3368 3358/3358/3358
f 3629/3629/3629 3299/3299/3299 3609/3609/3609
f 3609/3609/3609 3299/3299/3299 3298/3298/3298
f 3297/3297/3297 3295/3295/3295 3296/3296/3296
f 3316/3316/3316 3317/3317/3317 3295/3295/3295
f 3317/3317/3317 3324/3324/3324 3294/3294/3294
f 3324/3324/3324 3323/3323/3323 3325/3325/3325
f 3628/3628/3628 3629/3629/3629 3630/3630/3630
f 3340/3340/3340 3341/3341/3341 3339/3339/3339
f 3344/3344/3344 3345/3345/3345 3346/3346/3346
f 3365/3365/3365 3352/3352/3352 3351/3351/3351
f 3368/3368/3368 3360/3360/3360 3358/3358/3358
f 3368/3368/3368 3369/3369/3369 3360/3360/3360
f 3369/3369/3369 3371/3371/3371 3370/3370/3370
f 3335/3335/3335 3338/3338/3338 3339/3339/3339
f 3338/3338/3338 3340/3340/3340 3339/3339/3339
f 3340/3340/3340 3342/3342/3342 3341/3341/3341
f 3360/3360/3360 3369/3369/3369 3370/3370/3370
f 3375/3375/3375 3382/3382/3382 3383/3383/3383
f 3375/3375/3375 3383/3383/3383 3374/3374/3374
f 3382/3382/3382 3706/3706/3706 3383/3383/3383
f 3706/3706/3706 3763/3763/3763 3765/3765/3765
f 3763/3763/3763 3764/3764/3764 3765/3765/3765
f 3298/3298/3298 3297/3297/3297 3296/3296/3296
f 3325/3325/3325 3592/3592/3592 3336/3336/3336
f 3954/3954/3954 3904/3904/3904 3905/3905/3905
f 3904/3904/3904 3901/3901/3901 3905/3905/3905
f 3901/3901/3901 3790/3790/3790 3835/3835/3835
f 3790/3790/3790 3630/3630/3630 3835/3835/3835
f 3630/3630/3630 3629/3629/3629 3631/3631/3631
f 3327/3327/3327 3336/3336/3336 3335/3335/3335
f 3335/3335/3335 3339/3339/3339 3649/3649/3649
f 3342/3342/3342 3344/3344/3344 3347/3347/3347
f 3344/3344/3344 3346/3346/3346 3347/3347/3347
f 3345/3345/3345 3348/3348/3348 3346/3346/3346
f 3345/3345/3345 3349/3349/3349 3348/3348/3348
f 3371/3371/3371 3375/3375/3375 3374/3374/3374
f 3296/3296/3296 3295/3295/3295 3292/3292/3292
f 3295/3295/3295 3317/3317/3317 3294/3294/3294
f 3295/3295/3295 3294/3294/3294 3292/3292/3292
f 3324/3324/3324 3325/3325/3325 3294/3294/3294
f 3346/3346/3346 3357/3357/3357 3347/3347/3347
f 3349/3349/3349 3350/3350/3350 3348/3348/3348
f 3349/3349/3349 3351/3351/3351 3350/3350/3350
f 3370/3370/3370 3371/3371/3371 3372/3372/3372
f 3371/3371/3371 3374/3374/3374 3372/3372/3372
f 3383/3383/3383 3706/3706/3706 3707/3707/3707
f 3706/3706/3706 3765/3765/3765 3707/3707/3707
f 3609/3609/3609 3298/3298/3298 3604/3604/3604
f 3298/3298/3298 3296/3296/3296 3604/3604/3604
f 3631/3631/3631 3629/3629/3629 3609/3609/3609
f 3292/3292/3292 3294/3294/3294 3291/3291/3291
f 3325/3325/3325 3336/3336/3336 3327/3327/3327
f 3327/3327/3327 3335/3335/3335 3331/3331/3331
f 3335/3335/3335 3649/3649/3649 3331/3331/3331
f 3339/3339/3339 3650/3650/3650 3649/3649/3649
f 3339/3339/3339 3341/3341/3341 3650/3650/3650
f 3341/3341/3341 3342/3342/3342 3651/3651/3651
f 3342/3342/3342 3347/3347/3347 3651/3651/3651
f 3347/3347/3347 3648/3648/3648 3651/3651/3651
f 3648/3648/3648 3347/3347/3347 3645/3645/3645
f 3347/3347/3347 3357/3357/3357 3645/3645/3645
f 3346/3346/3346 3348/3348/3348 3357/3357/3357
f 3351/3351/3351 3352/3352/3352 3350/3350/3350
f 3370/3370/3370 3372/3372/3372 3373/3373/3373
f 3707/3707/3707 3765/3765/3765 3869/3869/3869
f 3765/3765/3765 3764/3764/3764 4117/4117/4117
f 3765/3765/3765 4117/4117/4117 3869/3869/3869
f 3341/3341/3341 3651/3651/3651 3650/3650/3650
f 3348/3348/3348 3356/3356/3356 3357/3357/3357
f 3360/3360/3360 3370/3370/3370 3361/3361/3361
f 3361/3361/3361 3370/3370/3370 3373/3373/3373
f 3372/3372/3372 3374/3374/3374 3716/3716/3716
f 3374/3374/3374 3745/3745/3745 3716/3716/3716
f 3374/3374/3374 3383/3383/3383 3745/3745/3745
f 3383/3383/3383 3707/3707/3707 3745/3745/3745
f 3707/3707/3707 3869/3869/3869 4051/4051/4051
f 39/39/39 41/41/41 31/31/31
f 3954/3954/3954 3905/3905/3905 3851/3851/3851
f 3630/3630/3630 3631/3631/3631 3632/3632/3632
f 3296/3296/3296 3292/3292/3292 3293/3293/3293
f 3331/3331/3331 3649/3649/3649 3334/3334/3334
f 3334/3334/3334 3649/3649/3649 3650/3650/3650
f 3651/3651/3651 3648/3648/3648 3647/3647/3647
f 3645/3645/3645 3216/3216/3216 3648/3648/3648
f 3348/3348/3348 3355/3355/3355 3356/3356/3356
f 3348/3348/3348 3350/3350/3350 3355/3355/3355
f 3350/3350/3350 3352/3352/3352 3353/3353/3353
f 3352/3352/3352 3358/3358/3358 3353/3353/3353
f 3358/3358/3358 3359/3359/3359 3353/3353/3353
f 3358/3358/3358 3360/3360/3360 3359/3359/3359
f 3360/3360/3360 3361/3361/3361 3359/3359/3359
f 3373/3373/3373 3718/3718/3718 3361/3361/3361
f 3372/3372/3372 3716/3716/3716 3373/3373/3373
f 3745/3745/3745 3707/3707/3707 3784/3784/3784
f 3784/3784/3784 3707/3707/3707 4051/4051/4051
f 39/39/39 31/31/31 30/30/30
f 3851/3851/3851 3905/3905/3905 3903/3903/3903
f 3905/3905/3905 3901/3901/3901 3903/3903/3903
f 3901/3901/3901 3835/3835/3835 3834/3834/3834
f 3835/3835/3835 3630/3630/3630 3834/3834/3834
f 3631/3631/3631 3609/3609/3609 3632/3632/3632
f 3632/3632/3632 3609/3609/3609 3633/3633/3633
f 3609/3609/3609 3604/3604/3604 3633/3633/3633
f 3604/3604/3604 3296/3296/3296 3635/3635/3635
f 3296/3296/3296 3293/3293/3293 3284/3284/3284
f 3331/3331/3331 3334/3334/3334 3333/3333/3333
f 3334/3334/3334 3650/3650/3650 3646/3646/3646
f 3650/3650/3650 3647/3647/3647 3646/3646/3646
f 3650/3650/3650 3651/3651/3651 3647/3647/3647
f 3647/3647/3647 3648/3648/3648 3216/3216/3216
f 3216/3216/3216 3645/3645/3645 3217/3217/3217
f 3645/3645/3645 3357/3357/3357 3217/3217/3217
f 3357/3357/3357 3356/3356/3356 3217/3217/3217
f 3355/3355/3355 3350/3350/3350 3354/3354/3354
f 3350/3350/3350 3353/3353/3353 3354/3354/3354
f 3373/3373/3373 3716/3716/3716 3717/3717/3717
f 3717/3717/3717 3716/3716/3716 3772/3772/3772
f 3716/3716/3716 3746/3746/3746 3772/3772/3772
f 3716/3716/3716 3745/3745/3745 3746/3746/3746
f 3746/3746/3746 3745/3745/3745 3899/3899/3899
f 3745/3745/3745 3784/3784/3784 3899/3899/3899
f 3292/3292/3292 3291/3291/3291 3289/3289/3289
f 3291/3291/3291 3294/3294/3294 3290/3290/3290
f 3290/3290/3290 3294/3294/3294 3325/3325/3325
f 3326/3326/3326 3325/3325/3325 3327/3327/3327
f 3331/3331/3331 3333/3333/3333 3332/3332/3332
f 3217/3217/3217 3356/3356/3356 3642/3642/3642
f 3356/3356/3356 3355/3355/3355 3643/3643/3643
f 3355/3355/3355 3354/3354/3354 3643/3643/3643
f 3353/3353/3353 3359/3359/3359 3641/3641/3641
f 3718/3718/3718 3373/3373/3373 3717/3717/3717
f 3746/3746/3746 3899/3899/3899 3900/3900/3900
f 3903/3903/3903 3901/3901/3901 3796/3796/3796
f 3901/3901/3901 3834/3834/3834 3796/3796/3796
f 3292/3292/3292 3289/3289/3289 3293/3293/3293
f 3290/3290/3290 3325/3325/3325 3326/3326/3326
f 3327/3327/3327 3331/3331/3331 3330/3330/3330
f 3331/3331/3331 3332/3332/3332 3330/3330/3330
f 3332/3332/3332 3333/3333/3333 3233/3233/3233
f 3333/3333/3333 3334/3334/3334 3233/3233/3233
f 3334/3334/3334 3646/3646/3646 3226/3226/3226
f 3646/3646/3646 3647/3647/3647 3226/3226/3226
f 3226/3226/3226 3647/3647/3647 3225/3225/3225
f 3225/3225/3225 3647/3647/3647 3227/3227/3227
f 3647/3647/3647 3216/3216/3216 3227/3227/3227
f 3356/3356/3356 3643/3643/3643 3642/3642/3642
f 3643/3643/3643 3354/3354/3354 2820/2820/2820
f 3641/3641/3641 3640/3640/3640 3353/3353/3353
f 3359/3359/3359 3361/3361/3361 3641/3641/3641
f 3361/3361/3361 3644/3644/3644 3641/3641/3641
f 3361/3361/3361 3718/3718/3718 3644/3644/3644
f 3718/3718/3718 3717/3717/3717 3260/3260/3260
f 3717/3717/3717 3719/3719/3719 3260/3260/3260
f 3717/3717/3717 3772/3772/3772 3719/3719/3719
f 3834/3834/3834 3261/3261/3261 3796/3796/3796
f 3834/3834/3834 3630/3630/3630 3261/3261/3261
f 3633/3633/3633 3604/3604/3604 3606/3606/3606
f 3296/3296/3296 3284/3284/3284 3635/3635/3635
f 3291/3291/3291 3290/3290/3290 3289/3289/3289
f 3290/3290/3290 3326/3326/3326 3288/3288/3288
f 3327/3327/3327 3330/3330/3330 3328/3328/3328
f 3334/3334/3334 3226/3226/3226 3233/3233/3233
f 3216/3216/3216 3217/3217/3217 2509/2509/2509
f 3217/3217/3217 3642/3642/3642 2819/2819/2819
f 3217/3217/3217 2819/2819/2819 2509/2509/2509
f 3642/3642/3642 3643/3643/3643 2819/2819/2819
f 2819/2819/2819 3643/3643/3643 2820/2820/2820
f 2820/2820/2820 3354/3354/3354 2818/2818/2818
f 3353/3353/3353 3640/3640/3640 3639/3639/3639
f 2817/2817/2817 3641/3641/3641 3644/3644/3644
f 3718/3718/3718 3260/3260/3260 2813/2813/2813
f 3772/3772/3772 3746/3746/3746 3890/3890/3890
f 3746/3746/3746 3900/3900/3900 4067/4067/4067
f 3746/3746/3746 4067/4067/4067 3890/3890/3890
f 3261/3261/3261 3630/3630/3630 3200/3200/3200
f 3630/3630/3630 3632/3632/3632 3200/3200/3200
f 3632/3632/3632 3633/3633/3633 3201/3201/3201
f 3290/3290/3290 3288/3288/3288 3289/3289/3289
f 3326/3326/3326 3327/3327/3327 3328/3328/3328
f 3332/3332/3332 3233/3233/3233 2721/2721/2721
f 3226/3226/3226 3225/3225/3225 2522/2522/2522
f 3225/3225/3225 3227/3227/3227 2521/2521/2521
f 3227/3227/3227 3216/3216/3216 2521/2521/2521
f 2521/2521/2521 3216/3216/3216 2509/2509/2509
f 2509/2509/2509 2819/2819/2819 2510/2510/2510
f 3354/3354/3354 3353/3353/3353 2818/2818/2818
f 2818/2818/2818 3353/3353/3353 3639/3639/3639
f 3640/3640/3640 2817/2817/2817 3639/3639/3639
f 3640/3640/3640 3641/3641/3641 2817/2817/2817
f 3644/3644/3644 3718/3718/3718 2813/2813/2813
f 3719/3719/3719 2812/2812/2812 3260/3260/3260
f 3772/3772/3772 3890/3890/3890 3719/3719/3719
f 3851/3851/3851 3903/3903/3903 3796/3796/3796
f 3632/3632/3632 3201/3201/3201 3200/3200/3200
f 3633/3633/3633 3606/3606/3606 3608/3608/3608
f 3289/3289/3289 3288/3288/3288 3285/3285/3285
f 3288/3288/3288 3326/3326/3326 3329/3329/3329
f 3326/3326/3326 3328/3328/3328 3329/3329/3329
f 3328/3328/3328 3330/3330/3330 3687/3687/3687
f 3330/3330/3330 3332/3332/3332 3244/3244/3244
f 3330/3330/3330 3244/3244/3244 3687/3687/3687
f 3332/3332/3332 2721/2721/2721 3244/3244/3244
f 3233/3233/3233 3226/3226/3226 2522/2522/2522
f 2522/2522/2522 3225/3225/3225 2521/2521/2521
f 2510/2510/2510 2819/2819/2819 2512/2512/2512
f 2819/2819/2819 2820/2820/2820 2512/2512/2512
f 2512/2512/2512 2820/2820/2820 2818/2818/2818
f 3719/3719/3719 3802/3802/3802 2812/2812/2812
f 3719/3719/3719 3890/3890/3890 3802/3802/3802
f 3890/3890/3890 4067/4067/4067 3802/3802/3802
f 3802/3802/3802 4067/4067/4067 4068/4068/4068
f 3201/3201/3201 3633/3633/3633 3608/3608/3608
f 3606/3606/3606 3604/3604/3604 3607/3607/3607
f 3604/3604/3604 3635/3635/3635 3607/3607/3607
f 3289/3289/3289 3285/3285/3285 3293/3293/3293
f 3328/3328/3328 3687/3687/3687 3329/3329/3329
f 2721/2721/2721 3233/3233/3233 2502/2502/2502
f 3233/3233/3233 2522/2522/2522 2502/2502/2502
f 2522/2522/2522 2521/2521/2521 2501/2501/2501
f 2521/2521/2521 2509/2509/2509 2508/2508/2508
f 2508/2508/2508 2509/2509/2509 2483/2483/2483
f 2509/2509/2509 2510/2510/2510 2483/2483/2483
f 3639/3639/3639 2816/2816/2816 2818/2818/2818
f 3639/3639/3639 2817/2817/2817 2816/2816/2816
f 2817/2817/2817 3644/3644/3644 2520/2520/2520
f 3644/3644/3644 2813/2813/2813 2520/2520/2520
f 2813/2813/2813 3260/3260/3260 2811/2811/2811
f 3260/3260/3260 2812/2812/2812 2811/2811/2811
f 4350/4350/4350 4351/4351/4351 4352/4352/4352
f 4068/4068/4068 4189/4189/4189 3802/3802/3802
f 3608/3608/3608 3606/3606/3606 3605/3605/3605
f 3293/3293/3293 3285/3285/3285 3284/3284/3284
f 3288/3288/3288 3286/3286/3286 3285/3285/3285
f 3288/3288/3288 3329/3329/3329 3286/3286/3286
f 3329/3329/3329 3687/3687/3687 3685/3685/3685
f 2502/2502/2502 2522/2522/2522 2501/2501/2501
f 2501/2501/2501 2521/2521/2521 2507/2507/2507
f 2512/2512/2512 2818/2818/2818 2519/2519/2519
f 2818/2818/2818 2816/2816/2816 2519/2519/2519
f 2816/2816/2816 2817/2817/2817 2520/2520/2520
f 2811/2811/2811 2812/2812/2812 2683/2683/2683
f 2812/2812/2812 3802/3802/3802 2683/2683/2683
f 3802/3802/3802 3803/3803/3803 2683/2683/2683
f 3802/3802/3802 4190/4190/4190 3803/3803/3803
f 3802/3802/3802 4189/4189/4189 4190/4190/4190
f 4190/4190/4190 4189/4189/4189 4246/4246/4246
f 4189/4189/4189 4248/4248/4248 4246/4246/4246
f 30/30/30 31/31/31 32/32/32
f 3851/3851/3851 3796/3796/3796 3850/3850/3850
f 3608/3608/3608 3605/3605/3605 3204/3204/3204
f 3605/3605/3605 3606/3606/3606 3607/3607/3607
f 3635/3635/3635 3284/3284/3284 3607/3607/3607
f 3329/3329/3329 3287/3287/3287 3286/3286/3286
f 3685/3685/3685 3687/3687/3687 2717/2717/2717
f 2717/2717/2717 3687/3687/3687 3244/3244/3244
f 3244/3244/3244 2721/2721/2721 2720/2720/2720
f 2721/2721/2721 2502/2502/2502 2720/2720/2720
f 2507/2507/2507 2521/2521/2521 2505/2505/2505
f 2521/2521/2521 2508/2508/2508 2505/2505/2505
f 2520/2520/2520 2684/2684/2684 2516/2516/2516
f 2520/2520/2520 2813/2813/2813 2684/2684/2684
f 2811/2811/2811 2683/2683/2683 2679/2679/2679
f 4190/4190/4190 4246/4246/4246 4247/4247/4247
f 4246/4246/4246 4248/4248/4248 4249/4249/4249
f 4246/4246/4246 4249/4249/4249 4247/4247/4247
f 3850/3850/3850 3796/3796/3796 3795/3795/3795
f 3261/3261/3261 3200/3200/3200 3199/3199/3199
f 3200/3200/3200 3201/3201/3201 3199/3199/3199
f 3607/3607/3607 3284/3284/3284 3274/3274/3274
f 3287/3287/3287 3329/3329/3329 3685/3685/3685
f 2717/2717/2717 3244/3244/3244 2720/2720/2720
f 2502/2502/2502 2501/2501/2501 2500/2500/2500
f 2501/2501/2501 2507/2507/2507 2503/2503/2503
f 2505/2505/2505 2508/2508/2508 2483/2483/2483
f 2483/2483/2483 2510/2510/2510 2511/2511/2511
f 2510/2510/2510 2512/2512/2512 2511/2511/2511
f 2816/2816/2816 2520/2520/2520 2519/2519/2519
f 2519/2519/2519 2520/2520/2520 2515/2515/2515
f 2520/2520/2520 2516/2516/2516 2515/2515/2515
f 2813/2813/2813 2811/2811/2811 2684/2684/2684
f 2811/2811/2811 2679/2679/2679 2684/2684/2684
f 2683/2683/2683 3803/3803/3803 2779/2779/2779
f 4247/4247/4247 4249/4249/4249 3231/3231/3231
f 4349/4349/4349 4347/4347/4347 4346/4346/4346
f 30/30/30 32/32/32 33/33/33
f 3284/3284/3284 3285/3285/3285 3280/3280/3280
f 3281/3281/3281 3286/3286/3286 3282/3282/3282
f 3286/3286/3286 3287/3287/3287 3282/3282/3282
f 2720/2720/2720 2502/2502/2502 2500/2500/2500
f 2501/2501/2501 2499/2499/2499 2500/2500/2500
f 2501/2501/2501 2503/2503/2503 2499/2499/2499
f 2512/2512/2512 2519/2519/2519 2513/2513/2513
f 2516/2516/2516 2684/2684/2684 2517/2517/2517
f 2679/2679/2679 2683/2683/2683 2680/2680/2680
f 2683/2683/2683 2779/2779/2779 2680/2680/2680
f 3803/3803/3803 4247/4247/4247 3231/3231/3231
f 3803/3803/3803 3231/3231/3231 2779/2779/2779
f 3199/3199/3199 3201/3201/3201 3198/3198/3198
f 3201/3201/3201 3608/3608/3608 3198/3198/3198
f 3608/3608/3608 3204/3204/3204 3198/3198/3198
f 3204/3204/3204 3605/3605/3605 3205/3205/3205
f 3605/3605/3605 3607/3607/3607 3205/3205/3205
f 3607/3607/3607 3274/3274/3274 3206/3206/3206
f 3274/3274/3274 3284/3284/3284 3276/3276/3276
f 3284/3284/3284 3280/3280/3280 3276/3276/3276
f 3280/3280/3280 3285/3285/3285 3281/3281/3281
f 3285/3285/3285 3286/3286/3286 3281/3281/3281
f 2717/2717/2717 2720/2720/2720 2715/2715/2715
f 2720/2720/2720 2500/2500/2500 2715/2715/2715
f 2507/2507/2507 2505/2505/2505 2503/2503/2503
f 2512/2512/2512 2513/2513/2513 2511/2511/2511
f 2684/2684/2684 2679/2679/2679 2517/2517/2517
f 2679/2679/2679 2680/2680/2680 2518/2518/2518
f 2680/2680/2680 2779/2779/2779 2681/2681/2681
f 2779/2779/2779 3231/3231/3231 2681/2681/2681
f 3231/3231/3231 4222/4222/4222 4114/4114/4114
f 2483/2483/2483 2511/2511/2511 2477/2477/2477
f 3796/3796/3796 3261/3261/3261 3262/3262/3262
f 3796/3796/3796 3262/3262/3262 3795/3795/3795
f 3261/3261/3261 3199/3199/3199 3262/3262/3262
f 3205/3205/3205 3607/3607/3607 3206/3206/3206
f 3287/3287/3287 3685/3685/3685 3282/3282/3282
f 3282/3282/3282 3685/3685/3685 3686/3686/3686
f 3686/3686/3686 3685/3685/3685 2717/2717/2717
f 2717/2717/2717 2715/2715/2715 2718/2718/2718
f 2715/2715/2715 2500/2500/2500 2498/2498/2498
f 2517/2517/2517 2679/2679/2679 2518/2518/2518
f 2681/2681/2681 3231/3231/3231 2685/2685/2685
f 3231/3231/3231 4114/4114/4114 2685/2685/2685
f 2483/2483/2483 2477/2477/2477 2481/2481/2481
f 3199/3199/3199 3198/3198/3198 3196/3196/3196
f 3276/3276/3276 3275/3275/3275 3274/3274/3274
f 3686/3686/3686 2717/2717/2717 2718/2718/2718
f 2503/2503/2503 2505/2505/2505 2506/2506/2506
f 2514/2514/2514 2515/2515/2515 2516/2516/2516
f 2514/2514/2514 2516/2516/2516 2517/2517/2517
f 2680/2680/2680 2681/2681/2681 2518/2518/2518
f 2511/2511/2511 2513/2513/2513 2477/2477/2477
f 33/33/33 32/32/32 34/34/34
f 3196/3196/3196 3198/3198/3198 3197/3197/3197
f 3206/3206/3206 3274/3274/3274 3273/3273/3273
f 3273/3273/3273 3274/3274/3274 3275/3275/3275
f 3275/3275/3275 3276/3276/3276 3277/3277/3277
f 3276/3276/3276 3280/3280/3280 3277/3277/3277
f 3280/3280/3280 3278/3278/3278 3277/3277/3277
f 3280/3280/3280 3281/3281/3281 3279/3279/3279
f 3280/3280/3280 3279/3279/3279 3278/3278/3278
f 3281/3281/3281 3282/3282/3282 3279/3279/3279
f 3282/3282/3282 3283/3283/3283 3279/3279/3279
f 3283/3283/3283 3282/3282/3282 3686/3686/3686
f 3686/3686/3686 2718/2718/2718 2719/2719/2719
f 2714/2714/2714 2718/2718/2718 2715/2715/2715
f 2500/2500/2500 2499/2499/2499 2498/2498/2498
f 2503/2503/2503 2506/2506/2506 2504/2504/2504
f 2519/2519/2519 2515/2515/2515 2513/2513/2513
f 2515/2515/2515 2514/2514/2514 2513/2513/2513
f 2685/2685/2685 4114/4114/4114 4113/4113/4113
f 2505/2505/2505 2483/2483/2483 2484/2484/2484
f 2513/2513/2513 2514/2514/2514 2477/2477/2477
f 2514/2514/2514 2517/2517/2517 2475/2475/2475
f 2475/2475/2475 2517/2517/2517 2518/2518/2518
f 34/34/34 32/32/32 35/35/35
f 90/90/90 103/103/103 102/102/102
f 3850/3850/3850 3795/3795/3795 2815/2815/2815
f 3850/3850/3850 2815/2815/2815 3981/3981/3981
f 3795/3795/3795 3262/3262/3262 2815/2815/2815
f 3198/3198/3198 3204/3204/3204 3634/3634/3634
f 2852/2852/2852 3204/3204/3204 2851/2851/2851
f 3204/3204/3204 3205/3205/3205 2851/2851/2851
f 2851/2851/2851 3205/3205/3205 2850/2850/2850
f 3205/3205/3205 3206/3206/3206 2850/2850/2850
f 2850/2850/2850 3206/3206/3206 3207/3207/3207
f 3206/3206/3206 3273/3273/3273 3207/3207/3207
f 2714/2714/2714 2715/2715/2715 2498/2498/2498
f 2499/2499/2499 2503/2503/2503 2504/2504/2504
f 2506/2506/2506 2505/2505/2505 2484/2484/2484
f 2681/2681/2681 2685/2685/2685 2682/2682/2682
f 2815/2815/2815 3262/3262/3262 3196/3196/3196
f 3262/3262/3262 3199/3199/3199 3196/3196/3196
f 3198/3198/3198 3634/3634/3634 3197/3197/3197
f 3204/3204/3204 2852/2852/2852 3634/3634/3634
f 3273/3273/3273 3275/3275/3275 3208/3208/3208
f 3208/3208/3208 3275/3275/3275 3209/3209/3209
f 3275/3275/3275 3277/3277/3277 3209/3209/3209
f 3278/3278/3278 3279/3279/3279 3210/3210/3210
f 3279/3279/3279 3283/3283/3283 3210/3210/3210
f 3210/3210/3210 3283/3283/3283 2884/2884/2884
f 3283/3283/3283 3688/3688/3688 2884/2884/2884
f 3283/3283/3283 3686/3686/3686 3688/3688/3688
f 3686/3686/3686 2719/2719/2719 3688/3688/3688
f 2518/2518/2518 2681/2681/2681 2474/2474/2474
f 2681/2681/2681 2682/2682/2682 2474/2474/2474
f 2685/2685/2685 4113/4113/4113 2682/2682/2682
f 4113/4113/4113 4112/4112/4112 2682/2682/2682
f 2484/2484/2484 2483/2483/2483 2481/2481/2481
f 2815/2815/2815 3196/3196/3196 2700/2700/2700
f 3196/3196/3196 3197/3197/3197 2697/2697/2697
f 3273/3273/3273 3208/3208/3208 3207/3207/3207
f 3277/3277/3277 3278/3278/3278 3209/3209/3209
f 3278/3278/3278 3210/3210/3210 3209/3209/3209
f 2718/2718/2718 2714/2714/2714 2719/2719/2719
f 2504/2504/2504 2506/2506/2506 2484/2484/2484
f 2498/2498/2498 2499/2499/2499 2487/2487/2487
f 184/184/184 187/187/187 185/185/185
f 2851/2851/2851 2850/2850/2850 2587/2587/2587
f 3209/3209/3209 3210/3210/3210 2883/2883/2883
f 3210/3210/3210 2884/2884/2884 2883/2883/2883
f 2884/2884/2884 3688/3688/3688 2716/2716/2716
f 3688/3688/3688 2719/2719/2719 2716/2716/2716
f 2504/2504/2504 2484/2484/2484 2499/2499/2499
f 2682/2682/2682 4112/4112/4112 2524/2524/2524
f 1730/1730/1730 1729/1729/1729 678/678/678
f 2700/2700/2700 3196/3196/3196 2697/2697/2697
f 2852/2852/2852 2851/2851/2851 2587/2587/2587
f 3207/3207/3207 3208/3208/3208 2850/2850/2850
f 2883/2883/2883 2884/2884/2884 2716/2716/2716
f 2719/2719/2719 2714/2714/2714 2716/2716/2716
f 2682/2682/2682 2524/2524/2524 2474/2474/2474
f 2524/2524/2524 4267/4267/4267 3836/3836/3836
f 2498/2498/2498 2487/2487/2487 2496/2496/2496
f 2499/2499/2499 2484/2484/2484 2487/2487/2487
f 2697/2697/2697 3197/3197/3197 2583/2583/2583
f 3197/3197/3197 3634/3634/3634 2583/2583/2583
f 3634/3634/3634 2852/2852/2852 2587/2587/2587
f 3634/3634/3634 2587/2587/2587 2586/2586/2586
f 2850/2850/2850 3208/3208/3208 2664/2664/2664
f 3208/3208/3208 3209/3209/3209 2664/2664/2664
f 2664/2664/2664 3209/3209/3209 2883/2883/2883
f 2883/2883/2883 2716/2716/2716 2495/2495/2495
f 2496/2496/2496 2716/2716/2716 2714/2714/2714
f 2714/2714/2714 2498/2498/2498 2496/2496/2496
f 2524/2524/2524 3836/3836/3836 2523/2523/2523
f 2518/2518/2518 2474/2474/2474 2475/2475/2475
f 34/34/34 35/35/35 36/36/36
f 36/36/36 35/35/35 37/37/37
f 3981/3981/3981 2815/2815/2815 2699/2699/2699
f 3981/3981/3981 2699/2699/2699 3865/3865/3865
f 2815/2815/2815 2700/2700/2700 2699/2699/2699
f 3634/3634/3634 2586/2586/2586 2583/2583/2583
f 2850/2850/2850 2589/2589/2589 2587/2587/2587
f 2850/2850/2850 2664/2664/2664 2589/2589/2589
f 2664/2664/2664 2883/2883/2883 2495/2495/2495
f 2495/2495/2495 2716/2716/2716 2496/2496/2496
f 2474/2474/2474 2524/2524/2524 2523/2523/2523
f 2477/2477/2477 2514/2514/2514 2475/2475/2475
f 2523/2523/2523 3836/3836/3836 3894/3894/3894
f 2700/2700/2700 2697/2697/2697 2699/2699/2699
f 2589/2589/2589 2664/2664/2664 2497/2497/2497
f 2664/2664/2664 2495/2495/2495 2497/2497/2497
f 2495/2495/2495 2496/2496/2496 2490/2490/2490
f 2496/2496/2496 2487/2487/2487 2490/2490/2490
f 2699/2699/2699 2697/2697/2697 2698/2698/2698
f 2583/2583/2583 2586/2586/2586 2584/2584/2584
f 2586/2586/2586 2587/2587/2587 2584/2584/2584
f 2587/2587/2587 2588/2588/2588 2584/2584/2584
f 2587/2587/2587 2589/2589/2589 2588/2588/2588
f 2523/2523/2523 2758/2758/2758 2757/2757/2757
f 2487/2487/2487 2484/2484/2484 2485/2485/2485
f 2523/2523/2523 3894/3894/3894 2758/2758/2758
f 2758/2758/2758 3894/3894/3894 4146/4146/4146
f 3894/3894/3894 4271/4271/4271 4146/4146/4146
f 2698/2698/2698 2697/2697/2697 2696/2696/2696
f 2697/2697/2697 2583/2583/2583 2696/2696/2696
f 2696/2696/2696 2583/2583/2583 2585/2585/2585
f 2583/2583/2583 2584/2584/2584 2585/2585/2585
f 2589/2589/2589 2497/2497/2497 2590/2590/2590
f 2589/2589/2589 2590/2590/2590 2588/2588/2588
f 2758/2758/2758 3241/3241/3241 2757/2757/2757
f 175/175/175 174/174/174 176/176/176
f 2494/2494/2494 2495/2495/2495 2490/2490/2490
f 2490/2490/2490 2487/2487/2487 2489/2489/2489
f 2485/2485/2485 2484/2484/2484 2481/2481/2481
f 2481/2481/2481 2477/2477/2477 2478/2478/2478
f 2758/2758/2758 4146/4146/4146 3241/3241/3241
f 3865/3865/3865 2699/2699/2699 2698/2698/2698
f 2585/2585/2585 2584/2584/2584 2783/2783/2783
f 2783/2783/2783 2584/2584/2584 2784/2784/2784
f 2584/2584/2584 2588/2588/2588 2784/2784/2784
f 2588/2588/2588 2590/2590/2590 2822/2822/2822
f 2487/2487/2487 2485/2485/2485 2488/2488/2488
f 3241/3241/3241 4146/4146/4146 4201/4201/4201
f 4146/4146/4146 4202/4202/4202 4201/4201/4201
f 1404/1404/1404 1402/1402/1402 1941/1941/1941
f 2696/2696/2696 2585/2585/2585 2782/2782/2782
f 2585/2585/2585 2783/2783/2783 2782/2782/2782
f 2784/2784/2784 2588/2588/2588 2785/2785/2785
f 2588/2588/2588 2822/2822/2822 2785/2785/2785
f 3241/3241/3241 3846/3846/3846 2757/2757/2757
f 171/171/171 172/172/172 173/173/173
f 2477/2477/2477 2475/2475/2475 2476/2476/2476
f 3241/3241/3241 4201/4201/4201 3846/3846/3846
f 4201/4201/4201 4202/4202/4202 4203/4203/4203
f 1404/1404/1404 1941/1941/1941 2069/2069/2069
f 36/36/36 37/37/37 38/38/38
f 38/38/38 37/37/37 40/40/40
f 3865/3865/3865 2698/2698/2698 3840/3840/3840
f 2698/2698/2698 2696/2696/2696 2802/2802/2802
f 2822/2822/2822 2590/2590/2590 2823/2823/2823
f 2497/2497/2497 2495/2495/2495 2494/2494/2494
f 4201/4201/4201 4203/4203/4203 4204/4204/4204
f 48/48/48 38/38/38 40/40/40
f 3840/3840/3840 2698/2698/2698 2802/2802/2802
f 2696/2696/2696 2782/2782/2782 2911/2911/2911
f 2783/2783/2783 2784/2784/2784 2906/2906/2906
f 2784/2784/2784 2785/2785/2785 2904/2904/2904
f 2785/2785/2785 2822/2822/2822 2823/2823/2823
f 180/180/180 181/181/181 179/179/179
f 2590/2590/2590 2497/2497/2497 2582/2582/2582
f 2491/2491/2491 2490/2490/2490 2489/2489/2489
f 2755/2755/2755 2757/2757/2757 2756/2756/2756
f 2757/2757/2757 3846/3846/3846 2756/2756/2756
f 3846/3846/3846 4201/4201/4201 3847/3847/3847
f 3846/3846/3846 3847/3847/3847 2756/2756/2756
f 4201/4201/4201 4204/4204/4204 3847/3847/3847
f 3847/3847/3847 4204/4204/4204 4220/4220/4220
f 179/179/179 181/181/181 182/182/182
f 1404/1404/1404 2069/2069/2069 2061/2061/2061
f 1404/1404/1404 2061/2061/2061 1732/1732/1732
f 4096/4096/4096 3840/3840/3840 3136/3136/3136
f 3840/3840/3840 2802/2802/2802 3136/3136/3136
f 2802/2802/2802 2696/2696/2696 2911/2911/2911
f 2783/2783/2783 2906/2906/2906 2782/2782/2782
f 2906/2906/2906 2784/2784/2784 2905/2905/2905
f 2784/2784/2784 2904/2904/2904 2905/2905/2905
f 2785/2785/2785 2823/2823/2823 2904/2904/2904
f 2474/2474/2474 2523/2523/2523 2473/2473/2473
f 3847/3847/3847 4220/4220/4220 4050/4050/4050
f 4050/4050/4050 4220/4220/4220 4230/4230/4230
f 2802/2802/2802 2911/2911/2911 2912/2912/2912
f 2911/2911/2911 2782/2782/2782 2915/2915/2915
f 2782/2782/2782 2906/2906/2906 2915/2915/2915
f 2823/2823/2823 2824/2824/2824 2869/2869/2869
f 2823/2823/2823 2590/2590/2590 2824/2824/2824
f 2824/2824/2824 2590/2590/2590 2592/2592/2592
f 196/196/196 195/195/195 183/183/183
f 2489/2489/2489 2487/2487/2487 2488/2488/2488
f 2478/2478/2478 2477/2477/2477 2476/2476/2476
f 2474/2474/2474 2473/2473/2473 2455/2455/2455
f 2523/2523/2523 2755/2755/2755 2473/2473/2473
f 2473/2473/2473 2755/2755/2755 2752/2752/2752
f 2755/2755/2755 2756/2756/2756 2752/2752/2752
f 2756/2756/2756 3847/3847/3847 2754/2754/2754
f 3847/3847/3847 4050/4050/4050 2754/2754/2754
f 4050/4050/4050 4230/4230/4230 4192/4192/4192
f 4487/4487/4487 4488/4488/4488 4489/4489/4489
f 2904/2904/2904 2823/2823/2823 2869/2869/2869
f 2590/2590/2590 2582/2582/2582 2591/2591/2591
f 2490/2490/2490 2491/2491/2491 2494/2494/2494
f 2756/2756/2756 2754/2754/2754 2752/2752/2752
f 2754/2754/2754 2753/2753/2753 2752/2752/2752
f 2754/2754/2754 4050/4050/4050 2753/2753/2753
f 4050/4050/4050 4192/4192/4192 2753/2753/2753
f 2753/2753/2753 4192/4192/4192 4109/4109/4109
f 4192/4192/4192 4241/4241/4241 4109/4109/4109
f 2906/2906/2906 2905/2905/2905 2910/2910/2910
f 2905/2905/2905 2904/2904/2904 2903/2903/2903
f 2485/2485/2485 2481/2481/2481 2486/2486/2486
f 2481/2481/2481 2478/2478/2478 2480/2480/2480
f 2478/2478/2478 2476/2476/2476 2454/2454/2454
f 2476/2476/2476 2475/2475/2475 2455/2455/2455
f 2475/2475/2475 2474/2474/2474 2455/2455/2455
f 4109/4109/4109 4241/4241/4241 4215/4215/4215
f 191/191/191 190/190/190 224/224/224
f 2027/2027/2027 1732/1732/1732 2061/2061/2061
f 25/25/25 27/27/27 26/26/26
f 4096/4096/4096 3136/3136/3136 3880/3880/3880
f 2912/2912/2912 2911/2911/2911 2914/2914/2914
f 2911/2911/2911 2915/2915/2915 2914/2914/2914
f 2905/2905/2905 2903/2903/2903 2910/2910/2910
f 2903/2903/2903 2904/2904/2904 2866/2866/2866
f 2904/2904/2904 2869/2869/2869 2866/2866/2866
f 2752/2752/2752 2753/2753/2753 2674/2674/2674
f 2753/2753/2753 4109/4109/4109 3234/3234/3234
f 2753/2753/2753 3234/3234/3234 2674/2674/2674
f 4109/4109/4109 4215/4215/4215 3234/3234/3234
f 4215/4215/4215 4241/4241/4241 4239/4239/4239
f 2802/2802/2802 2912/2912/2912 2913/2913/2913
f 2915/2915/2915 2916/2916/2916 2914/2914/2914
f 2915/2915/2915 2906/2906/2906 2916/2916/2916
f 2906/2906/2906 2910/2910/2910 2916/2916/2916
f 2869/2869/2869 2824/2824/2824 2867/2867/2867
f 2824/2824/2824 2592/2592/2592 2867/2867/2867
f 2497/2497/2497 2494/2494/2494 2582/2582/2582
f 2488/2488/2488 2485/2485/2485 2526/2526/2526
f 2486/2486/2486 2481/2481/2481 2480/2480/2480
f 2455/2455/2455 2473/2473/2473 2470/2470/2470
f 2470/2470/2470 2473/2473/2473 2471/2471/2471
f 2752/2752/2752 2674/2674/2674 2471/2471/2471
f 3234/3234/3234 4215/4215/4215 4069/4069/4069
f 4215/4215/4215 4239/4239/4239 4069/4069/4069
f 4069/4069/4069 4239/4239/4239 4210/4210/4210
f 4239/4239/4239 4244/4244/4244 4210/4210/4210
f 4239/4239/4239 4245/4245/4245 4244/4244/4244
f 3880/3880/3880 3136/3136/3136 2919/2919/2919
f 3136/3136/3136 2802/2802/2802 2913/2913/2913
f 3136/3136/3136 2913/2913/2913 2919/2919/2919
f 2869/2869/2869 2867/2867/2867 2866/2866/2866
f 2590/2590/2590 2591/2591/2591 2592/2592/2592
f 2473/2473/2473 2752/2752/2752 2471/2471/2471
f 2674/2674/2674 3234/3234/3234 2675/2675/2675
f 3234/3234/3234 4069/4069/4069 2675/2675/2675
f 2914/2914/2914 2916/2916/2916 3019/3019/3019
f 2867/2867/2867 2592/2592/2592 2593/2593/2593
f 2591/2591/2591 2582/2582/2582 2595/2595/2595
f 188/188/188 192/192/192 189/189/189
f 2478/2478/2478 2454/2454/2454 2479/2479/2479
f 2471/2471/2471 2674/2674/2674 2472/2472/2472
f 2472/2472/2472 2674/2674/2674 2675/2675/2675
f 2675/2675/2675 4069/4069/4069 3804/3804/3804
f 4069/4069/4069 4210/4210/4210 3804/3804/3804
f 2916/2916/2916 2910/2910/2910 3019/3019/3019
f 2903/2903/2903 2866/2866/2866 2868/2868/2868
f 2491/2491/2491 2489/2489/2489 2492/2492/2492
f 2526/2526/2526 2485/2485/2485 2486/2486/2486
f 2454/2454/2454 2476/2476/2476 2455/2455/2455
f 25/25/25 26/26/26 22/22/22
f 2913/2913/2913 2912/2912/2912 2917/2917/2917
f 2912/2912/2912 2914/2914/2914 2917/2917/2917
f 2595/2595/2595 2582/2582/2582 2596/2596/2596
f 2470/2470/2470 2471/2471/2471 2469/2469/2469
f 2471/2471/2471 2472/2472/2472 2469/2469/2469
f 2675/2675/2675 3804/3804/3804 2690/2690/2690
f 3804/3804/3804 4210/4210/4210 4063/4063/4063
f 3804/3804/3804 4063/4063/4063 2690/2690/2690
f 4210/4210/4210 4234/4234/4234 4063/4063/4063
f 4234/4234/4234 4244/4244/4244 4264/4264/4264
f 2917/2917/2917 2914/2914/2914 3020/3020/3020
f 2914/2914/2914 3019/3019/3019 3020/3020/3020
f 3019/3019/3019 2910/2910/2910 2989/2989/2989
f 2486/2486/2486 2480/2480/2480 2533/2533/2533
f 2480/2480/2480 2478/2478/2478 2479/2479/2479
f 2455/2455/2455 2470/2470/2470 2456/2456/2456
f 2910/2910/2910 2903/2903/2903 2907/2907/2907
f 2903/2903/2903 2868/2868/2868 2907/2907/2907
f 2592/2592/2592 2591/2591/2591 2593/2593/2593
f 2675/2675/2675 2690/2690/2690 2472/2472/2472
f 2690/2690/2690 4063/4063/4063 4027/4027/4027
f 4063/4063/4063 4234/4234/4234 4027/4027/4027
f 2919/2919/2919 2913/2913/2913 2918/2918/2918
f 2913/2913/2913 2917/2917/2917 2918/2918/2918
f 3019/3019/3019 3017/3017/3017 3020/3020/3020
f 3017/3017/3017 3019/3019/3019 3021/3021/3021
f 3019/3019/3019 2989/2989/2989 3021/3021/3021
f 2866/2866/2866 2867/2867/2867 2868/2868/2868
f 2868/2868/2868 2867/2867/2867 2870/2870/2870
f 2582/2582/2582 2494/2494/2494 2596/2596/2596
f 2479/2479/2479 2454/2454/2454 2482/2482/2482
f 2454/2454/2454 2455/2455/2455 2452/2452/2452
f 2455/2455/2455 2456/2456/2456 2452/2452/2452
f 2469/2469/2469 2472/2472/2472 2468/2468/2468
f 4027/4027/4027 4234/4234/4234 4211/4211/4211
f 4234/4234/4234 4264/4264/4264 4262/4262/4262
f 4234/4234/4234 4262/4262/4262 4211/4211/4211
f 4264/4264/4264 4263/4263/4263 4262/4262/4262
f 3880/3880/3880 2919/2919/2919 3106/3106/3106
f 2910/2910/2910 2907/2907/2907 2989/2989/2989
f 2870/2870/2870 2867/2867/2867 2871/2871/2871
f 2867/2867/2867 2593/2593/2593 2871/2871/2871
f 2593/2593/2593 2591/2591/2591 2594/2594/2594
f 198/198/198 218/218/218 223/223/223
f 2690/2690/2690 4027/4027/4027 3906/3906/3906
f 4027/4027/4027 4211/4211/4211 3906/3906/3906
f 22/22/22 26/26/26 23/23/23
f 3880/3880/3880 3106/3106/3106 4120/4120/4120
f 3106/3106/3106 2919/2919/2919 2918/2918/2918
f 2868/2868/2868 2870/2870/2870 2908/2908/2908
f 2593/2593/2593 2594/2594/2594 2871/2871/2871
f 2591/2591/2591 2595/2595/2595 2594/2594/2594
f 2492/2492/2492 2489/2489/2489 2488/2488/2488
f 2472/2472/2472 2690/2690/2690 2689/2689/2689
f 2690/2690/2690 3906/3906/3906 2689/2689/2689
f 2918/2918/2918 2917/2917/2917 3016/3016/3016
f 2917/2917/2917 3020/3020/3020 3016/3016/3016
f 3017/3017/3017 3021/3021/3021 2992/2992/2992
f 2868/2868/2868 2908/2908/2908 2907/2907/2907
f 2494/2494/2494 2491/2491/2491 2493/2493/2493
f 2493/2493/2493 2491/2491/2491 2492/2492/2492
f 2492/2492/2492 2488/2488/2488 2527/2527/2527
f 2486/2486/2486 2533/2533/2533 2528/2528/2528
f 2454/2454/2454 2453/2453/2453 2482/2482/2482
f 2456/2456/2456 2470/2470/2470 2457/2457/2457
f 2470/2470/2470 2469/2469/2469 2457/2457/2457
f 2469/2469/2469 2468/2468/2468 2457/2457/2457
f 2468/2468/2468 2472/2472/2472 2686/2686/2686
f 2686/2686/2686 2472/2472/2472 2689/2689/2689
f 4211/4211/4211 4262/4262/4262 4251/4251/4251
f 4251/4251/4251 4274/4274/4274 4275/4275/4275
f 4262/4262/4262 4263/4263/4263 4251/4251/4251
f 3020/3020/3020 3017/3017/3017 3016/3016/3016
f 2488/2488/2488 2526/2526/2526 2527/2527/2527
f 2527/2527/2527 2526/2526/2526 2528/2528/2528
f 2526/2526/2526 2486/2486/2486 2528/2528/2528
f 2453/2453/2453 2454/2454/2454 2452/2452/2452
f 3906/3906/3906 4211/4211/4211 4213/4213/4213
f 4211/4211/4211 4251/4251/4251 4213/4213/4213
f 4251/4251/4251 4275/4275/4275 4268/4268/4268
f 2871/2871/2871 2594/2594/2594 3219/3219/3219
f 2595/2595/2595 2596/2596/2596 2692/2692/2692
f 2689/2689/2689 3906/3906/3906 4042/4042/4042
f 2689/2689/2689 4042/4042/4042 3754/3754/3754
f 3906/3906/3906 4213/4213/4213 4042/4042/4042
f 3106/3106/3106 3016/3016/3016 3105/3105/3105
f 3016/3016/3016 3017/3017/3017 3018/3018/3018
f 3021/3021/3021 2989/2989/2989 2992/2992/2992
f 2908/2908/2908 2870/2870/2870 2909/2909/2909
f 2870/2870/2870 2871/2871/2871 3067/3067/3067
f 2871/2871/2871 3219/3219/3219 3067/3067/3067
f 2594/2594/2594 2595/2595/2595 2692/2692/2692
f 2527/2527/2527 2528/2528/2528 2529/2529/2529
f 2480/2480/2480 2479/2479/2479 2482/2482/2482
f 2452/2452/2452 2456/2456/2456 2448/2448/2448
f 22/22/22 23/23/23 24/24/24
f 3016/3016/3016 3018/3018/3018 3023/3023/3023
f 3017/3017/3017 2992/2992/2992 2991/2991/2991
f 2908/2908/2908 2909/2909/2909 2907/2907/2907
f 2870/2870/2870 3067/3067/3067 2909/2909/2909
f 3219/3219/3219 2594/2594/2594 3221/3221/3221
f 2594/2594/2594 3220/3220/3220 3221/3221/3221
f 2480/2480/2480 2482/2482/2482 2535/2535/2535
f 2449/2449/2449 2452/2452/2452 2448/2448/2448
f 2448/2448/2448 2456/2456/2456 2457/2457/2457
f 2686/2686/2686 2689/2689/2689 2688/2688/2688
f 2689/2689/2689 3754/3754/3754 2688/2688/2688
f 4042/4042/4042 4213/4213/4213 4158/4158/4158
f 4213/4213/4213 4251/4251/4251 4158/4158/4158
f 4158/4158/4158 4251/4251/4251 4257/4257/4257
f 3105/3105/3105 3016/3016/3016 3103/3103/3103
f 3016/3016/3016 3023/3023/3023 3103/3103/3103
f 3023/3023/3023 3018/3018/3018 3022/3022/3022
f 3067/3067/3067 3219/3219/3219 3170/3170/3170
f 3219/3219/3219 3221/3221/3221 3170/3170/3170
f 2594/2594/2594 2692/2692/2692 3220/3220/3220
f 2596/2596/2596 2597/2597/2597 2692/2692/2692
f 2596/2596/2596 2494/2494/2494 2597/2597/2597
f 2529/2529/2529 2528/2528/2528 2533/2533/2533
f 2482/2482/2482 2453/2453/2453 2451/2451/2451
f 2451/2451/2451 2453/2453/2453 2452/2452/2452
f 2448/2448/2448 2457/2457/2457 2458/2458/2458
f 2457/2457/2457 2468/2468/2468 2459/2459/2459
f 2468/2468/2468 2686/2686/2686 2459/2459/2459
f 2688/2688/2688 3754/3754/3754 3991/3991/3991
f 3754/3754/3754 4042/4042/4042 4158/4158/4158
f 3754/3754/3754 4158/4158/4158 3991/3991/3991
f 24/24/24 23/23/23 28/28/28
f 4120/4120/4120 3106/3106/3106 4118/4118/4118
f 3018/3018/3018 2979/2979/2979 3022/3022/3022
f 3018/3018/3018 3017/3017/3017 2991/2991/2991
f 2991/2991/2991 2992/2992/2992 2990/2990/2990
f 2992/2992/2992 2989/2989/2989 2990/2990/2990
f 2989/2989/2989 2907/2907/2907 2987/2987/2987
f 2907/2907/2907 2909/2909/2909 2993/2993/2993
f 2909/2909/2909 3067/3067/3067 2993/2993/2993
f 2993/2993/2993 3067/3067/3067 3170/3170/3170
f 2494/2494/2494 2493/2493/2493 2597/2597/2597
f 2458/2458/2458 2457/2457/2457 2459/2459/2459
f 3991/3991/3991 4158/4158/4158 4221/4221/4221
f 4118/4118/4118 3106/3106/3106 3867/3867/3867
f 3106/3106/3106 3105/3105/3105 3867/3867/3867
f 2987/2987/2987 2907/2907/2907 2993/2993/2993
f 2993/2993/2993 3170/3170/3170 2988/2988/2988
f 2527/2527/2527 2529/2529/2529 2580/2580/2580
f 2533/2533/2533 2480/2480/2480 2535/2535/2535
f 2451/2451/2451 2452/2452/2452 2450/2450/2450
f 2450/2450/2450 2452/2452/2452 2449/2449/2449
f 2459/2459/2459 2686/2686/2686 2687/2687/2687
f 2686/2686/2686 2688/2688/2688 2687/2687/2687
f 2687/2687/2687 2688/2688/2688 2857/2857/2857
f 2688/2688/2688 3991/3991/3991 4086/4086/4086
f 2688/2688/2688 4086/4086/4086 2857/2857/2857
f 3991/3991/3991 4221/4221/4221 4086/4086/4086
f 4501/4501/4501 4500/4500/4500 4497/4497/4497
f 3867/3867/3867 3105/3105/3105 3195/3195/3195
f 3105/3105/3105 3103/3103/3103 3195/3195/3195
f 2990/2990/2990 2989/2989/2989 2978/2978/2978
f 2989/2989/2989 2987/2987/2987 2978/2978/2978
f 2987/2987/2987 2993/2993/2993 2988/2988/2988
f 3170/3170/3170 3221/3221/3221 3169/3169/3169
f 3221/3221/3221 3220/3220/3220 3169/3169/3169
f 3220/3220/3220 2692/2692/2692 2693/2693/2693
f 2493/2493/2493 2492/2492/2492 2581/2581/2581
f 2581/2581/2581 2492/2492/2492 2527/2527/2527
f 2534/2534/2534 2533/2533/2533 2535/2535/2535
f 2535/2535/2535 2482/2482/2482 2525/2525/2525
f 2482/2482/2482 2451/2451/2451 2525/2525/2525
f 2687/2687/2687 2857/2857/2857 2856/2856/2856
f 1847/1847/1847 1395/1395/1395 1901/1901/1901
f 3103/3103/3103 3023/3023/3023 3102/3102/3102
f 3023/3023/3023 3022/3022/3022 3102/3102/3102
f 2990/2990/2990 2978/2978/2978 2991/2991/2991
f 2987/2987/2987 2988/2988/2988 2980/2980/2980
f 2988/2988/2988 2986/2986/2986 2980/2980/2980
f 2988/2988/2988 3170/3170/3170 2986/2986/2986
f 2986/2986/2986 3170/3170/3170 3169/3169/3169
f 3169/3169/3169 3220/3220/3220 3178/3178/3178
f 2692/2692/2692 2597/2597/2597 2693/2693/2693
f 2597/2597/2597 2666/2666/2666 2693/2693/2693
f 2856/2856/2856 2857/2857/2857 4025/4025/4025
f 2857/2857/2857 4086/4086/4086 4025/4025/4025
f 4025/4025/4025 4086/4086/4086 4212/4212/4212
f 3195/3195/3195 3103/3103/3103 3166/3166/3166
f 3103/3103/3103 3102/3102/3102 3166/3166/3166
f 2991/2991/2991 2978/2978/2978 2979/2979/2979
f 2978/2978/2978 2987/2987/2987 2980/2980/2980
f 2986/2986/2986 3169/3169/3169 2984/2984/2984
f 3220/3220/3220 2693/2693/2693 3178/3178/3178
f 2458/2458/2458 2459/2459/2459 2460/2460/2460
f 2460/2460/2460 2459/2459/2459 2467/2467/2467
f 2459/2459/2459 2687/2687/2687 2467/2467/2467
f 2687/2687/2687 2856/2856/2856 2691/2691/2691
f 2691/2691/2691 2856/2856/2856 3839/3839/3839
f 2856/2856/2856 4026/4026/4026 3839/3839/3839
f 2856/2856/2856 4025/4025/4025 4026/4026/4026
f 4025/4025/4025 4212/4212/4212 4270/4270/4270
f 3169/3169/3169 3178/3178/3178 2984/2984/2984
f 2597/2597/2597 2493/2493/2493 2598/2598/2598
f 2529/2529/2529 2533/2533/2533 2531/2531/2531
f 2533/2533/2533 2534/2534/2534 2531/2531/2531
f 2450/2450/2450 2449/2449/2449 2447/2447/2447
f 2448/2448/2448 2458/2458/2458 2446/2446/2446
f 2467/2467/2467 2687/2687/2687 2691/2691/2691
f 3839/3839/3839 4026/4026/4026 4043/4043/4043
f 141/141/141 144/144/144 143/143/143
f 141/141/141 143/143/143 140/140/140
f 4118/4118/4118 3867/3867/3867 3868/3868/3868
f 3867/3867/3867 3195/3195/3195 3868/3868/3868
f 2980/2980/2980 2986/2986/2986 2982/2982/2982
f 2597/2597/2597 2598/2598/2598 2666/2666/2666
f 2534/2534/2534 2535/2535/2535 2536/2536/2536
f 2535/2535/2535 2525/2525/2525 2536/2536/2536
f 2525/2525/2525 2451/2451/2451 2434/2434/2434
f 2451/2451/2451 2450/2450/2450 2434/2434/2434
f 2450/2450/2450 2447/2447/2447 2434/2434/2434
f 2448/2448/2448 2446/2446/2446 2447/2447/2447
f 2467/2467/2467 2691/2691/2691 2694/2694/2694
f 2694/2694/2694 2691/2691/2691 3909/3909/3909
f 2691/2691/2691 3839/3839/3839 4043/4043/4043
f 2691/2691/2691 4043/4043/4043 3909/3909/3909
f 24/24/24 28/28/28 29/29/29
f 4118/4118/4118 3868/3868/3868 4119/4119/4119
f 3166/3166/3166 3163/3163/3163 3195/3195/3195
f 3166/3166/3166 3102/3102/3102 3163/3163/3163
f 3102/3102/3102 3022/3022/3022 3025/3025/3025
f 2979/2979/2979 2978/2978/2978 2977/2977/2977
f 2978/2978/2978 2975/2975/2975 2977/2977/2977
f 2978/2978/2978 2980/2980/2980 2975/2975/2975
f 2980/2980/2980 2982/2982/2982 2981/2981/2981
f 2984/2984/2984 3178/3178/3178 2985/2985/2985
f 3178/3178/3178 2693/2693/2693 3068/3068/3068
f 3068/3068/3068 2693/2693/2693 3070/3070/3070
f 2693/2693/2693 2666/2666/2666 2834/2834/2834
f 2666/2666/2666 2598/2598/2598 2665/2665/2665
f 2493/2493/2493 2581/2581/2581 2598/2598/2598
f 2581/2581/2581 2527/2527/2527 2580/2580/2580
f 2449/2449/2449 2448/2448/2448 2447/2447/2447
f 2460/2460/2460 2467/2467/2467 2695/2695/2695
f 3909/3909/3909 4043/4043/4043 4071/4071/4071
f 4071/4071/4071 4043/4043/4043 4072/4072/4072
f 4043/4043/4043 4026/4026/4026 4252/4252/4252
f 4043/4043/4043 4252/4252/4252 4072/4072/4072
f 2986/2986/2986 2984/2984/2984 2982/2982/2982
f 3178/3178/3178 3068/3068/3068 2985/2985/2985
f 2834/2834/2834 2666/2666/2666 2665/2665/2665
f 2598/2598/2598 2581/2581/2581 2599/2599/2599
f 2581/2581/2581 2580/2580/2580 2579/2579/2579
f 2446/2446/2446 2458/2458/2458 2460/2460/2460
f 2695/2695/2695 2467/2467/2467 2466/2466/2466
f 2467/2467/2467 2694/2694/2694 2466/2466/2466
f 2466/2466/2466 2694/2694/2694 2896/2896/2896
f 2694/2694/2694 3998/3998/3998 2896/2896/2896
f 2694/2694/2694 3909/3909/3909 4071/4071/4071
f 2694/2694/2694 4071/4071/4071 3998/3998/3998
f 3163/3163/3163 3102/3102/3102 3025/3025/3025
f 3022/3022/3022 2979/2979/2979 3015/3015/3015
f 2693/2693/2693 2834/2834/2834 3070/3070/3070
f 2580/2580/2580 2529/2529/2529 2530/2530/2530
f 2529/2529/2529 2531/2531/2531 2530/2530/2530
f 2536/2536/2536 2525/2525/2525 2433/2433/2433
f 2433/2433/2433 2525/2525/2525 2434/2434/2434
f 2460/2460/2460 2695/2695/2695 2466/2466/2466
f 2466/2466/2466 2896/2896/2896 2887/2887/2887
f 3998/3998/3998 4071/4071/4071 4062/4062/4062
f 4062/4062/4062 4071/4071/4071 4070/4070/4070
f 4071/4071/4071 4072/4072/4072 4070/4070/4070
f 4070/4070/4070 4072/4072/4072 4236/4236/4236
f 3163/3163/3163 3025/3025/3025 3164/3164/3164
f 3025/3025/3025 3022/3022/3022 3024/3024/3024
f 3022/3022/3022 3015/3015/3015 3024/3024/3024
f 2982/2982/2982 2984/2984/2984 2983/2983/2983
f 2579/2579/2579 2580/2580/2580 2530/2530/2530
f 2446/2446/2446 2460/2460/2460 2444/2444/2444
f 2461/2461/2461 2460/2460/2460 2466/2466/2466
f 2887/2887/2887 2896/2896/2896 4039/4039/4039
f 2896/2896/2896 3998/3998/3998 4062/4062/4062
f 2896/2896/2896 4062/4062/4062 4039/4039/4039
f 4062/4062/4062 4070/4070/4070 4064/4064/4064
f 3868/3868/3868 3195/3195/3195 3747/3747/3747
f 3195/3195/3195 3163/3163/3163 3747/3747/3747
f 2975/2975/2975 2980/2980/2980 2981/2981/2981
f 2984/2984/2984 2985/2985/2985 2845/2845/2845
f 2984/2984/2984 2845/2845/2845 2983/2983/2983
f 2665/2665/2665 2598/2598/2598 2599/2599/2599
f 2433/2433/2433 2434/2434/2434 2435/2435/2435
f 2447/2447/2447 2446/2446/2446 2443/2443/2443
f 2466/2466/2466 2887/2887/2887 2780/2780/2780
f 4062/4062/4062 4064/4064/4064 4061/4061/4061
f 2979/2979/2979 2977/2977/2977 2976/2976/2976
f 2985/2985/2985 3068/3068/3068 2845/2845/2845
f 3070/3070/3070 2834/2834/2834 3069/3069/3069
f 2534/2534/2534 2536/2536/2536 2433/2433/2433
f 2438/2438/2438 2433/2433/2433 2437/2437/2437
f 2435/2435/2435 2434/2434/2434 2447/2447/2447
f 2443/2443/2443 2446/2446/2446 2444/2444/2444
f 2444/2444/2444 2460/2460/2460 2461/2461/2461
f 2780/2780/2780 2887/2887/2887 3970/3970/3970
f 2887/2887/2887 4039/4039/4039 4053/4053/4053
f 2887/2887/2887 4053/4053/4053 3970/3970/3970
f 4039/4039/4039 4062/4062/4062 4053/4053/4053
f 4062/4062/4062 4061/4061/4061 4053/4053/4053
f 4227/4227/4227 3868/3868/3868 4032/4032/4032
f 3868/3868/3868 3747/3747/3747 4032/4032/4032
f 3747/3747/3747 3163/3163/3163 3165/3165/3165
f 3163/3163/3163 3164/3164/3164 3165/3165/3165
f 2979/2979/2979 2976/2976/2976 3015/3015/3015
f 2976/2976/2976 2977/2977/2977 2975/2975/2975
f 2975/2975/2975 2981/2981/2981 2974/2974/2974
f 2845/2845/2845 3068/3068/3068 2882/2882/2882
f 2882/2882/2882 3068/3068/3068 3069/3069/3069
f 3068/3068/3068 3070/3070/3070 3069/3069/3069
f 2530/2530/2530 2531/2531/2531 2532/2532/2532
f 2531/2531/2531 2534/2534/2534 2537/2537/2537
f 2462/2462/2462 2444/2444/2444 2461/2461/2461
f 2466/2466/2466 2780/2780/2780 2461/2461/2461
f 2780/2780/2780 3970/3970/3970 3785/3785/3785
f 4053/4053/4053 4061/4061/4061 4060/4060/4060
f 4529/4529/4529 4531/4531/4531 4522/4522/4522
f 140/140/140 143/143/143 137/137/137
f 137/137/137 143/143/143 149/149/149
f 4227/4227/4227 4032/4032/4032 4226/4226/4226
f 2981/2981/2981 2982/2982/2982 2983/2983/2983
f 2599/2599/2599 2581/2581/2581 2600/2600/2600
f 2532/2532/2532 2531/2531/2531 2537/2537/2537
f 2534/2534/2534 2433/2433/2433 2537/2537/2537
f 2433/2433/2433 2435/2435/2435 2436/2436/2436
f 2435/2435/2435 2447/2447/2447 2443/2443/2443
f 2461/2461/2461 2780/2780/2780 2781/2781/2781
f 2780/2780/2780 3785/3785/3785 2781/2781/2781
f 3970/3970/3970 4053/4053/4053 3974/3974/3974
f 4053/4053/4053 4060/4060/4060 3974/3974/3974
f 3974/3974/3974 4060/4060/4060 3971/3971/3971
f 3024/3024/3024 3015/3015/3015 3026/3026/3026
f 2976/2976/2976 2975/2975/2975 2973/2973/2973
f 2974/2974/2974 2981/2981/2981 2983/2983/2983
f 2834/2834/2834 2665/2665/2665 2839/2839/2839
f 2462/2462/2462 2461/2461/2461 2821/2821/2821
f 2821/2821/2821 2461/2461/2461 2464/2464/2464
f 2461/2461/2461 2781/2781/2781 2464/2464/2464
f 3970/3970/3970 3974/3974/3974 3971/3971/3971
f 148/148/148 137/137/137 149/149/149
f 2983/2983/2983 2845/2845/2845 2844/2844/2844
f 3069/3069/3069 2834/2834/2834 2839/2839/2839
f 2839/2839/2839 2665/2665/2665 2727/2727/2727
f 2437/2437/2437 2433/2433/2433 2436/2436/2436
f 2436/2436/2436 2435/2435/2435 2440/2440/2440
f 2440/2440/2440 2435/2435/2435 2442/2442/2442
f 2435/2435/2435 2443/2443/2443 2442/2442/2442
f 3183/3183/3183 2781/2781/2781 3780/3780/3780
f 2781/2781/2781 3785/3785/3785 3815/3815/3815
f 2781/2781/2781 3815/3815/3815 3780/3780/3780
f 3785/3785/3785 3970/3970/3970 3815/3815/3815
f 3970/3970/3970 3971/3971/3971 3815/3815/3815
f 3815/3815/3815 3971/3971/3971 3972/3972/3972
f 3165/3165/3165 3164/3164/3164 3150/3150/3150
f 3015/3015/3015 2976/2976/2976 3026/3026/3026
f 2975/2975/2975 2974/2974/2974 2973/2973/2973
f 2983/2983/2983 2844/2844/2844 2974/2974/2974
f 2845/2845/2845 2882/2882/2882 2835/2835/2835
f 2882/2882/2882 3069/3069/3069 2839/2839/2839
f 2727/2727/2727 2665/2665/2665 2599/2599/2599
f 2599/2599/2599 2600/2600/2600 2725/2725/2725
f 2443/2443/2443 2444/2444/2444 2442/2442/2442
f 2444/2444/2444 2462/2462/2462 2463/2463/2463
f 2462/2462/2462 2821/2821/2821 2464/2464/2464
f 2464/2464/2464 2781/2781/2781 3183/3183/3183
f 3164/3164/3164 3025/3025/3025 3150/3150/3150
f 3025/3025/3025 3024/3024/3024 3150/3150/3150
f 2882/2882/2882 2839/2839/2839 2836/2836/2836
f 2433/2433/2433 2438/2438/2438 2537/2537/2537
f 2462/2462/2462 2464/2464/2464 2463/2463/2463
f 2974/2974/2974 2972/2972/2972 2973/2973/2973
f 2882/2882/2882 2836/2836/2836 2835/2835/2835
f 2727/2727/2727 2599/2599/2599 2725/2725/2725
f 2579/2579/2579 2530/2530/2530 2601/2601/2601
f 2440/2440/2440 2442/2442/2442 2441/2441/2441
f 2463/2463/2463 2464/2464/2464 2465/2465/2465
f 2464/2464/2464 3183/3183/3183 3182/3182/3182
f 3183/3183/3183 3780/3780/3780 3779/3779/3779
f 3780/3780/3780 3815/3815/3815 3814/3814/3814
f 3815/3815/3815 3972/3972/3972 3973/3973/3973
f 3815/3815/3815 3973/3973/3973 3814/3814/3814
f 4260/4260/4260 4226/4226/4226 4219/4219/4219
f 4226/4226/4226 4032/4032/4032 4219/4219/4219
f 4032/4032/4032 3747/3747/3747 3748/3748/3748
f 3024/3024/3024 3026/3026/3026 3029/3029/3029
f 3026/3026/3026 2976/2976/2976 2994/2994/2994
f 2976/2976/2976 2973/2973/2973 2994/2994/2994
f 2844/2844/2844 2845/2845/2845 2835/2835/2835
f 2836/2836/2836 2839/2839/2839 2728/2728/2728
f 2839/2839/2839 2727/2727/2727 2728/2728/2728
f 2725/2725/2725 2600/2600/2600 2722/2722/2722
f 2532/2532/2532 2537/2537/2537 2542/2542/2542
f 2542/2542/2542 2537/2537/2537 2438/2438/2438
f 2436/2436/2436 2440/2440/2440 2441/2441/2441
f 2464/2464/2464 3182/3182/3182 2465/2465/2465
f 3182/3182/3182 3183/3183/3183 3779/3779/3779
f 3747/3747/3747 3165/3165/3165 3748/3748/3748
f 3150/3150/3150 3024/3024/3024 3151/3151/3151
f 3024/3024/3024 3029/3029/3029 3153/3153/3153
f 3026/3026/3026 2994/2994/2994 3027/3027/3027
f 2972/2972/2972 2974/2974/2974 2844/2844/2844
f 2581/2581/2581 2579/2579/2579 2601/2601/2601
f 2445/2445/2445 2444/2444/2444 2551/2551/2551
f 3780/3780/3780 3814/3814/3814 3807/3807/3807
f 3814/3814/3814 3973/3973/3973 3975/3975/3975
f 3814/3814/3814 3975/3975/3975 3811/3811/3811
f 4219/4219/4219 4032/4032/4032 3748/3748/3748
f 3748/3748/3748 3165/3165/3165 3152/3152/3152
f 3165/3165/3165 3150/3150/3150 3152/3152/3152
f 3152/3152/3152 3150/3150/3150 3151/3151/3151
f 2971/2971/2971 2973/2973/2973 2972/2972/2972
f 2972/2972/2972 2844/2844/2844 2970/2970/2970
f 2727/2727/2727 2725/2725/2725 2728/2728/2728
f 2577/2577/2577 2530/2530/2530 2532/2532/2532
f 2438/2438/2438 2437/2437/2437 2436/2436/2436
f 2442/2442/2442 2444/2444/2444 2445/2445/2445
f 2444/2444/2444 2463/2463/2463 2551/2551/2551
f 2463/2463/2463 2465/2465/2465 2551/2551/2551
f 3779/3779/3779 3780/3780/3780 3778/3778/3778
f 3780/3780/3780 3807/3807/3807 3778/3778/3778
f 3814/3814/3814 3811/3811/3811 3807/3807/3807
f 3807/3807/3807 3811/3811/3811 3808/3808/3808
f 130/130/130 133/133/133 131/131/131
f 4219/4219/4219 3748/3748/3748 4235/4235/4235
f 3151/3151/3151 3024/3024/3024 3153/3153/3153
f 3029/3029/3029 3026/3026/3026 3027/3027/3027
f 2844/2844/2844 2835/2835/2835 2840/2840/2840
f 2835/2835/2835 2836/2836/2836 2837/2837/2837
f 2836/2836/2836 2728/2728/2728 2837/2837/2837
f 2725/2725/2725 2722/2722/2722 2726/2726/2726
f 1791/1791/1791 1792/1792/1792 2111/2111/2111
f 2542/2542/2542 2438/2438/2438 2544/2544/2544
f 2438/2438/2438 2436/2436/2436 2439/2439/2439
f 2436/2436/2436 2441/2441/2441 2439/2439/2439
f 2465/2465/2465 3182/3182/3182 3181/3181/3181
f 3182/3182/3182 3779/3779/3779 3181/3181/3181
f 4253/4253/4253 3809/3809/3809 3808/3808/3808
f 3748/3748/3748 3228/3228/3228 3749/3749/3749
f 3748/3748/3748 3152/3152/3152 3228/3228/3228
f 2972/2972/2972 2970/2970/2970 2971/2971/2971
f 2844/2844/2844 2840/2840/2840 2970/2970/2970
f 2840/2840/2840 2835/2835/2835 2838/2838/2838
f 2835/2835/2835 2837/2837/2837 2838/2838/2838
f 2837/2837/2837 2728/2728/2728 2853/2853/2853
f 2728/2728/2728 2725/2725/2725 2729/2729/2729
f 2725/2725/2725 2726/2726/2726 2729/2729/2729
f 2532/2532/2532 2542/2542/2542 2541/2541/2541
f 2542/2542/2542 2544/2544/2544 2545/2545/2545
f 2438/2438/2438 2439/2439/2439 2544/2544/2544
f 2441/2441/2441 2442/2442/2442 2445/2445/2445
f 3181/3181/3181 3779/3779/3779 3777/3777/3777
f 3779/3779/3779 3778/3778/3778 3777/3777/3777
f 3807/3807/3807 3808/3808/3808 3775/3775/3775
f 3808/3808/3808 3809/3809/3809 3775/3775/3775
f 2994/2994/2994 2973/2973/2973 2971/2971/2971
f 3181/3181/3181 3777/3777/3777 3180/3180/3180
f 3778/3778/3778 3807/3807/3807 3776/3776/3776
f 3775/3775/3775 3809/3809/3809 3810/3810/3810
f 3152/3152/3152 3151/3151/3151 3153/3153/3153
f 2837/2837/2837 2853/2853/2853 2838/2838/2838
f 2853/2853/2853 2728/2728/2728 2729/2729/2729
f 1790/1790/1790 1814/1814/1814 2092/2092/2092
f 2541/2541/2541 2542/2542/2542 2543/2543/2543
f 2441/2441/2441 2445/2445/2445 2550/2550/2550
f 2465/2465/2465 3181/3181/3181 2830/2830/2830
f 3776/3776/3776 3807/3807/3807 3775/3775/3775
f 130/130/130 131/131/131 132/132/132
f 4235/4235/4235 3748/3748/3748 4040/4040/4040
f 3748/3748/3748 3749/3749/3749 4040/4040/4040
f 3228/3228/3228 3152/3152/3152 3161/3161/3161
f 2722/2722/2722 2600/2600/2600 2601/2601/2601
f 2532/2532/2532 2541/2541/2541 2577/2577/2577
f 2542/2542/2542 2545/2545/2545 2539/2539/2539
f 2445/2445/2445 2551/2551/2551 2552/2552/2552
f 2551/2551/2551 2653/2653/2653 2552/2552/2552
f 2551/2551/2551 2465/2465/2465 2653/2653/2653
f 2830/2830/2830 3181/3181/3181 3180/3180/3180
f 3778/3778/3778 3776/3776/3776 3777/3777/3777
f 3775/3775/3775 3810/3810/3810 3812/3812/3812
f 1203/1203/1203 1201/1201/1201 1392/1392/1392
f 3152/3152/3152 3153/3153/3153 3161/3161/3161
f 2726/2726/2726 2722/2722/2722 2723/2723/2723
f 2600/2600/2600 2581/2581/2581 2601/2601/2601
f 2543/2543/2543 2542/2542/2542 2539/2539/2539
f 2465/2465/2465 2830/2830/2830 2653/2653/2653
f 3777/3777/3777 3776/3776/3776 3774/3774/3774
f 3777/3777/3777 3774/3774/3774 3180/3180/3180
f 3776/3776/3776 3775/3775/3775 3774/3774/3774
f 4233/4233/4233 3813/3813/3813 3812/3812/3812
f 132/132/132 131/131/131 134/134/134
f 4235/4235/4235 4040/4040/4040 4269/4269/4269
f 3749/3749/3749 3228/3228/3228 4040/4040/4040
f 3228/3228/3228 3161/3161/3161 3162/3162/3162
f 3161/3161/3161 3153/3153/3153 3162/3162/3162
f 3153/3153/3153 3029/3029/3029 3154/3154/3154
f 2838/2838/2838 2853/2853/2853 2841/2841/2841
f 2841/2841/2841 2853/2853/2853 2872/2872/2872
f 2729/2729/2729 2726/2726/2726 2873/2873/2873
f 2601/2601/2601 2530/2530/2530 2577/2577/2577
f 2439/2439/2439 2441/2441/2441 2550/2550/2550
f 3180/3180/3180 3774/3774/3774 2832/2832/2832
f 3775/3775/3775 3812/3812/3812 3813/3813/3813
f 3154/3154/3154 3029/3029/3029 3030/3030/3030
f 3029/3029/3029 3027/3027/3027 3028/3028/3028
f 3027/3027/3027 2994/2994/2994 2969/2969/2969
f 2969/2969/2969 2994/2994/2994 2968/2968/2968
f 2970/2970/2970 2840/2840/2840 2964/2964/2964
f 2840/2840/2840 2838/2838/2838 2843/2843/2843
f 2838/2838/2838 2841/2841/2841 2843/2843/2843
f 2853/2853/2853 2729/2729/2729 2872/2872/2872
f 2873/2873/2873 2726/2726/2726 2874/2874/2874
f 2726/2726/2726 2723/2723/2723 2874/2874/2874
f 2722/2722/2722 2601/2601/2601 2723/2723/2723
f 2539/2539/2539 2545/2545/2545 2546/2546/2546
f 2544/2544/2544 2439/2439/2439 2549/2549/2549
f 2550/2550/2550 2445/2445/2445 2552/2552/2552
f 2830/2830/2830 3180/3180/3180 2832/2832/2832
f 3775/3775/3775 3813/3813/3813 3773/3773/3773
f 4269/4269/4269 4040/4040/4040 3253/3253/3253
f 4040/4040/4040 3228/3228/3228 3253/3253/3253
f 3228/3228/3228 3162/3162/3162 3253/3253/3253
f 3029/3029/3029 3028/3028/3028 3030/3030/3030
f 3027/3027/3027 2969/2969/2969 3028/3028/3028
f 2994/2994/2994 2971/2971/2971 2968/2968/2968
f 2970/2970/2970 2968/2968/2968 2971/2971/2971
f 2964/2964/2964 2840/2840/2840 2843/2843/2843
f 2841/2841/2841 2872/2872/2872 2842/2842/2842
f 2729/2729/2729 2873/2873/2873 2872/2872/2872
f 2601/2601/2601 2603/2603/2603 2723/2723/2723
f 2439/2439/2439 2550/2550/2550 2549/2549/2549
f 2830/2830/2830 2832/2832/2832 2831/2831/2831
f 2832/2832/2832 3189/3189/3189 2833/2833/2833
f 2832/2832/2832 3774/3774/3774 3189/3189/3189
f 3774/3774/3774 3775/3775/3775 3773/3773/3773
f 3773/3773/3773 3813/3813/3813 3252/3252/3252
f 4232/4232/4232 3898/3898/3898 3252/3252/3252
f 163/163/163 164/164/164 162/162/162
f 164/164/164 168/168/168 162/162/162
f 3153/3153/3153 3154/3154/3154 3155/3155/3155
f 2970/2970/2970 2964/2964/2964 2965/2965/2965
f 2831/2831/2831 2832/2832/2832 2833/2833/2833
f 3774/3774/3774 3773/3773/3773 3189/3189/3189
f 3189/3189/3189 3773/3773/3773 3232/3232/3232
f 3253/3253/3253 3162/3162/3162 3254/3254/3254
f 3162/3162/3162 3158/3158/3158 3254/3254/3254
f 3162/3162/3162 3153/3153/3153 3155/3155/3155
f 3162/3162/3162 3155/3155/3155 3158/3158/3158
f 2970/2970/2970 2965/2965/2965 2968/2968/2968
f 2841/2841/2841 2842/2842/2842 2843/2843/2843
f 2601/2601/2601 2577/2577/2577 2602/2602/2602
f 2547/2547/2547 2549/2549/2549 2550/2550/2550
f 2830/2830/2830 2831/2831/2831 2653/2653/2653
f 2653/2653/2653 2831/2831/2831 2833/2833/2833
f 2833/2833/2833 3189/3189/3189 3188/3188/3188
f 2833/2833/2833 3188/3188/3188 2652/2652/2652
f 3154/3154/3154 3030/3030/3030 3031/3031/3031
f 2874/2874/2874 2723/2723/2723 2724/2724/2724
f 2601/2601/2601 2602/2602/2602 2603/2603/2603
f 2546/2546/2546 2545/2545/2545 2544/2544/2544
f 2544/2544/2544 2549/2549/2549 2547/2547/2547
f 2550/2550/2550 2552/2552/2552 2553/2553/2553
f 2553/2553/2553 2552/2552/2552 2653/2653/2653
f 3188/3188/3188 3189/3189/3189 3232/3232/3232
f 3773/3773/3773 3252/3252/3252 3232/3232/3232
f 3232/3232/3232 3252/3252/3252 3251/3251/3251
f 3252/3252/3252 3898/3898/3898 3251/3251/3251
f 3251/3251/3251 3898/3898/3898 3997/3997/3997
f 3898/3898/3898 4273/4273/4273 3997/3997/3997
f 162/162/162 168/168/168 159/159/159
f 3253/3253/3253 3254/3254/3254 4250/4250/4250
f 3030/3030/3030 3028/3028/3028 3031/3031/3031
f 2842/2842/2842 2872/2872/2872 2848/2848/2848
f 2723/2723/2723 2603/2603/2603 2724/2724/2724
f 2547/2547/2547 2550/2550/2550 2661/2661/2661
f 2554/2554/2554 2653/2653/2653 2652/2652/2652
f 2653/2653/2653 2833/2833/2833 2652/2652/2652
f 2652/2652/2652 3188/3188/3188 3194/3194/3194
f 3188/3188/3188 3232/3232/3232 3194/3194/3194
f 160/160/160 159/159/159 165/165/165
f 4250/4250/4250 3254/3254/3254 4240/4240/4240
f 3254/3254/3254 3158/3158/3158 3160/3160/3160
f 3158/3158/3158 3155/3155/3155 3157/3157/3157
f 2872/2872/2872 2873/2873/2873 2848/2848/2848
f 2873/2873/2873 2874/2874/2874 2875/2875/2875
f 2577/2577/2577 2541/2541/2541 2576/2576/2576
f 3232/3232/3232 3251/3251/3251 3250/3250/3250
f 2183/2183/2183 2188/2188/2188 2187/2187/2187
f 3251/3251/3251 3997/3997/3997 3250/3250/3250
f 3250/3250/3250 3997/3997/3997 3996/3996/3996
f 3158/3158/3158 3157/3157/3157 3160/3160/3160
f 3155/3155/3155 3154/3154/3154 3156/3156/3156
f 3154/3154/3154 3031/3031/3031 3149/3149/3149
f 3031/3031/3031 3028/3028/3028 3032/3032/3032
f 2969/2969/2969 2968/2968/2968 2967/2967/2967
f 2968/2968/2968 2965/2965/2965 2967/2967/2967
f 2724/2724/2724 2603/2603/2603 2743/2743/2743
f 2602/2602/2602 2577/2577/2577 2604/2604/2604
f 2541/2541/2541 2543/2543/2543 2538/2538/2538
f 2543/2543/2543 2539/2539/2539 2538/2538/2538
f 2544/2544/2544 2547/2547/2547 2546/2546/2546
f 2661/2661/2661 2550/2550/2550 2663/2663/2663
f 2550/2550/2550 2553/2553/2553 2663/2663/2663
f 2553/2553/2553 2653/2653/2653 2554/2554/2554
f 2652/2652/2652 3194/3194/3194 2735/2735/2735
f 3194/3194/3194 3232/3232/3232 2735/2735/2735
f 3250/3250/3250 3996/3996/3996 3994/3994/3994
f 3996/3996/3996 3995/3995/3995 3994/3994/3994
f 160/160/160 165/165/165 169/169/169
f 4240/4240/4240 3254/3254/3254 4075/4075/4075
f 3254/3254/3254 3160/3160/3160 4075/4075/4075
f 3156/3156/3156 3154/3154/3154 3149/3149/3149
f 3032/3032/3032 3028/3028/3028 3034/3034/3034
f 3028/3028/3028 2969/2969/2969 2995/2995/2995
f 3028/3028/3028 2995/2995/2995 3034/3034/3034
f 2969/2969/2969 2967/2967/2967 2995/2995/2995
f 2965/2965/2965 2964/2964/2964 2961/2961/2961
f 2964/2964/2964 2843/2843/2843 2961/2961/2961
f 2843/2843/2843 2842/2842/2842 2962/2962/2962
f 2848/2848/2848 2873/2873/2873 2810/2810/2810
f 2873/2873/2873 2875/2875/2875 2810/2810/2810
f 2875/2875/2875 2874/2874/2874 2724/2724/2724
f 2743/2743/2743 2603/2603/2603 2742/2742/2742
f 2652/2652/2652 2735/2735/2735 2651/2651/2651
f 2735/2735/2735 3232/3232/3232 3249/3249/3249
f 2226/2226/2226 2224/2224/2224 2223/2223/2223
f 3994/3994/3994 3995/3995/3995 3923/3923/3923
f 4075/4075/4075 3160/3160/3160 3159/3159/3159
f 3160/3160/3160 3157/3157/3157 3159/3159/3159
f 3157/3157/3157 3155/3155/3155 3156/3156/3156
f 2603/2603/2603 2602/2602/2602 2604/2604/2604
f 2538/2538/2538 2539/2539/2539 2540/2540/2540
f 2554/2554/2554 2652/2652/2652 2651/2651/2651
f 3232/3232/3232 3250/3250/3250 3249/3249/3249
f 3994/3994/3994 3923/3923/3923 3922/3922/3922
f 169/169/169 165/165/165 170/170/170
f 4240/4240/4240 4075/4075/4075 4231/4231/4231
f 4231/4231/4231 4075/4075/4075 3159/3159/3159
f 3031/3031/3031 3032/3032/3032 3033/3033/3033
f 2966/2966/2966 2967/2967/2967 2965/2965/2965
f 2842/2842/2842 2963/2963/2963 2962/2962/2962
f 2842/2842/2842 2848/2848/2848 2963/2963/2963
f 2742/2742/2742 2603/2603/2603 2604/2604/2604
f 2546/2546/2546 2547/2547/2547 2548/2548/2548
f 2553/2553/2553 2554/2554/2554 2555/2555/2555
f 2555/2555/2555 2554/2554/2554 2651/2651/2651
f 2735/2735/2735 3249/3249/3249 2736/2736/2736
f 3249/3249/3249 3250/3250/3250 3800/3800/3800
f 3159/3159/3159 3157/3157/3157 3146/3146/3146
f 3033/3033/3033 3032/3032/3032 3034/3034/3034
f 2961/2961/2961 2843/2843/2843 2960/2960/2960
f 2843/2843/2843 2962/2962/2962 2960/2960/2960
f 2875/2875/2875 2724/2724/2724 2751/2751/2751
f 2724/2724/2724 2743/2743/2743 2751/2751/2751
f 2539/2539/2539 2546/2546/2546 2540/2540/2540
f 3250/3250/3250 3994/3994/3994 3921/3921/3921
f 3994/3994/3994 3922/3922/3922 3921/3921/3921
f 3922/3922/3922 3923/3923/3923 3919/3919/3919
f 3146/3146/3146 3157/3157/3157 3147/3147/3147
f 3157/3157/3157 3156/3156/3156 3147/3147/3147
f 3156/3156/3156 3149/3149/3149 3147/3147/3147
f 2965/2965/2965 2961/2961/2961 2966/2966/2966
f 2963/2963/2963 2848/2848/2848 2846/2846/2846
f 2848/2848/2848 2810/2810/2810 2846/2846/2846
f 2751/2751/2751 2743/2743/2743 2742/2742/2742
f 2236/2236/2236 2240/2240/2240 2227/2227/2227
f 2227/2227/2227 2240/2240/2240 2222/2222/2222
f 2604/2604/2604 2577/2577/2577 2578/2578/2578
f 2577/2577/2577 2576/2576/2576 2578/2578/2578
f 2651/2651/2651 2735/2735/2735 2649/2649/2649
f 2649/2649/2649 2735/2735/2735 2736/2736/2736
f 3250/3250/3250 3921/3921/3921 3800/3800/3800
f 293/293/293 294/294/294 291/291/291
f 4231/4231/4231 3159/3159/3159 4184/4184/4184
f 3159/3159/3159 3146/3146/3146 3855/3855/3855
f 2995/2995/2995 2967/2967/2967 2966/2966/2966
f 2960/2960/2960 2962/2962/2962 2963/2963/2963
f 2658/2658/2658 2546/2546/2546 2548/2548/2548
f 2547/2547/2547 2661/2661/2661 2660/2660/2660
f 2663/2663/2663 2553/2553/2553 2555/2555/2555
f 234/234/234 235/235/235 236/236/236
f 3922/3922/3922 3919/3919/3919 3921/3921/3921
f 3147/3147/3147 3149/3149/3149 3145/3145/3145
f 3149/3149/3149 3031/3031/3031 3033/3033/3033
f 3034/3034/3034 2995/2995/2995 3037/3037/3037
f 2966/2966/2966 2961/2961/2961 2959/2959/2959
f 2960/2960/2960 2963/2963/2963 2956/2956/2956
f 2810/2810/2810 2875/2875/2875 2751/2751/2751
f 2742/2742/2742 2604/2604/2604 2744/2744/2744
f 2546/2546/2546 2658/2658/2658 2540/2540/2540
f 2548/2548/2548 2547/2547/2547 2660/2660/2660
f 2663/2663/2663 2555/2555/2555 2662/2662/2662
f 3249/3249/3249 3800/3800/3800 3247/3247/3247
f 2995/2995/2995 2966/2966/2966 3014/3014/3014
f 2846/2846/2846 2810/2810/2810 2809/2809/2809
f 2810/2810/2810 2751/2751/2751 2809/2809/2809
f 2742/2742/2742 2745/2745/2745 2751/2751/2751
f 2576/2576/2576 2541/2541/2541 2540/2540/2540
f 2541/2541/2541 2538/2538/2538 2540/2540/2540
f 2661/2661/2661 2663/2663/2663 2662/2662/2662
f 2555/2555/2555 2651/2651/2651 2649/2649/2649
f 2736/2736/2736 3249/3249/3249 3247/3247/3247
f 3919/3919/3919 3925/3925/3925 3918/3918/3918
f 3014/3014/3014 2966/2966/2966 3013/3013/3013
f 3013/3013/3013 2966/2966/2966 2959/2959/2959
f 2959/2959/2959 2961/2961/2961 2960/2960/2960
f 2963/2963/2963 2846/2846/2846 2956/2956/2956
f 2745/2745/2745 2742/2742/2742 2744/2744/2744
f 2604/2604/2604 2578/2578/2578 2605/2605/2605
f 3921/3921/3921 3919/3919/3919 3893/3893/3893
f 3919/3919/3919 3918/3918/3918 3893/3893/3893
f 292/292/292 291/291/291 295/295/295
f 113/113/113 112/112/112 110/110/110
f 3855/3855/3855 3146/3146/3146 3148/3148/3148
f 3146/3146/3146 3147/3147/3147 3148/3148/3148
f 3033/3033/3033 3034/3034/3034 3035/3035/3035
f 2809/2809/2809 2751/2751/2751 2804/2804/2804
f 2804/2804/2804 2751/2751/2751 2745/2745/2745
f 2540/2540/2540 2658/2658/2658 2657/2657/2657
f 2662/2662/2662 2555/2555/2555 2556/2556/2556
f 2556/2556/2556 2555/2555/2555 2649/2649/2649
f 2649/2649/2649 2736/2736/2736 2737/2737/2737
f 2736/2736/2736 3247/3247/3247 2737/2737/2737
f 3800/3800/3800 3921/3921/3921 3893/3893/3893
f 292/292/292 295/295/295 298/298/298
f 110/110/110 112/112/112 111/111/111
f 3855/3855/3855 3148/3148/3148 4004/4004/4004
f 3148/3148/3148 3147/3147/3147 3145/3145/3145
f 3149/3149/3149 3033/3033/3033 3035/3035/3035
f 3037/3037/3037 2995/2995/2995 3038/3038/3038
f 2959/2959/2959 2960/2960/2960 2957/2957/2957
f 2956/2956/2956 2846/2846/2846 2955/2955/2955
f 2804/2804/2804 2745/2745/2745 2805/2805/2805
f 2744/2744/2744 2604/2604/2604 2667/2667/2667
f 2604/2604/2604 2605/2605/2605 2667/2667/2667
f 3247/3247/3247 3800/3800/3800 3248/3248/3248
f 3145/3145/3145 3149/3149/3149 3035/3035/3035
f 3034/3034/3034 3037/3037/3037 3036/3036/3036
f 2995/2995/2995 3014/3014/3014 3038/3038/3038
f 2957/2957/2957 2960/2960/2960 2956/2956/2956
f 2744/2744/2744 2667/2667/2667 2745/2745/2745
f 2605/2605/2605 2606/2606/2606 2667/2667/2667
f 2556/2556/2556 2649/2649/2649 2648/2648/2648
f 2648/2648/2648 2649/2649/2649 2650/2650/2650
f 2649/2649/2649 2737/2737/2737 2650/2650/2650
f 3148/3148/3148 3145/3145/3145 3144/3144/3144
f 3145/3145/3145 3035/3035/3035 3087/3087/3087
f 3035/3035/3035 3034/3034/3034 3036/3036/3036
f 2605/2605/2605 2578/2578/2578 2606/2606/2606
f 2548/2548/2548 2660/2660/2660 2659/2659/2659
f 2660/2660/2660 2661/2661/2661 2662/2662/2662
f 2556/2556/2556 2648/2648/2648 2557/2557/2557
f 3036/3036/3036 3037/3037/3037 3038/3038/3038
f 3013/3013/3013 2959/2959/2959 3039/3039/3039
f 2957/2957/2957 2956/2956/2956 2955/2955/2955
f 2809/2809/2809 2804/2804/2804 2806/2806/2806
f 2804/2804/2804 2805/2805/2805 2806/2806/2806
f 2805/2805/2805 2745/2745/2745 2746/2746/2746
f 2657/2657/2657 2658/2658/2658 2656/2656/2656
f 2548/2548/2548 2659/2659/2659 2658/2658/2658
f 2737/2737/2737 3247/3247/3247 3248/3248/3248
f 3248/3248/3248 3800/3800/3800 3801/3801/3801
f 3800/3800/3800 3893/3893/3893 3801/3801/3801
f 3893/3893/3893 3918/3918/3918 3917/3917/3917
f 110/110/110 111/111/111 109/109/109
f 4004/4004/4004 3148/3148/3148 3090/3090/3090
f 4004/4004/4004 3090/3090/3090 3816/3816/3816
f 3090/3090/3090 3148/3148/3148 3089/3089/3089
f 3148/3148/3148 3144/3144/3144 3089/3089/3089
f 3035/3035/3035 3036/3036/3036 3087/3087/3087
f 3038/3038/3038 3014/3014/3014 3039/3039/3039
f 3014/3014/3014 3013/3013/3013 3039/3039/3039
f 2846/2846/2846 2809/2809/2809 2847/2847/2847
f 2745/2745/2745 2667/2667/2667 2746/2746/2746
f 2648/2648/2648 2650/2650/2650 2647/2647/2647
f 298/298/298 295/295/295 299/299/299
f 110/110/110 109/109/109 104/104/104
f 3144/3144/3144 3145/3145/3145 3087/3087/3087
f 2957/2957/2957 2955/2955/2955 2954/2954/2954
f 2955/2955/2955 2846/2846/2846 2847/2847/2847
f 2847/2847/2847 2809/2809/2809 2806/2806/2806
f 2667/2667/2667 2606/2606/2606 2668/2668/2668
f 2606/2606/2606 2578/2578/2578 2607/2607/2607
f 2540/2540/2540 2657/2657/2657 2654/2654/2654
f 2656/2656/2656 2658/2658/2658 2659/2659/2659
f 2650/2650/2650 2737/2737/2737 2738/2738/2738
f 2737/2737/2737 3248/3248/3248 2738/2738/2738
f 3893/3893/3893 3917/3917/3917 3915/3915/3915
f 298/298/298 299/299/299 1826/1826/1826
f 3089/3089/3089 3144/3144/3144 3087/3087/3087
f 3087/3087/3087 3036/3036/3036 3083/3083/3083
f 3036/3036/3036 3038/3038/3038 3081/3081/3081
f 3038/3038/3038 3039/3039/3039 3079/3079/3079
f 2959/2959/2959 2957/2957/2957 2958/2958/2958
f 2806/2806/2806 2805/2805/2805 2803/2803/2803
f 2746/2746/2746 2667/2667/2667 2668/2668/2668
f 2662/2662/2662 2556/2556/2556 2558/2558/2558
f 2556/2556/2556 2557/2557/2557 2558/2558/2558
f 2557/2557/2557 2648/2648/2648 2647/2647/2647
f 3917/3917/3917 3918/3918/3918 3924/3924/3924
f 3090/3090/3090 3089/3089/3089 3091/3091/3091
f 3089/3089/3089 3087/3087/3087 3088/3088/3088
f 3083/3083/3083 3036/3036/3036 3081/3081/3081
f 3039/3039/3039 2959/2959/2959 2953/2953/2953
f 2959/2959/2959 2958/2958/2958 2953/2953/2953
f 2847/2847/2847 2806/2806/2806 2807/2807/2807
f 2805/2805/2805 2746/2746/2746 2803/2803/2803
f 2576/2576/2576 2540/2540/2540 2568/2568/2568
f 2540/2540/2540 2654/2654/2654 2568/2568/2568
f 3893/3893/3893 3915/3915/3915 3801/3801/3801
f 104/104/104 109/109/109 108/108/108
f 3816/3816/3816 3090/3090/3090 3091/3091/3091
f 3816/3816/3816 3091/3091/3091 3817/3817/3817
f 3087/3087/3087 3083/3083/3083 3088/3088/3088
f 3081/3081/3081 3038/3038/3038 3079/3079/3079
f 2954/2954/2954 2955/2955/2955 2849/2849/2849
f 2955/2955/2955 2847/2847/2847 2849/2849/2849
f 2803/2803/2803 2746/2746/2746 2747/2747/2747
f 2668/2668/2668 2606/2606/2606 2669/2669/2669
f 2662/2662/2662 2558/2558/2558 2561/2561/2561
f 2738/2738/2738 3248/3248/3248 3215/3215/3215
f 3248/3248/3248 3801/3801/3801 3215/3215/3215
f 2130/2130/2130 1826/1826/1826 299/299/299
f 3089/3089/3089 3088/3088/3088 3091/3091/3091
f 3088/3088/3088 3083/3083/3083 3085/3085/3085
f 3083/3083/3083 3082/3082/3082 3084/3084/3084
f 3083/3083/3083 3081/3081/3081 3082/3082/3082
f 2957/2957/2957 2954/2954/2954 2958/2958/2958
f 2847/2847/2847 2807/2807/2807 2849/2849/2849
f 2806/2806/2806 2803/2803/2803 2807/2807/2807
f 2746/2746/2746 2668/2668/2668 2669/2669/2669
f 2607/2607/2607 2578/2578/2578 2576/2576/2576
f 2557/2557/2557 2647/2647/2647 2646/2646/2646
f 3801/3801/3801 3915/3915/3915 3914/3914/3914
f 104/104/104 108/108/108 105/105/105
f 3259/3259/3259 3817/3817/3817 3258/3258/3258
f 3817/3817/3817 3091/3091/3091 3258/3258/3258
f 3091/3091/3091 3088/3088/3088 3141/3141/3141
f 3085/3085/3085 3083/3083/3083 3084/3084/3084
f 2746/2746/2746 2669/2669/2669 2747/2747/2747
f 2659/2659/2659 2660/2660/2660 2656/2656/2656
f 2660/2660/2660 2662/2662/2662 2561/2561/2561
f 2650/2650/2650 2738/2738/2738 2739/2739/2739
f 120/120/120 104/104/104 106/106/106
f 104/104/104 105/105/105 106/106/106
f 3258/3258/3258 3091/3091/3091 3257/3257/3257
f 3091/3091/3091 3141/3141/3141 3257/3257/3257
f 3141/3141/3141 3088/3088/3088 3142/3142/3142
f 3082/3082/3082 3081/3081/3081 3080/3080/3080
f 3081/3081/3081 3079/3079/3079 3080/3080/3080
f 3040/3040/3040 3079/3079/3079 3039/3039/3039
f 2849/2849/2849 2807/2807/2807 2808/2808/2808
f 2807/2807/2807 2803/2803/2803 2808/2808/2808
f 2808/2808/2808 2803/2803/2803 2749/2749/2749
f 2803/2803/2803 2747/2747/2747 2749/2749/2749
f 2669/2669/2669 2606/2606/2606 2607/2607/2607
f 2607/2607/2607 2576/2576/2576 2575/2575/2575
f 2654/2654/2654 2657/2657/2657 2655/2655/2655
f 2655/2655/2655 2657/2657/2657 2656/2656/2656
f 2738/2738/2738 3215/3215/3215 2739/2739/2739
f 3215/3215/3215 3801/3801/3801 3910/3910/3910
f 3801/3801/3801 3914/3914/3914 3910/3910/3910
f 3915/3915/3915 3917/3917/3917 3920/3920/3920
f 3258/3258/3258 3257/3257/3257 3259/3259/3259
f 3088/3088/3088 3085/3085/3085 3142/3142/3142
f 3085/3085/3085 3086/3086/3086 3142/3142/3142
f 3085/3085/3085 3084/3084/3084 3086/3086/3086
f 3084/3084/3084 3082/3082/3082 3108/3108/3108
f 3080/3080/3080 3079/3079/3079 3040/3040/3040
f 3039/3039/3039 2951/2951/2951 3040/3040/3040
f 2749/2749/2749 2747/2747/2747 2748/2748/2748
f 2669/2669/2669 2672/2672/2672 2747/2747/2747
f 2656/2656/2656 2660/2660/2660 2561/2561/2561
f 2561/2561/2561 2558/2558/2558 2559/2559/2559
f 2558/2558/2558 2557/2557/2557 2646/2646/2646
f 2646/2646/2646 2647/2647/2647 2733/2733/2733
f 2647/2647/2647 2650/2650/2650 2733/2733/2733
f 2650/2650/2650 2739/2739/2739 2733/2733/2733
f 2739/2739/2739 3215/3215/3215 2795/2795/2795
f 3215/3215/3215 3910/3910/3910 2795/2795/2795
f 3914/3914/3914 3915/3915/3915 3916/3916/3916
f 3915/3915/3915 3920/3920/3920 3916/3916/3916
f 2145/2145/2145 1980/1980/1980 2131/2131/2131
f 1981/1981/1981 2075/2075/2075 1883/1883/1883
f 120/120/120 106/106/106 119/119/119
f 3259/3259/3259 3257/3257/3257 3857/3857/3857
f 3257/3257/3257 3141/3141/3141 3857/3857/3857
f 3086/3086/3086 3084/3084/3084 3108/3108/3108
f 3108/3108/3108 3082/3082/3082 3080/3080/3080
f 3039/3039/3039 2953/2953/2953 2951/2951/2951
f 2958/2958/2958 2954/2954/2954 2953/2953/2953
f 2953/2953/2953 2954/2954/2954 2952/2952/2952
f 2849/2849/2849 2808/2808/2808 2891/2891/2891
f 2748/2748/2748 2747/2747/2747 2672/2672/2672
f 2669/2669/2669 2607/2607/2607 2672/2672/2672
f 2575/2575/2575 2576/2576/2576 2569/2569/2569
f 2558/2558/2558 2646/2646/2646 2560/2560/2560
f 3910/3910/3910 3914/3914/3914 3912/3912/3912
f 3914/3914/3914 3916/3916/3916 3912/3912/3912
f 121/121/121 119/119/119 118/118/118
f 2075/2075/2075 2105/2105/2105 2025/2025/2025
f 2105/2105/2105 2096/2096/2096 2025/2025/2025
f 2025/2025/2025 2096/2096/2096 2017/2017/2017
f 119/119/119 106/106/106 107/107/107
f 119/119/119 107/107/107 118/118/118
f 106/106/106 105/105/105 107/107/107
f 3857/3857/3857 3141/3141/3141 3856/3856/3856
f 3141/3141/3141 3142/3142/3142 3856/3856/3856
f 3142/3142/3142 3242/3242/3242 3856/3856/3856
f 3142/3142/3142 3086/3086/3086 3242/3242/3242
f 3242/3242/3242 3086/3086/3086 3782/3782/3782
f 3086/3086/3086 3108/3108/3108 3782/3782/3782
f 3108/3108/3108 3080/3080/3080 3107/3107/3107
f 2952/2952/2952 2954/2954/2954 2945/2945/2945
f 2954/2954/2954 2798/2798/2798 2945/2945/2945
f 2954/2954/2954 2849/2849/2849 2798/2798/2798
f 2798/2798/2798 2849/2849/2849 2890/2890/2890
f 2849/2849/2849 2891/2891/2891 2890/2890/2890
f 2808/2808/2808 2749/2749/2749 2750/2750/2750
f 2748/2748/2748 2672/2672/2672 2671/2671/2671
f 2739/2739/2739 2795/2795/2795 2794/2794/2794
f 3910/3910/3910 3912/3912/3912 3911/3911/3911
f 2142/2142/2142 2144/2144/2144 2143/2143/2143
f 2142/2142/2142 2074/2074/2074 2144/2144/2144
f 2142/2142/2142 2107/2107/2107 2074/2074/2074
f 121/121/121 118/118/118 117/117/117
f 121/121/121 117/117/117 122/122/122
f 285/285/285 290/290/290 289/289/289
f 2096/2096/2096 2103/2103/2103 2049/2049/2049
f 118/118/118 107/107/107 115/115/115
f 118/118/118 115/115/115 117/117/117
f 107/107/107 114/114/114 115/115/115
f 4099/4099/4099 3857/3857/3857 4100/4100/4100
f 3857/3857/3857 4102/4102/4102 4100/4100/4100
f 4100/4100/4100 4102/4102/4102 4103/4103/4103
f 4102/4102/4102 3856/3856/3856 4103/4103/4103
f 4103/4103/4103 3856/3856/3856 3892/3892/3892
f 3856/3856/3856 3891/3891/3891 3892/3892/3892
f 3856/3856/3856 3242/3242/3242 3891/3891/3891
f 3782/3782/3782 3108/3108/3108 3243/3243/3243
f 3108/3108/3108 3120/3120/3120 3243/3243/3243
f 3108/3108/3108 3107/3107/3107 3120/3120/3120
f 3107/3107/3107 3080/3080/3080 3040/3040/3040
f 3040/3040/3040 2951/2951/2951 3012/3012/3012
f 2953/2953/2953 2952/2952/2952 2946/2946/2946
f 2890/2890/2890 2891/2891/2891 2892/2892/2892
f 2808/2808/2808 2893/2893/2893 2891/2891/2891
f 2808/2808/2808 2750/2750/2750 2893/2893/2893
f 2750/2750/2750 2749/2749/2749 2670/2670/2670
f 2749/2749/2749 2748/2748/2748 2670/2670/2670
f 2670/2670/2670 2748/2748/2748 2671/2671/2671
f 2671/2671/2671 2672/2672/2672 2571/2571/2571
f 2571/2571/2571 2672/2672/2672 2607/2607/2607
f 2571/2571/2571 2607/2607/2607 2575/2575/2575
f 2560/2560/2560 2646/2646/2646 2643/2643/2643
f 2733/2733/2733 2739/2739/2739 2794/2794/2794
f 2794/2794/2794 2795/2795/2795 2793/2793/2793
f 2795/2795/2795 3849/3849/3849 2793/2793/2793
f 3849/3849/3849 2795/2795/2795 3885/3885/3885
f 2795/2795/2795 3910/3910/3910 3885/3885/3885
f 3910/3910/3910 3911/3911/3911 3885/3885/3885
f 2142/2142/2142 2143/2143/2143 2117/2117/2117
f 2117/2117/2117 2143/2143/2143 2132/2132/2132
f 285/285/285 289/289/289 284/284/284
f 282/282/282 285/285/285 284/284/284
f 289/289/289 262/262/262 284/284/284
f 117/117/117 115/115/115 116/116/116
f 284/284/284 262/262/262 283/283/283
f 115/115/115 114/114/114 116/116/116
f 4194/4194/4194 4099/4099/4099 4101/4101/4101
f 4099/4099/4099 4100/4100/4100 4101/4101/4101
f 4101/4101/4101 4100/4100/4100 4104/4104/4104
f 4100/4100/4100 4103/4103/4103 4104/4104/4104
f 4104/4104/4104 4103/4103/4103 3892/3892/3892
f 4104/4104/4104 3892/3892/3892 4095/4095/4095
f 3892/3892/3892 3891/3891/3891 4095/4095/4095
f 3891/3891/3891 3242/3242/3242 4095/4095/4095
f 4095/4095/4095 3242/3242/3242 3783/3783/3783
f 3242/3242/3242 3782/3782/3782 3783/3783/3783
f 3782/3782/3782 3243/3243/3243 3783/3783/3783
f 3783/3783/3783 3243/3243/3243 3799/3799/3799
f 2890/2890/2890 2892/2892/2892 2885/2885/2885
f 2656/2656/2656 2561/2561/2561 2655/2655/2655
f 2559/2559/2559 2558/2558/2558 2560/2560/2560
f 2643/2643/2643 2646/2646/2646 2733/2733/2733
f 2733/2733/2733 2794/2794/2794 2741/2741/2741
f 282/282/282 284/284/284 280/280/280
f 284/284/284 283/283/283 280/280/280
f 283/283/283 262/262/262 258/258/258
f 262/262/262 275/275/275 260/260/260
f 262/262/262 260/260/260 258/258/258
f 275/275/275 261/261/261 260/260/260
f 261/261/261 268/268/268 264/264/264
f 268/268/268 271/271/271 264/264/264
f 264/264/264 271/271/271 269/269/269
f 269/269/269 271/271/271 272/272/272
f 268/268/268 274/274/274 271/271/271
f 271/271/271 274/274/274 272/272/272
f 3783/3783/3783 3799/3799/3799 4073/4073/4073
f 2951/2951/2951 2953/2953/2953 2946/2946/2946
f 3799/3799/3799 3243/3243/3243 3245/3245/3245
f 3243/3243/3243 3120/3120/3120 3245/3245/3245
f 3120/3120/3120 3107/3107/3107 3118/3118/3118
f 3120/3120/3120 3118/3118/3118 3245/3245/3245
f 3107/3107/3107 3040/3040/3040 3118/3118/3118
f 3012/3012/3012 2951/2951/2951 2949/2949/2949
f 2949/2949/2949 2951/2951/2951 2946/2946/2946
f 2892/2892/2892 2891/2891/2891 2893/2893/2893
f 2741/2741/2741 2794/2794/2794 2793/2793/2793
f 2793/2793/2793 3849/3849/3849 3848/3848/3848
f 2177/2177/2177 2178/2178/2178 2176/2176/2176
f 282/282/282 280/280/280 281/281/281
f 280/280/280 283/283/283 258/258/258
f 280/280/280 258/258/258 257/257/257
f 258/258/258 260/260/260 259/259/259
f 260/260/260 261/261/261 259/259/259
f 261/261/261 264/264/264 259/259/259
f 1078/1078/1078 1081/1081/1081 1301/1301/1301
f 4073/4073/4073 3799/3799/3799 3854/3854/3854
f 3799/3799/3799 3245/3245/3245 3122/3122/3122
f 3799/3799/3799 3122/3122/3122 3854/3854/3854
f 2952/2952/2952 2945/2945/2945 2946/2946/2946
f 2892/2892/2892 2893/2893/2893 2894/2894/2894
f 2893/2893/2893 2750/2750/2750 2894/2894/2894
f 2894/2894/2894 2750/2750/2750 2701/2701/2701
f 2701/2701/2701 2750/2750/2750 2570/2570/2570
f 2750/2750/2750 2670/2670/2670 2570/2570/2570
f 2670/2670/2670 2671/2671/2671 2571/2571/2571
f 2670/2670/2670 2571/2571/2571 2570/2570/2570
f 2576/2576/2576 2568/2568/2568 2569/2569/2569
f 2654/2654/2654 2655/2655/2655 2566/2566/2566
f 2655/2655/2655 2561/2561/2561 2563/2563/2563
f 2741/2741/2741 2793/2793/2793 2792/2792/2792
f 2792/2792/2792 2793/2793/2793 3735/3735/3735
f 2793/2793/2793 3848/3848/3848 3735/3735/3735
f 3848/3848/3848 3849/3849/3849 3885/3885/3885
f 3885/3885/3885 3911/3911/3911 3913/3913/3913
f 3911/3911/3911 4066/4066/4066 3913/3913/3913
f 2177/2177/2177 2176/2176/2176 2175/2175/2175
f 2175/2175/2175 2176/2176/2176 2165/2165/2165
f 281/281/281 280/280/280 277/277/277
f 280/280/280 257/257/257 277/277/277
f 257/257/257 252/252/252 277/277/277
f 257/257/257 258/258/258 253/253/253
f 257/257/257 253/253/253 252/252/252
f 258/258/258 259/259/259 253/253/253
f 3040/3040/3040 3012/3012/3012 3041/3041/3041
f 259/259/259 264/264/264 265/265/265
f 259/259/259 265/265/265 266/266/266
f 264/264/264 269/269/269 267/267/267
f 264/264/264 267/267/267 265/265/265
f 269/269/269 273/273/273 267/267/267
f 269/269/269 272/272/272 286/286/286
f 269/269/269 286/286/286 273/273/273
f 4073/4073/4073 3854/3854/3854 4143/4143/4143
f 3854/3854/3854 3122/3122/3122 3853/3853/3853
f 3853/3853/3853 3122/3122/3122 3852/3852/3852
f 3245/3245/3245 3118/3118/3118 3122/3122/3122
f 3122/3122/3122 3118/3118/3118 3119/3119/3119
f 3118/3118/3118 3041/3041/3041 3119/3119/3119
f 2560/2560/2560 2643/2643/2643 2642/2642/2642
f 2643/2643/2643 2733/2733/2733 2734/2734/2734
f 2733/2733/2733 2741/2741/2741 2734/2734/2734
f 3735/3735/3735 3848/3848/3848 3884/3884/3884
f 3848/3848/3848 3885/3885/3885 3884/3884/3884
f 3884/3884/3884 3885/3885/3885 3883/3883/3883
f 3885/3885/3885 3913/3913/3913 3883/3883/3883
f 2175/2175/2175 2165/2165/2165 2174/2174/2174
f 2174/2174/2174 2165/2165/2165 2164/2164/2164
f 2164/2164/2164 2165/2165/2165 2166/2166/2166
f 277/277/277 252/252/252 278/278/278
f 279/279/279 278/278/278 252/252/252
f 3042/3042/3042 3041/3041/3041 3012/3012/3012
f 252/252/252 253/253/253 254/254/254
f 253/253/253 259/259/259 266/266/266
f 253/253/253 266/266/266 254/254/254
f 266/266/266 265/265/265 270/270/270
f 254/254/254 266/266/266 270/270/270
f 4143/4143/4143 3854/3854/3854 4133/4133/4133
f 3854/3854/3854 3853/3853/3853 4133/4133/4133
f 4133/4133/4133 3853/3853/3853 4011/4011/4011
f 3853/3853/3853 3852/3852/3852 4011/4011/4011
f 3852/3852/3852 3122/3122/3122 3230/3230/3230
f 3230/3230/3230 3122/3122/3122 3121/3121/3121
f 3122/3122/3122 3119/3119/3119 3121/3121/3121
f 3119/3119/3119 3041/3041/3041 3042/3042/3042
f 2890/2890/2890 2885/2885/2885 2798/2798/2798
f 2892/2892/2892 2894/2894/2894 2885/2885/2885
f 2572/2572/2572 2571/2571/2571 2575/2575/2575
f 265/265/265 267/267/267 270/270/270
f 4167/4167/4167 4143/4143/4143 4135/4135/4135
f 4135/4135/4135 4143/4143/4143 4133/4133/4133
f 2566/2566/2566 2655/2655/2655 2563/2563/2563
f 2561/2561/2561 2559/2559/2559 2562/2562/2562
f 2562/2562/2562 2559/2559/2559 2642/2642/2642
f 2642/2642/2642 2643/2643/2643 2644/2644/2644
f 2643/2643/2643 2734/2734/2734 2644/2644/2644
f 2741/2741/2741 2792/2792/2792 2791/2791/2791
f 2792/2792/2792 3735/3735/3735 2791/2791/2791
f 3735/3735/3735 3884/3884/3884 3886/3886/3886
f 2174/2174/2174 2164/2164/2164 2179/2179/2179
f 2164/2164/2164 2166/2166/2166 2167/2167/2167
f 2164/2164/2164 2167/2167/2167 2179/2179/2179
f 1829/1829/1829 1870/1870/1870 1871/1871/1871
f 1828/1828/1828 1870/1870/1870 1829/1829/1829
f 2166/2166/2166 2168/2168/2168 2167/2167/2167
f 3042/3042/3042 3012/3012/3012 2950/2950/2950
f 279/279/279 252/252/252 255/255/255
f 255/255/255 252/252/252 254/254/254
f 4133/4133/4133 4011/4011/4011 4134/4134/4134
f 3012/3012/3012 2949/2949/2949 2950/2950/2950
f 2946/2946/2946 2945/2945/2945 2944/2944/2944
f 2946/2946/2946 2944/2944/2944 2947/2947/2947
f 2945/2945/2945 2798/2798/2798 2797/2797/2797
f 2894/2894/2894 2701/2701/2701 2712/2712/2712
f 2570/2570/2570 2571/2571/2571 2572/2572/2572
f 254/254/254 287/287/287 288/288/288
f 254/254/254 270/270/270 287/287/287
f 4138/4138/4138 4135/4135/4135 4137/4137/4137
f 4137/4137/4137 4135/4135/4135 4136/4136/4136
f 4135/4135/4135 4133/4133/4133 4134/4134/4134
f 4135/4135/4135 4134/4134/4134 4136/4136/4136
f 2561/2561/2561 2562/2562/2562 2563/2563/2563
f 2559/2559/2559 2560/2560/2560 2642/2642/2642
f 2644/2644/2644 2734/2734/2734 2740/2740/2740
f 2734/2734/2734 2741/2741/2741 2740/2740/2740
f 2741/2741/2741 2791/2791/2791 2740/2740/2740
f 2791/2791/2791 3735/3735/3735 3886/3886/3886
f 3886/3886/3886 3884/3884/3884 3878/3878/3878
f 3884/3884/3884 3883/3883/3883 3878/3878/3878
f 3878/3878/3878 3883/3883/3883 3882/3882/3882
f 3883/3883/3883 4037/4037/4037 3882/3882/3882
f 2110/2110/2110 2113/2113/2113 1879/1879/1879
f 1674/1674/1674 1872/1872/1872 1875/1875/1875
f 1674/1674/1674 1875/1875/1875 1877/1877/1877
f 1829/1829/1829 1871/1871/1871 1872/1872/1872
f 1829/1829/1829 1872/1872/1872 1701/1701/1701
f 2167/2167/2167 2168/2168/2168 2169/2169/2169
f 4333/4333/4333 4332/4332/4332 4331/4331/4331
f 2168/2168/2168 2170/2170/2170 2169/2169/2169
f 4134/4134/4134 4011/4011/4011 4129/4129/4129
f 2946/2946/2946 2947/2947/2947 2948/2948/2948
f 2797/2797/2797 2798/2798/2798 2799/2799/2799
f 2798/2798/2798 2885/2885/2885 2799/2799/2799
f 2885/2885/2885 2886/2886/2886 2799/2799/2799
f 2885/2885/2885 2894/2894/2894 2886/2886/2886
f 255/255/255 254/254/254 256/256/256
f 254/254/254 288/288/288 263/263/263
f 254/254/254 263/263/263 256/256/256
f 4176/4176/4176 4175/4175/4175 4172/4172/4172
f 4138/4138/4138 4137/4137/4137 4157/4157/4157
f 4137/4137/4137 4136/4136/4136 4140/4140/4140
f 2568/2568/2568 2654/2654/2654 2566/2566/2566
f 2642/2642/2642 2644/2644/2644 2645/2645/2645
f 2740/2740/2740 2791/2791/2791 3733/3733/3733
f 2791/2791/2791 3878/3878/3878 3733/3733/3733
f 2791/2791/2791 3886/3886/3886 3878/3878/3878
f 1674/1674/1674 1877/1877/1877 1963/1963/1963
f 1918/1918/1918 1674/1674/1674 1963/1963/1963
f 1918/1918/1918 1963/1963/1963 1880/1880/1880
f 4331/4331/4331 4332/4332/4332 4328/4328/4328
f 2169/2169/2169 2170/2170/2170 2171/2171/2171
f 2169/2169/2169 2171/2171/2171 2172/2172/2172
f 4052/4052/4052 4140/4140/4140 3983/3983/3983
f 4140/4140/4140 4129/4129/4129 3222/3222/3222
f 4140/4140/4140 3222/3222/3222 3983/3983/3983
f 4129/4129/4129 4011/4011/4011 3222/3222/3222
f 4011/4011/4011 3852/3852/3852 3222/3222/3222
f 3852/3852/3852 3230/3230/3230 3171/3171/3171
f 3852/3852/3852 3171/3171/3171 3222/3222/3222
f 3230/3230/3230 3121/3121/3121 3171/3171/3171
f 3119/3119/3119 3042/3042/3042 3005/3005/3005
f 2712/2712/2712 2701/2701/2701 2573/2573/2573
f 2701/2701/2701 2570/2570/2570 2573/2573/2573
f 2570/2570/2570 2572/2572/2572 2573/2573/2573
f 255/255/255 256/256/256 276/276/276
f 4175/4175/4175 4157/4157/4157 4171/4171/4171
f 4171/4171/4171 4157/4157/4157 4206/4206/4206
f 2568/2568/2568 2566/2566/2566 2567/2567/2567
f 2814/2814/2814 2642/2642/2642 2645/2645/2645
f 2740/2740/2740 3733/3733/3733 2898/2898/2898
f 3733/3733/3733 3829/3829/3829 2898/2898/2898
f 3733/3733/3733 3878/3878/3878 3829/3829/3829
f 3829/3829/3829 3878/3878/3878 3881/3881/3881
f 3878/3878/3878 3882/3882/3882 3881/3881/3881
f 4327/4327/4327 4326/4326/4326 4323/4323/4323
f 4329/4329/4329 4318/4318/4318 4317/4317/4317
f 4317/4317/4317 4318/4318/4318 4315/4315/4315
f 3042/3042/3042 2950/2950/2950 3005/3005/3005
f 2172/2172/2172 2171/2171/2171 2173/2173/2173
f 4052/4052/4052 3984/3984/3984 4078/4078/4078
f 4052/4052/4052 3983/3983/3983 3984/3984/3984
f 3983/3983/3983 3818/3818/3818 3984/3984/3984
f 3983/3983/3983 3222/3222/3222 3818/3818/3818
f 3818/3818/3818 3222/3222/3222 3223/3223/3223
f 3222/3222/3222 3004/3004/3004 3223/3223/3223
f 3222/3222/3222 3171/3171/3171 3004/3004/3004
f 3119/3119/3119 3005/3005/3005 3121/3121/3121
f 2949/2949/2949 2946/2946/2946 2948/2948/2948
f 2886/2886/2886 2894/2894/2894 2895/2895/2895
f 2894/2894/2894 2712/2712/2712 2895/2895/2895
f 4177/4177/4177 4176/4176/4176 4172/4172/4172
f 4171/4171/4171 4206/4206/4206 4078/4078/4078
f 2568/2568/2568 2567/2567/2567 2569/2569/2569
f 2562/2562/2562 2642/2642/2642 2640/2640/2640
f 2640/2640/2640 2642/2642/2642 2641/2641/2641
f 2642/2642/2642 2814/2814/2814 2641/2641/2641
f 2645/2645/2645 2644/2644/2644 2858/2858/2858
f 2858/2858/2858 2644/2644/2644 2861/2861/2861
f 2644/2644/2644 2897/2897/2897 2861/2861/2861
f 2644/2644/2644 2740/2740/2740 2897/2897/2897
f 2740/2740/2740 2898/2898/2898 2897/2897/2897
f 2898/2898/2898 3829/3829/3829 3826/3826/3826
f 3826/3826/3826 3829/3829/3829 3828/3828/3828
f 3828/3828/3828 3829/3829/3829 4228/4228/4228
f 1840/1840/1840 1838/1838/1838 1839/1839/1839
f 4323/4323/4323 4316/4316/4316 4319/4319/4319
f 4313/4313/4313 4319/4319/4319 4316/4316/4316
f 4078/4078/4078 3984/3984/3984 4077/4077/4077
f 4077/4077/4077 3984/3984/3984 3985/3985/3985
f 3984/3984/3984 3818/3818/3818 3985/3985/3985
f 3171/3171/3171 3121/3121/3121 3004/3004/3004
f 2947/2947/2947 2944/2944/2944 2943/2943/2943
f 2712/2712/2712 2573/2573/2573 2707/2707/2707
f 4177/4177/4177 4172/4172/4172 4178/4178/4178
f 4178/4178/4178 4172/4172/4172 4173/4173/4173
f 4172/4172/4172 4170/4170/4170 4173/4173/4173
f 4171/4171/4171 4078/4078/4078 4077/4077/4077
f 4171/4171/4171 4077/4077/4077 4170/4170/4170
f 2567/2567/2567 2566/2566/2566 2565/2565/2565
f 2566/2566/2566 2563/2563/2563 2564/2564/2564
f 2563/2563/2563 2562/2562/2562 2564/2564/2564
f 2641/2641/2641 2814/2814/2814 2645/2645/2645
f 2858/2858/2858 2861/2861/2861 2862/2862/2862
f 2861/2861/2861 2897/2897/2897 3841/3841/3841
f 2861/2861/2861 3841/3841/3841 2862/2862/2862
f 2897/2897/2897 2898/2898/2898 2899/2899/2899
f 2897/2897/2897 2899/2899/2899 3841/3841/3841
f 2898/2898/2898 3826/3826/3826 2899/2899/2899
f 3826/3826/3826 3828/3828/3828 3827/3827/3827
f 1361/1361/1361 1707/1707/1707 1719/1719/1719
f 4307/4307/4307 4310/4310/4310 4308/4308/4308
f 4307/4307/4307 4308/4308/4308 4309/4309/4309
f 4077/4077/4077 3985/3985/3985 4088/4088/4088
f 3985/3985/3985 3818/3818/3818 3224/3224/3224
f 3818/3818/3818 3223/3223/3223 3224/3224/3224
f 3224/3224/3224 3223/3223/3223 3143/3143/3143
f 3223/3223/3223 3004/3004/3004 3143/3143/3143
f 2950/2950/2950 2949/2949/2949 2939/2939/2939
f 2939/2939/2939 2949/2949/2949 2948/2948/2948
f 2948/2948/2948 2947/2947/2947 2943/2943/2943
f 2573/2573/2573 2572/2572/2572 2574/2574/2574
f 4173/4173/4173 4170/4170/4170 4174/4174/4174
f 4174/4174/4174 4170/4170/4170 4179/4179/4179
f 4170/4170/4170 4077/4077/4077 4088/4088/4088
f 4170/4170/4170 4088/4088/4088 4179/4179/4179
f 2565/2565/2565 2566/2566/2566 2564/2564/2564
f 2564/2564/2564 2562/2562/2562 2640/2640/2640
f 2645/2645/2645 2858/2858/2858 2859/2859/2859
f 2858/2858/2858 2862/2862/2862 3838/3838/3838
f 2858/2858/2858 3838/3838/3838 2859/2859/2859
f 2862/2862/2862 4049/4049/4049 3838/3838/3838
f 2862/2862/2862 3841/3841/3841 4049/4049/4049
f 4049/4049/4049 3841/3841/3841 4048/4048/4048
f 3841/3841/3841 2899/2899/2899 4048/4048/4048
f 3826/3826/3826 3827/3827/3827 3825/3825/3825
f 1895/1895/1895 1840/1840/1840 2032/2032/2032
f 4313/4313/4313 4312/4312/4312 4314/4314/4314
f 4313/4313/4313 4314/4314/4314 4324/4324/4324
f 3005/3005/3005 2950/2950/2950 2940/2940/2940
f 4181/4181/4181 4179/4179/4179 4180/4180/4180
f 4179/4179/4179 4088/4088/4088 3978/3978/3978
f 4088/4088/4088 3985/3985/3985 3978/3978/3978
f 3978/3978/3978 3985/3985/3985 3979/3979/3979
f 3985/3985/3985 3224/3224/3224 3979/3979/3979
f 3143/3143/3143 3004/3004/3004 3007/3007/3007
f 2948/2948/2948 2941/2941/2941 2939/2939/2939
f 2944/2944/2944 2945/2945/2945 2922/2922/2922
f 2945/2945/2945 2797/2797/2797 2922/2922/2922
f 2799/2799/2799 2886/2886/2886 2801/2801/2801
f 2572/2572/2572 2575/2575/2575 2608/2608/2608
f 2575/2575/2575 2569/2569/2569 2608/2608/2608
f 2565/2565/2565 2564/2564/2564 2619/2619/2619
f 2641/2641/2641 2645/2645/2645 2860/2860/2860
f 2645/2645/2645 2859/2859/2859 2860/2860/2860
f 2859/2859/2859 3986/3986/3986 2860/2860/2860
f 2859/2859/2859 3838/3838/3838 4147/4147/4147
f 2859/2859/2859 4147/4147/4147 3986/3986/3986
f 3838/3838/3838 4049/4049/4049 4147/4147/4147
f 4147/4147/4147 4049/4049/4049 4266/4266/4266
f 4048/4048/4048 2899/2899/2899 3830/3830/3830
f 2899/2899/2899 3826/3826/3826 3830/3830/3830
f 3830/3830/3830 3826/3826/3826 2900/2900/2900
f 3826/3826/3826 3825/3825/3825 2900/2900/2900
f 3007/3007/3007 3004/3004/3004 3006/3006/3006
f 3004/3004/3004 3005/3005/3005 3006/3006/3006
f 2940/2940/2940 2950/2950/2950 2939/2939/2939
f 4180/4180/4180 4179/4179/4179 4144/4144/4144
f 4179/4179/4179 3978/3978/3978 4144/4144/4144
f 3978/3978/3978 3979/3979/3979 3193/3193/3193
f 3979/3979/3979 3224/3224/3224 3193/3193/3193
f 3224/3224/3224 3143/3143/3143 3193/3193/3193
f 2797/2797/2797 2799/2799/2799 2796/2796/2796
f 2797/2797/2797 2796/2796/2796 2800/2800/2800
f 2799/2799/2799 2801/2801/2801 2796/2796/2796
f 2886/2886/2886 2895/2895/2895 2801/2801/2801
f 2572/2572/2572 2702/2702/2702 2574/2574/2574
f 1995/1995/1995 2021/2021/2021 2135/2135/2135
f 2572/2572/2572 2608/2608/2608 2609/2609/2609
f 3986/3986/3986 4147/4147/4147 4148/4148/4148
f 4147/4147/4147 4266/4266/4266 4148/4148/4148
f 4049/4049/4049 4048/4048/4048 4208/4208/4208
f 4208/4208/4208 4048/4048/4048 3831/3831/3831
f 4048/4048/4048 3830/3830/3830 3831/3831/3831
f 3831/3831/3831 3830/3830/3830 2900/2900/2900
f 2900/2900/2900 3825/3825/3825 3271/3271/3271
f 4301/4301/4301 4302/4302/4302 4303/4303/4303
f 3006/3006/3006 3005/3005/3005 2940/2940/2940
f 4144/4144/4144 3978/3978/3978 3976/3976/3976
f 3976/3976/3976 3978/3978/3978 3167/3167/3167
f 3978/3978/3978 3193/3193/3193 3192/3192/3192
f 3978/3978/3978 3192/3192/3192 3167/3167/3167
f 3192/3192/3192 3193/3193/3193 3009/3009/3009
f 3193/3193/3193 3143/3143/3143 3009/3009/3009
f 3143/3143/3143 3007/3007/3007 3009/3009/3009
f 2948/2948/2948 2943/2943/2943 2941/2941/2941
f 2943/2943/2943 2944/2944/2944 2922/2922/2922
f 2922/2922/2922 2797/2797/2797 2800/2800/2800
f 2895/2895/2895 2712/2712/2712 3237/3237/3237
f 2707/2707/2707 2573/2573/2573 2706/2706/2706
f 2573/2573/2573 2574/2574/2574 2706/2706/2706
f 2567/2567/2567 2565/2565/2565 2613/2613/2613
f 2613/2613/2613 2565/2565/2565 2614/2614/2614
f 2641/2641/2641 2876/2876/2876 2633/2633/2633
f 2641/2641/2641 2860/2860/2860 2876/2876/2876
f 2876/2876/2876 2860/2860/2860 3246/3246/3246
f 2860/2860/2860 3986/3986/3986 3246/3246/3246
f 3246/3246/3246 3986/3986/3986 3993/3993/3993
f 3986/3986/3986 4148/4148/4148 3993/3993/3993
f 4148/4148/4148 4208/4208/4208 3993/3993/3993
f 4208/4208/4208 3831/3831/3831 2889/2889/2889
f 4208/4208/4208 2889/2889/2889 3993/3993/3993
f 3831/3831/3831 2900/2900/2900 2889/2889/2889
f 2889/2889/2889 2900/2900/2900 2888/2888/2888
f 2888/2888/2888 2900/2900/2900 2901/2901/2901
f 2900/2900/2900 3271/3271/3271 2901/2901/2901
f 3271/3271/3271 3272/3272/3272 2901/2901/2901
f 4325/4325/4325 4301/4301/4301 4305/4305/4305
f 4305/4305/4305 4301/4301/4301 4304/4304/4304
f 4301/4301/4301 4303/4303/4303 4304/4304/4304
f 3007/3007/3007 3008/3008/3008 3009/3009/3009
f 3008/3008/3008 3007/3007/3007 3006/3006/3006
f 3976/3976/3976 3167/3167/3167 3168/3168/3168
f 3167/3167/3167 3192/3192/3192 3009/3009/3009
f 2939/2939/2939 2941/2941/2941 2938/2938/2938
f 2801/2801/2801 2895/2895/2895 3237/3237/3237
f 2712/2712/2712 2707/2707/2707 3237/3237/3237
f 2702/2702/2702 2572/2572/2572 2609/2609/2609
f 2569/2569/2569 2567/2567/2567 2613/2613/2613
f 2565/2565/2565 2619/2619/2619 2614/2614/2614
f 2564/2564/2564 2640/2640/2640 2619/2619/2619
f 2640/2640/2640 2641/2641/2641 2633/2633/2633
f 3246/3246/3246 3993/3993/3993 3753/3753/3753
f 3993/3993/3993 2889/2889/2889 3753/3753/3753
f 3753/3753/3753 2889/2889/2889 2636/2636/2636
f 2889/2889/2889 2888/2888/2888 2636/2636/2636
f 2901/2901/2901 3272/3272/3272 3240/3240/3240
f 3008/3008/3008 3006/3006/3006 3043/3043/3043
f 3006/3006/3006 2940/2940/2940 3043/3043/3043
f 3168/3168/3168 3167/3167/3167 3011/3011/3011
f 3167/3167/3167 3009/3009/3009 3011/3011/3011
f 2941/2941/2941 2925/2925/2925 2942/2942/2942
f 2941/2941/2941 2943/2943/2943 2925/2925/2925
f 2943/2943/2943 2922/2922/2922 2925/2925/2925
f 1857/1857/1857 2042/2042/2042 2097/2097/2097
f 4357/4357/4357 4354/4354/4354 4356/4356/4356
f 2619/2619/2619 2640/2640/2640 2633/2633/2633
f 3246/3246/3246 3753/3753/3753 2877/2877/2877
f 3246/3246/3246 2877/2877/2877 2876/2876/2876
f 2901/2901/2901 3240/3240/3240 3238/3238/3238
f 3009/3009/3009 3008/3008/3008 3010/3010/3010
f 2940/2940/2940 2939/2939/2939 2937/2937/2937
f 2939/2939/2939 2938/2938/2938 2937/2937/2937
f 3011/3011/3011 3009/3009/3009 3010/3010/3010
f 2938/2938/2938 2941/2941/2941 2942/2942/2942
f 2925/2925/2925 2922/2922/2922 2923/2923/2923
f 2876/2876/2876 2877/2877/2877 2633/2633/2633
f 2877/2877/2877 3753/3753/3753 2634/2634/2634
f 3753/3753/3753 2636/2636/2636 2634/2634/2634
f 2634/2634/2634 2636/2636/2636 2635/2635/2635
f 2636/2636/2636 2888/2888/2888 2635/2635/2635
f 2635/2635/2635 2888/2888/2888 3238/3238/3238
f 2888/2888/2888 2901/2901/2901 3238/3238/3238
f 3238/3238/3238 3240/3240/3240 3239/3239/3239
f 4305/4305/4305 4304/4304/4304 4306/4306/4306
f 233/233/233 232/232/232 231/231/231
f 3011/3011/3011 3010/3010/3010 3076/3076/3076
f 3237/3237/3237 2707/2707/2707 2709/2709/2709
f 2707/2707/2707 2708/2708/2708 2709/2709/2709
f 2707/2707/2707 2706/2706/2706 2708/2708/2708
f 2574/2574/2574 2702/2702/2702 2705/2705/2705
f 2569/2569/2569 2613/2613/2613 2610/2610/2610
f 2614/2614/2614 2619/2619/2619 2618/2618/2618
f 2618/2618/2618 2619/2619/2619 2620/2620/2620
f 2619/2619/2619 2633/2633/2633 2620/2620/2620
f 2633/2633/2633 2877/2877/2877 2634/2634/2634
f 2635/2635/2635 3238/3238/3238 2676/2676/2676
f 3238/3238/3238 3239/3239/3239 3229/3229/3229
f 3076/3076/3076 3010/3010/3010 3075/3075/3075
f 3010/3010/3010 3008/3008/3008 3075/3075/3075
f 3008/3008/3008 3043/3043/3043 3074/3074/3074
f 3043/3043/3043 3044/3044/3044 3045/3045/3045
f 3043/3043/3043 2940/2940/2940 3044/3044/3044
f 2706/2706/2706 2574/2574/2574 2705/2705/2705
f 2608/2608/2608 2569/2569/2569 2610/2610/2610
f 2676/2676/2676 3238/3238/3238 2677/2677/2677
f 3238/3238/3238 3229/3229/3229 2677/2677/2677
f 231/231/231 232/232/232 228/228/228
f 3011/3011/3011 3076/3076/3076 3832/3832/3832
f 3076/3076/3076 3075/3075/3075 3049/3049/3049
f 3008/3008/3008 3074/3074/3074 3075/3075/3075
f 3074/3074/3074 3043/3043/3043 3045/3045/3045
f 2940/2940/2940 2937/2937/2937 3003/3003/3003
f 2942/2942/2942 2925/2925/2925 2933/2933/2933
f 2923/2923/2923 2922/2922/2922 2921/2921/2921
f 2922/2922/2922 2800/2800/2800 2921/2921/2921
f 2705/2705/2705 2702/2702/2702 2703/2703/2703
f 2702/2702/2702 2609/2609/2609 2703/2703/2703
f 2609/2609/2609 2608/2608/2608 2703/2703/2703
f 2615/2615/2615 2613/2613/2613 2614/2614/2614
f 2633/2633/2633 2634/2634/2634 2632/2632/2632
f 2634/2634/2634 2635/2635/2635 2632/2632/2632
f 2635/2635/2635 2676/2676/2676 2632/2632/2632
f 2632/2632/2632 2676/2676/2676 2677/2677/2677
f 2677/2677/2677 3229/3229/3229 2638/2638/2638
f 3832/3832/3832 3076/3076/3076 3099/3099/3099
f 3179/3179/3179 3074/3074/3074 3045/3045/3045
f 3044/3044/3044 2940/2940/2940 3003/3003/3003
f 2938/2938/2938 2935/2935/2935 2937/2937/2937
f 2935/2935/2935 2938/2938/2938 2942/2942/2942
f 2800/2800/2800 2796/2796/2796 2769/2769/2769
f 2796/2796/2796 2801/2801/2801 2786/2786/2786
f 2801/2801/2801 3237/3237/3237 2709/2709/2709
f 2615/2615/2615 2614/2614/2614 2616/2616/2616
f 2616/2616/2616 2614/2614/2614 2617/2617/2617
f 2617/2617/2617 2614/2614/2614 2618/2618/2618
f 2620/2620/2620 2633/2633/2633 2631/2631/2631
f 2633/2633/2633 2632/2632/2632 2631/2631/2631
f 2632/2632/2632 2677/2677/2677 2630/2630/2630
f 2677/2677/2677 2638/2638/2638 2630/2630/2630
f 2638/2638/2638 3229/3229/3229 2639/2639/2639
f 3229/3229/3229 3218/3218/3218 2639/2639/2639
f 231/231/231 228/228/228 227/227/227
f 3099/3099/3099 3076/3076/3076 3049/3049/3049
f 2935/2935/2935 2942/2942/2942 2934/2934/2934
f 2934/2934/2934 2942/2942/2942 2933/2933/2933
f 2800/2800/2800 2769/2769/2769 2921/2921/2921
f 2796/2796/2796 2786/2786/2786 2769/2769/2769
f 2801/2801/2801 2709/2709/2709 2710/2710/2710
f 2706/2706/2706 2705/2705/2705 2708/2708/2708
f 2708/2708/2708 2705/2705/2705 2760/2760/2760
f 2608/2608/2608 2610/2610/2610 2611/2611/2611
f 2610/2610/2610 2613/2613/2613 2612/2612/2612
f 2618/2618/2618 2620/2620/2620 2621/2621/2621
f 2639/2639/2639 3218/3218/3218 3184/3184/3184
f 227/227/227 228/228/228 229/229/229
f 3832/3832/3832 3099/3099/3099 4005/4005/4005
f 3049/3049/3049 3048/3048/3048 3099/3099/3099
f 3049/3049/3049 3075/3075/3075 3046/3046/3046
f 3049/3049/3049 3046/3046/3046 3048/3048/3048
f 3075/3075/3075 3074/3074/3074 3046/3046/3046
f 3074/3074/3074 3179/3179/3179 3046/3046/3046
f 3179/3179/3179 3045/3045/3045 3046/3046/3046
f 3045/3045/3045 3044/3044/3044 3046/3046/3046
f 2933/2933/2933 2925/2925/2925 2926/2926/2926
f 2926/2926/2926 2925/2925/2925 2924/2924/2924
f 2925/2925/2925 2923/2923/2923 2924/2924/2924
f 2923/2923/2923 2921/2921/2921 2924/2924/2924
f 2801/2801/2801 2710/2710/2710 2786/2786/2786
f 2709/2709/2709 2708/2708/2708 2710/2710/2710
f 2703/2703/2703 2608/2608/2608 2704/2704/2704
f 2608/2608/2608 2611/2611/2611 2713/2713/2713
f 4005/4005/4005 3099/3099/3099 3073/3073/3073
f 3046/3046/3046 3044/3044/3044 3047/3047/3047
f 2710/2710/2710 2708/2708/2708 2711/2711/2711
f 2705/2705/2705 2703/2703/2703 2760/2760/2760
f 2608/2608/2608 2713/2713/2713 2704/2704/2704
f 2611/2611/2611 2612/2612/2612 2863/2863/2863
f 2612/2612/2612 2613/2613/2613 2730/2730/2730
f 2612/2612/2612 2730/2730/2730 2731/2731/2731
f 2615/2615/2615 2616/2616/2616 3190/3190/3190
f 2621/2621/2621 2620/2620/2620 2631/2631/2631
f 2630/2630/2630 2638/2638/2638 2637/2637/2637
f 2638/2638/2638 2639/2639/2639 2637/2637/2637
f 2639/2639/2639 3184/3184/3184 2637/2637/2637
f 2637/2637/2637 3184/3184/3184 3264/3264/3264
f 3264/3264/3264 3184/3184/3184 3266/3266/3266
f 3099/3099/3099 3048/3048/3048 3073/3073/3073
f 3046/3046/3046 3047/3047/3047 3048/3048/3048
f 3044/3044/3044 3050/3050/3050 3047/3047/3047
f 3003/3003/3003 2937/2937/2937 2936/2936/2936
f 2937/2937/2937 2935/2935/2935 2936/2936/2936
f 2708/2708/2708 2760/2760/2760 2711/2711/2711
f 2760/2760/2760 2703/2703/2703 2761/2761/2761
f 2761/2761/2761 2703/2703/2703 2762/2762/2762
f 2703/2703/2703 2704/2704/2704 2762/2762/2762
f 2611/2611/2611 2863/2863/2863 2864/2864/2864
f 2612/2612/2612 2731/2731/2731 2863/2863/2863
f 2613/2613/2613 2615/2615/2615 2730/2730/2730
f 2730/2730/2730 2615/2615/2615 2732/2732/2732
f 3190/3190/3190 2616/2616/2616 3191/3191/3191
f 3191/3191/3191 2616/2616/2616 3744/3744/3744
f 2616/2616/2616 3743/3743/3743 3744/3744/3744
f 2616/2616/2616 2617/2617/2617 3743/3743/3743
f 3743/3743/3743 2617/2617/2617 2829/2829/2829
f 2617/2617/2617 2618/2618/2618 2829/2829/2829
f 2397/2397/2397 2402/2402/2402 2398/2398/2398
f 2615/2615/2615 3190/3190/3190 4038/4038/4038
f 2618/2618/2618 2621/2621/2621 2622/2622/2622
f 3073/3073/3073 3048/3048/3048 3072/3072/3072
f 2713/2713/2713 2611/2611/2611 2865/2865/2865
f 2863/2863/2863 2731/2731/2731 2414/2414/2414
f 2731/2731/2731 2730/2730/2730 2414/2414/2414
f 2730/2730/2730 2411/2411/2411 2414/2414/2414
f 2730/2730/2730 2410/2410/2410 2411/2411/2411
f 2730/2730/2730 2732/2732/2732 2410/2410/2410
f 3743/3743/3743 2829/2829/2829 3821/3821/3821
f 2828/2828/2828 2618/2618/2618 2622/2622/2622
f 2615/2615/2615 4038/4038/4038 2732/2732/2732
f 4038/4038/4038 3190/3190/3190 3191/3191/3191
f 2631/2631/2631 2632/2632/2632 2630/2630/2630
f 2630/2630/2630 2637/2637/2637 2628/2628/2628
f 2637/2637/2637 3264/3264/3264 3263/3263/3263
f 3264/3264/3264 3266/3266/3266 3265/3265/3265
f 3264/3264/3264 3265/3265/3265 3263/3263/3263
f 1858/1858/1858 1932/1932/1932 1861/1861/1861
f 4005/4005/4005 3073/3073/3073 3104/3104/3104
f 3073/3073/3073 3072/3072/3072 3104/3104/3104
f 3072/3072/3072 3048/3048/3048 3071/3071/3071
f 3048/3048/3048 3047/3047/3047 3071/3071/3071
f 3047/3047/3047 3050/3050/3050 3071/3071/3071
f 3044/3044/3044 3003/3003/3003 3050/3050/3050
f 3003/3003/3003 2936/2936/2936 3051/3051/3051
f 2934/2934/2934 2933/2933/2933 2931/2931/2931
f 2931/2931/2931 2933/2933/2933 2926/2926/2926
f 2786/2786/2786 2710/2710/2710 2769/2769/2769
f 2710/2710/2710 2711/2711/2711 2768/2768/2768
f 2704/2704/2704 2763/2763/2763 2762/2762/2762
f 2704/2704/2704 2713/2713/2713 2763/2763/2763
f 2865/2865/2865 2611/2611/2611 2864/2864/2864
f 3781/3781/3781 2863/2863/2863 2416/2416/2416
f 2863/2863/2863 2414/2414/2414 2416/2416/2416
f 2416/2416/2416 2414/2414/2414 2415/2415/2415
f 2415/2415/2415 2414/2414/2414 2406/2406/2406
f 2414/2414/2414 2411/2411/2411 2406/2406/2406
f 2406/2406/2406 2411/2411/2411 2404/2404/2404
f 2411/2411/2411 2410/2410/2410 2404/2404/2404
f 2410/2410/2410 2732/2732/2732 2412/2412/2412
f 3191/3191/3191 3744/3744/3744 4018/4018/4018
f 3744/3744/3744 3743/3743/3743 4018/4018/4018
f 4018/4018/4018 3743/3743/3743 4017/4017/4017
f 4017/4017/4017 3743/3743/3743 4016/4016/4016
f 3743/3743/3743 3821/3821/3821 4016/4016/4016
f 3821/3821/3821 2829/2829/2829 3820/3820/3820
f 2618/2618/2618 2828/2828/2828 2829/2829/2829
f 2732/2732/2732 4038/4038/4038 2412/2412/2412
f 2412/2412/2412 4038/4038/4038 4105/4105/4105
f 4105/4105/4105 4038/4038/4038 4076/4076/4076
f 4038/4038/4038 3191/3191/3191 4076/4076/4076
f 2631/2631/2631 2630/2630/2630 2625/2625/2625
f 227/227/227 229/229/229 230/230/230
f 1932/1932/1932 1858/1858/1858 2038/2038/2038
f 1861/1861/1861 1942/1942/1942 1898/1898/1898
f 4005/4005/4005 3104/3104/3104 4009/4009/4009
f 2403/2403/2403 2404/2404/2404 2405/2405/2405
f 2924/2924/2924 2921/2921/2921 2920/2920/2920
f 2711/2711/2711 2760/2760/2760 2766/2766/2766
f 2711/2711/2711 2766/2766/2766 2767/2767/2767
f 2760/2760/2760 2761/2761/2761 2766/2766/2766
f 2766/2766/2766 2761/2761/2761 2762/2762/2762
f 2713/2713/2713 2865/2865/2865 2763/2763/2763
f 2865/2865/2865 2864/2864/2864 3270/3270/3270
f 2864/2864/2864 3781/3781/3781 3270/3270/3270
f 2864/2864/2864 2863/2863/2863 3781/3781/3781
f 3781/3781/3781 2416/2416/2416 2418/2418/2418
f 2416/2416/2416 2417/2417/2417 2418/2418/2418
f 2404/2404/2404 2410/2410/2410 2405/2405/2405
f 2405/2405/2405 2410/2410/2410 2408/2408/2408
f 2410/2410/2410 2412/2412/2412 2408/2408/2408
f 3191/3191/3191 4018/4018/4018 4076/4076/4076
f 4016/4016/4016 3821/3821/3821 4012/4012/4012
f 3821/3821/3821 3820/3820/3820 4012/4012/4012
f 3820/3820/3820 2829/2829/2829 3214/3214/3214
f 2829/2829/2829 2828/2828/2828 3214/3214/3214
f 2628/2628/2628 2637/2637/2637 2880/2880/2880
f 2637/2637/2637 3263/3263/3263 2880/2880/2880
f 2880/2880/2880 3263/3263/3263 3267/3267/3267
f 3263/3263/3263 3265/3265/3265 3267/3267/3267
f 3072/3072/3072 3177/3177/3177 3104/3104/3104
f 3177/3177/3177 3072/3072/3072 3176/3176/3176
f 3072/3072/3072 3071/3071/3071 3176/3176/3176
f 3071/3071/3071 3054/3054/3054 3176/3176/3176
f 3071/3071/3071 3050/3050/3050 3054/3054/3054
f 3054/3054/3054 3050/3050/3050 3052/3052/3052
f 3003/3003/3003 3051/3051/3051 3050/3050/3050
f 2407/2407/2407 2408/2408/2408 2409/2409/2409
f 2935/2935/2935 2934/2934/2934 2931/2931/2931
f 2931/2931/2931 2926/2926/2926 2928/2928/2928
f 2921/2921/2921 2769/2769/2769 2920/2920/2920
f 2769/2769/2769 2710/2710/2710 2768/2768/2768
f 2769/2769/2769 2768/2768/2768 2770/2770/2770
f 2762/2762/2762 2763/2763/2763 2764/2764/2764
f 3781/3781/3781 4087/4087/4087 3270/3270/3270
f 4087/4087/4087 3781/3781/3781 4108/4108/4108
f 3781/3781/3781 2418/2418/2418 4108/4108/4108
f 2408/2408/2408 2412/2412/2412 2409/2409/2409
f 2409/2409/2409 2412/2412/2412 2413/2413/2413
f 2412/2412/2412 4105/4105/4105 2413/2413/2413
f 2413/2413/2413 4105/4105/4105 4057/4057/4057
f 4105/4105/4105 4076/4076/4076 4057/4057/4057
f 4057/4057/4057 4076/4076/4076 4056/4056/4056
f 4076/4076/4076 4018/4018/4018 4019/4019/4019
f 4076/4076/4076 4019/4019/4019 4056/4056/4056
f 4018/4018/4018 4017/4017/4017 4019/4019/4019
f 4019/4019/4019 4017/4017/4017 4014/4014/4014
f 4017/4017/4017 4016/4016/4016 4014/4014/4014
f 4014/4014/4014 4016/4016/4016 4012/4012/4012
f 4012/4012/4012 3820/3820/3820 4003/4003/4003
f 4003/4003/4003 3820/3820/3820 3214/3214/3214
f 3214/3214/3214 2828/2828/2828 2825/2825/2825
f 2828/2828/2828 2622/2622/2622 2825/2825/2825
f 3267/3267/3267 3265/3265/3265 3268/3268/3268
f 1932/1932/1932 317/317/317 315/315/315
f 3052/3052/3052 3050/3050/3050 3051/3051/3051
f 2419/2419/2419 2413/2413/2413 2420/2420/2420
f 2928/2928/2928 2926/2926/2926 2927/2927/2927
f 2926/2926/2926 2924/2924/2924 2927/2927/2927
f 2920/2920/2920 2769/2769/2769 2770/2770/2770
f 2768/2768/2768 2711/2711/2711 2767/2767/2767
f 2762/2762/2762 2764/2764/2764 2765/2765/2765
f 2764/2764/2764 2763/2763/2763 3203/3203/3203
f 2763/2763/2763 3255/3255/3255 3203/3203/3203
f 2763/2763/2763 2865/2865/2865 3255/3255/3255
f 2865/2865/2865 3270/3270/3270 3255/3255/3255
f 3255/3255/3255 3270/3270/3270 4028/4028/4028
f 4028/4028/4028 3270/3270/3270 4149/4149/4149
f 3270/3270/3270 4087/4087/4087 4149/4149/4149
f 2413/2413/2413 4057/4057/4057 2420/2420/2420
f 4057/4057/4057 4056/4056/4056 4020/4020/4020
f 4056/4056/4056 4019/4019/4019 4020/4020/4020
f 4020/4020/4020 4019/4019/4019 4015/4015/4015
f 4019/4019/4019 4014/4014/4014 4015/4015/4015
f 4014/4014/4014 4012/4012/4012 4013/4013/4013
f 4012/4012/4012 4003/4003/4003 4013/4013/4013
f 2825/2825/2825 2622/2622/2622 2623/2623/2623
f 2630/2630/2630 2628/2628/2628 2625/2625/2625
f 2628/2628/2628 2880/2880/2880 2879/2879/2879
f 2880/2880/2880 3267/3267/3267 2879/2879/2879
f 2879/2879/2879 3267/3267/3267 3268/3268/3268
f 315/315/315 317/317/317 313/313/313
f 4009/4009/4009 3104/3104/3104 4008/4008/4008
f 3104/3104/3104 3177/3177/3177 3138/3138/3138
f 3177/3177/3177 3176/3176/3176 3138/3138/3138
f 3138/3138/3138 3176/3176/3176 3093/3093/3093
f 3176/3176/3176 3054/3054/3054 3093/3093/3093
f 3093/3093/3093 3054/3054/3054 3092/3092/3092
f 3054/3054/3054 3052/3052/3052 3092/3092/3092
f 3051/3051/3051 2936/2936/2936 3000/3000/3000
f 2766/2766/2766 2762/2762/2762 2765/2765/2765
f 2764/2764/2764 3203/3203/3203 3202/3202/3202
f 3203/3203/3203 3255/3255/3255 4141/4141/4141
f 3255/3255/3255 4028/4028/4028 4116/4116/4116
f 3255/3255/3255 4116/4116/4116 4141/4141/4141
f 4057/4057/4057 4020/4020/4020 2420/2420/2420
f 4020/4020/4020 4015/4015/4015 4021/4021/4021
f 4014/4014/4014 4013/4013/4013 4015/4015/4015
f 4013/4013/4013 4003/4003/4003 4022/4022/4022
f 4022/4022/4022 4003/4003/4003 4217/4217/4217
f 4217/4217/4217 4003/4003/4003 4218/4218/4218
f 4003/4003/4003 3214/3214/3214 4110/4110/4110
f 2376/2376/2376 2374/2374/2374 2373/2373/2373
f 2825/2825/2825 2623/2623/2623 2826/2826/2826
f 2622/2622/2622 2621/2621/2621 2623/2623/2623
f 2621/2621/2621 2631/2631/2631 2625/2625/2625
f 4446/4446/4446 4445/4445/4445 4452/4452/4452
f 4008/4008/4008 3104/3104/3104 3137/3137/3137
f 4008/4008/4008 3137/3137/3137 4010/4010/4010
f 3104/3104/3104 3138/3138/3138 3137/3137/3137
f 3138/3138/3138 3093/3093/3093 3137/3137/3137
f 2420/2420/2420 4020/4020/4020 4021/4021/4021
f 2375/2375/2375 2374/2374/2374 2377/2377/2377
f 2924/2924/2924 2996/2996/2996 2927/2927/2927
f 2996/2996/2996 2924/2924/2924 2775/2775/2775
f 2924/2924/2924 2920/2920/2920 2775/2775/2775
f 2920/2920/2920 2770/2770/2770 2775/2775/2775
f 2767/2767/2767 2766/2766/2766 2773/2773/2773
f 2766/2766/2766 2765/2765/2765 2773/2773/2773
f 2765/2765/2765 2764/2764/2764 2787/2787/2787
f 2764/2764/2764 3202/3202/3202 2787/2787/2787
f 3203/3203/3203 4141/4141/4141 4115/4115/4115
f 3203/3203/3203 4115/4115/4115 4094/4094/4094
f 4015/4015/4015 4013/4013/4013 4022/4022/4022
f 4015/4015/4015 4022/4022/4022 4021/4021/4021
f 4110/4110/4110 3214/3214/3214 4159/4159/4159
f 2374/2374/2374 2378/2378/2378 2377/2377/2377
f 3214/3214/3214 2825/2825/2825 3907/3907/3907
f 3214/3214/3214 3907/3907/3907 4159/4159/4159
f 2825/2825/2825 2826/2826/2826 3907/3907/3907
f 2626/2626/2626 2625/2625/2625 2628/2628/2628
f 2629/2629/2629 2628/2628/2628 2878/2878/2878
f 2628/2628/2628 2879/2879/2879 2878/2878/2878
f 2879/2879/2879 3268/3268/3268 3750/3750/3750
f 3750/3750/3750 3268/3268/3268 3751/3751/3751
f 3093/3093/3093 3092/3092/3092 3134/3134/3134
f 3092/3092/3092 3094/3094/3094 3134/3134/3134
f 3092/3092/3092 3052/3052/3052 3094/3094/3094
f 3094/3094/3094 3052/3052/3052 3095/3095/3095
f 3095/3095/3095 3052/3052/3052 3053/3053/3053
f 3052/3052/3052 3051/3051/3051 3053/3053/3053
f 4021/4021/4021 4224/4224/4224 4238/4238/4238
f 4021/4021/4021 4238/4238/4238 4243/4243/4243
f 2377/2377/2377 2378/2378/2378 2379/2379/2379
f 2770/2770/2770 2771/2771/2771 2775/2775/2775
f 2770/2770/2770 2768/2768/2768 2771/2771/2771
f 2768/2768/2768 2772/2772/2772 2771/2771/2771
f 2768/2768/2768 2767/2767/2767 2772/2772/2772
f 2787/2787/2787 3202/3202/3202 4030/4030/4030
f 4030/4030/4030 3202/3202/3202 4092/4092/4092
f 3202/3202/3202 3203/3203/3203 4093/4093/4093
f 3202/3202/3202 4093/4093/4093 4092/4092/4092
f 3203/3203/3203 4094/4094/4094 4093/4093/4093
f 2378/2378/2378 2380/2380/2380 2379/2379/2379
f 2626/2626/2626 2628/2628/2628 2629/2629/2629
f 2879/2879/2879 3750/3750/3750 2878/2878/2878
f 4446/4446/4446 4452/4452/4452 4450/4450/4450
f 3137/3137/3137 3093/3093/3093 3134/3134/3134
f 2936/2936/2936 2935/2935/2935 2931/2931/2931
f 2379/2379/2379 2380/2380/2380 2381/2381/2381
f 2928/2928/2928 2927/2927/2927 2929/2929/2929
f 2927/2927/2927 2996/2996/2996 2930/2930/2930
f 2775/2775/2775 2771/2771/2771 2776/2776/2776
f 2771/2771/2771 2772/2772/2772 2774/2774/2774
f 2772/2772/2772 2767/2767/2767 2774/2774/2774
f 2774/2774/2774 2767/2767/2767 2773/2773/2773
f 2773/2773/2773 2765/2765/2765 2777/2777/2777
f 2765/2765/2765 2787/2787/2787 2777/2777/2777
f 4030/4030/4030 4092/4092/4092 4205/4205/4205
f 3907/3907/3907 2826/2826/2826 3908/3908/3908
f 2878/2878/2878 3750/3750/3750 3752/3752/3752
f 3752/3752/3752 3750/3750/3750 3751/3751/3751
f 4450/4450/4450 4452/4452/4452 4448/4448/4448
f 4010/4010/4010 3137/3137/3137 3742/3742/3742
f 3742/3742/3742 3137/3137/3137 3132/3132/3132
f 3132/3132/3132 3137/3137/3137 3133/3133/3133
f 3137/3137/3137 3134/3134/3134 3133/3133/3133
f 3134/3134/3134 3094/3094/3094 3130/3130/3130
f 3094/3094/3094 3095/3095/3095 3130/3130/3130
f 3053/3053/3053 3051/3051/3051 3000/3000/3000
f 3000/3000/3000 2936/2936/2936 2998/2998/2998
f 2936/2936/2936 2931/2931/2931 2998/2998/2998
f 1652/1652/1652 2120/2120/2120 333/333/333
f 2931/2931/2931 2928/2928/2928 2932/2932/2932
f 2996/2996/2996 2775/2775/2775 3066/3066/3066
f 2775/2775/2775 2776/2776/2776 3066/3066/3066
f 2776/2776/2776 2771/2771/2771 3212/3212/3212
f 3212/3212/3212 2771/2771/2771 3211/3211/3211
f 2771/2771/2771 2774/2774/2774 3211/3211/3211
f 2773/2773/2773 2777/2777/2777 2774/2774/2774
f 2777/2777/2777 2787/2787/2787 2430/2430/2430
f 2777/2777/2777 2430/2430/2430 2426/2426/2426
f 2430/2430/2430 2787/2787/2787 2431/2431/2431
f 2787/2787/2787 4030/4030/4030 2431/2431/2431
f 3908/3908/3908 2826/2826/2826 3864/3864/3864
f 3908/3908/3908 3864/3864/3864 4229/4229/4229
f 2826/2826/2826 2623/2623/2623 2827/2827/2827
f 2826/2826/2826 2827/2827/2827 3864/3864/3864
f 2623/2623/2623 2621/2621/2621 2624/2624/2624
f 2621/2621/2621 2625/2625/2625 2624/2624/2624
f 2626/2626/2626 2629/2629/2629 2790/2790/2790
f 2790/2790/2790 2629/2629/2629 2878/2878/2878
f 2878/2878/2878 3752/3752/3752 3806/3806/3806
f 3752/3752/3752 3751/3751/3751 3957/3957/3957
f 1672/1672/1672 1696/1696/1696 1668/1668/1668
f 3133/3133/3133 3134/3134/3134 3127/3127/3127
f 3134/3134/3134 3130/3130/3130 3127/3127/3127
f 3130/3130/3130 3095/3095/3095 3124/3124/3124
f 330/330/330 331/331/331 332/332/332
f 2932/2932/2932 2928/2928/2928 2929/2929/2929
f 2929/2929/2929 2927/2927/2927 2930/2930/2930
f 3065/3065/3065 2996/2996/2996 3066/3066/3066
f 3066/3066/3066 2776/2776/2776 3101/3101/3101
f 2776/2776/2776 3212/3212/3212 4128/4128/4128
f 4128/4128/4128 3212/3212/3212 4127/4127/4127
f 4127/4127/4127 3212/3212/3212 4065/4065/4065
f 3212/3212/3212 3211/3211/3211 4065/4065/4065
f 3211/3211/3211 3213/3213/3213 4065/4065/4065
f 3211/3211/3211 2774/2774/2774 3213/3213/3213
f 3213/3213/3213 2774/2774/2774 2778/2778/2778
f 2774/2774/2774 2777/2777/2777 2778/2778/2778
f 2778/2778/2778 2777/2777/2777 2432/2432/2432
f 2777/2777/2777 2426/2426/2426 2432/2432/2432
f 2426/2426/2426 2430/2430/2430 2428/2428/2428
f 2428/2428/2428 2430/2430/2430 2429/2429/2429
f 3864/3864/3864 2827/2827/2827 3843/3843/3843
f 3864/3864/3864 3843/3843/3843 4225/4225/4225
f 2827/2827/2827 2623/2623/2623 2624/2624/2624
f 3256/3256/3256 2790/2790/2790 2881/2881/2881
f 2790/2790/2790 2878/2878/2878 2881/2881/2881
f 2878/2878/2878 3806/3806/3806 2881/2881/2881
f 3806/3806/3806 3752/3752/3752 3859/3859/3859
f 3957/3957/3957 3751/3751/3751 3961/3961/3961
f 3751/3751/3751 4214/4214/4214 3961/3961/3961
f 3742/3742/3742 3132/3132/3132 3128/3128/3128
f 3132/3132/3132 3133/3133/3133 3127/3127/3127
f 3132/3132/3132 3127/3127/3127 3128/3128/3128
f 3127/3127/3127 3130/3130/3130 3124/3124/3124
f 3124/3124/3124 3095/3095/3095 3053/3053/3053
f 3053/3053/3053 3000/3000/3000 2999/2999/2999
f 2931/2931/2931 2932/2932/2932 2998/2998/2998
f 2776/2776/2776 4242/4242/4242 4166/4166/4166
f 2776/2776/2776 4223/4223/4223 4242/4242/4242
f 2930/2930/2930 2996/2996/2996 3065/3065/3065
f 3065/3065/3065 3066/3066/3066 3101/3101/3101
f 3213/3213/3213 4097/4097/4097 4065/4065/4065
f 2426/2426/2426 2428/2428/2428 2427/2427/2427
f 2624/2624/2624 2625/2625/2625 2626/2626/2626
f 2626/2626/2626 2790/2790/2790 2788/2788/2788
f 2788/2788/2788 2790/2790/2790 3256/3256/3256
f 3824/3824/3824 2881/2881/2881 3858/3858/3858
f 3858/3858/3858 2881/2881/2881 3859/3859/3859
f 2881/2881/2881 3806/3806/3806 3859/3859/3859
f 3859/3859/3859 3752/3752/3752 3958/3958/3958
f 3752/3752/3752 3957/3957/3957 3958/3958/3958
f 4450/4450/4450 4448/4448/4448 4447/4447/4447
f 3124/3124/3124 3125/3125/3125 3127/3127/3127
f 3124/3124/3124 3053/3053/3053 3125/3125/3125
f 3053/3053/3053 2999/2999/2999 3125/3125/3125
f 4282/4282/4282 3843/3843/3843 4163/4163/4163
f 2929/2929/2929 2930/2930/2930 2997/2997/2997
f 2930/2930/2930 3065/3065/3065 3064/3064/3064
f 3065/3065/3065 3101/3101/3101 3100/3100/3100
f 3213/3213/3213 2778/2778/2778 4097/4097/4097
f 2432/2432/2432 2426/2426/2426 2425/2425/2425
f 2624/2624/2624 2626/2626/2626 2627/2627/2627
f 3256/3256/3256 2881/2881/2881 3824/3824/3824
f 3859/3859/3859 3958/3958/3958 3858/3858/3858
f 3958/3958/3958 3957/3957/3957 3959/3959/3959
f 3959/3959/3959 3957/3957/3957 3960/3960/3960
f 3957/3957/3957 3961/3961/3961 3960/3960/3960
f 3128/3128/3128 3127/3127/3127 3129/3129/3129
f 3128/3128/3128 3129/3129/3129 3135/3135/3135
f 3127/3127/3127 3125/3125/3125 3129/3129/3129
f 2999/2999/2999 3000/3000/3000 3001/3001/3001
f 2932/2932/2932 2929/2929/2929 3059/3059/3059
f 3059/3059/3059 2929/2929/2929 2997/2997/2997
f 3064/3064/3064 3065/3065/3065 3077/3077/3077
f 3065/3065/3065 3100/3100/3100 3077/3077/3077
f 4163/4163/4163 3843/3843/3843 3866/3866/3866
f 3843/3843/3843 2827/2827/2827 2624/2624/2624
f 3843/3843/3843 2624/2624/2624 3866/3866/3866
f 2626/2626/2626 2788/2788/2788 2627/2627/2627
f 2627/2627/2627 2788/2788/2788 2789/2789/2789
f 3256/3256/3256 3824/3824/3824 3822/3822/3822
f 3824/3824/3824 3858/3858/3858 3963/3963/3963
f 3858/3858/3858 3958/3958/3958 3963/3963/3963
f 3958/3958/3958 3959/3959/3959 3963/3963/3963
f 3129/3129/3129 3125/3125/3125 3126/3126/3126
f 3126/3126/3126 3125/3125/3125 3002/3002/3002
f 3125/3125/3125 2999/2999/2999 3002/3002/3002
f 3001/3001/3001 3000/3000/3000 2998/2998/2998
f 2998/2998/2998 2932/2932/2932 3059/3059/3059
f 3077/3077/3077 3100/3100/3100 4090/4090/4090
f 2788/2788/2788 3256/3256/3256 3822/3822/3822
f 3822/3822/3822 3824/3824/3824 3964/3964/3964
f 3824/3824/3824 3963/3963/3963 3964/3964/3964
f 3959/3959/3959 3962/3962/3962 3963/3963/3963
f 3959/3959/3959 3960/3960/3960 3962/3962/3962
f 3962/3962/3962 3960/3960/3960 4261/4261/4261
f 4447/4447/4447 4448/4448/4448 4449/4449/4449
f 3742/3742/3742 3128/3128/3128 3236/3236/3236
f 3236/3236/3236 3128/3128/3128 3175/3175/3175
f 3128/3128/3128 3135/3135/3135 3175/3175/3175
f 3135/3135/3135 3129/3129/3129 3131/3131/3131
f 3129/3129/3129 3126/3126/3126 3131/3131/3131
f 3126/3126/3126 3139/3139/3139 3131/3131/3131
f 3126/3126/3126 3002/3002/3002 3139/3139/3139
f 3002/3002/3002 2999/2999/2999 3001/3001/3001
f 2998/2998/2998 3059/3059/3059 3055/3055/3055
f 2997/2997/2997 3060/3060/3060 3059/3059/3059
f 2997/2997/2997 3062/3062/3062 3060/3060/3060
f 2997/2997/2997 2930/2930/2930 3062/3062/3062
f 3062/3062/3062 2930/2930/2930 3063/3063/3063
f 2930/2930/2930 3064/3064/3064 3063/3063/3063
f 2624/2624/2624 2627/2627/2627 2673/2673/2673
f 2789/2789/2789 2788/2788/2788 3269/3269/3269
f 2788/2788/2788 3822/3822/3822 3269/3269/3269
f 3963/3963/3963 2422/2422/2422 3964/3964/3964
f 3963/3963/3963 3962/3962/3962 2422/2422/2422
f 4447/4447/4447 4449/4449/4449 4451/4451/4451
f 3135/3135/3135 3131/3131/3131 3109/3109/3109
f 3139/3139/3139 3002/3002/3002 3058/3058/3058
f 3001/3001/3001 2998/2998/2998 3055/3055/3055
f 3055/3055/3055 3059/3059/3059 3061/3061/3061
f 2216/2216/2216 2217/2217/2217 2218/2218/2218
f 3059/3059/3059 3060/3060/3060 3061/3061/3061
f 3064/3064/3064 3077/3077/3077 3078/3078/3078
f 3866/3866/3866 2624/2624/2624 2902/2902/2902
f 4442/4442/4442 4439/4439/4439 4441/4441/4441
f 2624/2624/2624 2673/2673/2673 2902/2902/2902
f 2627/2627/2627 2678/2678/2678 2673/2673/2673
f 2627/2627/2627 2789/2789/2789 2678/2678/2678
f 2789/2789/2789 3269/3269/3269 2855/2855/2855
f 3269/3269/3269 3822/3822/3822 3823/3823/3823
f 3175/3175/3175 3135/3135/3135 3140/3140/3140
f 3135/3135/3135 3109/3109/3109 3140/3140/3140
f 3131/3131/3131 3139/3139/3139 3109/3109/3109
f 3109/3109/3109 3139/3139/3139 3058/3058/3058
f 3001/3001/3001 3055/3055/3055 3056/3056/3056
f 2220/2220/2220 2218/2218/2218 2221/2221/2221
f 3061/3061/3061 3060/3060/3060 3115/3115/3115
f 4441/4441/4441 4439/4439/4439 4440/4440/4440
f 2789/2789/2789 2855/2855/2855 2678/2678/2678
f 2855/2855/2855 3269/3269/3269 3823/3823/3823
f 3823/3823/3823 3822/3822/3822 3967/3967/3967
f 3822/3822/3822 3966/3966/3966 3967/3967/3967
f 3822/3822/3822 3964/3964/3964 3966/3966/3966
f 3966/3966/3966 3964/3964/3964 3965/3965/3965
f 3964/3964/3964 2422/2422/2422 3965/3965/3965
f 3236/3236/3236 3175/3175/3175 3235/3235/3235
f 3175/3175/3175 3174/3174/3174 3235/3235/3235
f 3175/3175/3175 3140/3140/3140 3174/3174/3174
f 3174/3174/3174 3140/3140/3140 3173/3173/3173
f 3140/3140/3140 3109/3109/3109 3111/3111/3111
f 3056/3056/3056 3055/3055/3055 3114/3114/3114
f 3061/3061/3061 3115/3115/3115 3055/3055/3055
f 3060/3060/3060 3117/3117/3117 3115/3115/3115
f 3060/3060/3060 3062/3062/3062 3096/3096/3096
f 3062/3062/3062 3063/3063/3063 3096/3096/3096
f 3063/3063/3063 3064/3064/3064 3098/3098/3098
f 3064/3064/3064 3078/3078/3078 3098/3098/3098
f 4440/4440/4440 4439/4439/4439 4437/4437/4437
f 3967/3967/3967 3966/3966/3966 3965/3965/3965
f 3965/3965/3965 2421/2421/2421 4183/4183/4183
f 3173/3173/3173 3140/3140/3140 3111/3111/3111
f 3058/3058/3058 3057/3057/3057 3109/3109/3109
f 3058/3058/3058 3002/3002/3002 3057/3057/3057
f 3002/3002/3002 3001/3001/3001 3057/3057/3057
f 3001/3001/3001 3056/3056/3056 3057/3057/3057
f 3055/3055/3055 3115/3115/3115 3113/3113/3113
f 3113/3113/3113 3115/3115/3115 3116/3116/3116
f 3115/3115/3115 3117/3117/3117 3116/3116/3116
f 4484/4484/4484 4485/4485/4485 4486/4486/4486
f 4436/4436/4436 4437/4437/4437 4438/4438/4438
f 3096/3096/3096 3063/3063/3063 3097/3097/3097
f 3063/3063/3063 3098/3098/3098 3097/3097/3097
f 4437/4437/4437 4439/4439/4439 4438/4438/4438
f 2902/2902/2902 2673/2673/2673 2759/2759/2759
f 2673/2673/2673 2678/2678/2678 2759/2759/2759
f 2759/2759/2759 2678/2678/2678 2854/2854/2854
f 2678/2678/2678 2855/2855/2855 2854/2854/2854
f 2855/2855/2855 3823/3823/3823 3860/3860/3860
f 2855/2855/2855 3860/3860/3860 3861/3861/3861
f 3823/3823/3823 3967/3967/3967 3968/3968/3968
f 3967/3967/3967 3965/3965/3965 3969/3969/3969
f 3967/3967/3967 3969/3969/3969 3968/3968/3968
f 3969/3969/3969 3965/3965/3965 4183/4183/4183
f 1725/1725/1725 1665/1665/1665 2122/2122/2122
f 2284/2284/2284 2285/2285/2285 2283/2283/2283
f 2284/2284/2284 2283/2283/2283 2280/2280/2280
f 2285/2285/2285 2287/2287/2287 2283/2283/2283
f 3235/3235/3235 3174/3174/3174 4098/4098/4098
f 4098/4098/4098 3174/3174/3174 3173/3173/3173
f 3173/3173/3173 3111/3111/3111 3172/3172/3172
f 3172/3172/3172 3111/3111/3111 3110/3110/3110
f 3111/3111/3111 3109/3109/3109 3110/3110/3110
f 3109/3109/3109 3057/3057/3057 3110/3110/3110
f 3110/3110/3110 3057/3057/3057 3112/3112/3112
f 3057/3057/3057 3056/3056/3056 3112/3112/3112
f 3056/3056/3056 3114/3114/3114 3112/3112/3112
f 3055/3055/3055 3113/3113/3113 3114/3114/3114
f 3116/3116/3116 3117/3117/3117 4153/4153/4153
f 3098/3098/3098 3078/3078/3078 4002/4002/4002
f 2902/2902/2902 2759/2759/2759 3770/3770/3770
f 4439/4439/4439 4443/4443/4443 4438/4438/4438
f 2855/2855/2855 3861/3861/3861 2854/2854/2854
f 3860/3860/3860 3823/3823/3823 4029/4029/4029
f 3823/3823/3823 3968/3968/3968 4029/4029/4029
f 4344/4344/4344 4345/4345/4345 4343/4343/4343
f 4344/4344/4344 4343/4343/4343 4341/4341/4341
f 1725/1725/1725 2122/2122/2122 2101/2101/2101
f 1671/1671/1671 1494/1494/1494 1495/1495/1495
f 2280/2280/2280 2283/2283/2283 2281/2281/2281
f 2280/2280/2280 2281/2281/2281 2282/2282/2282
f 4098/4098/4098 3173/3173/3173 4145/4145/4145
f 3173/3173/3173 3172/3172/3172 4145/4145/4145
f 3110/3110/3110 3112/3112/3112 3123/3123/3123
f 3112/3112/3112 3185/3185/3185 3123/3123/3123
f 3112/3112/3112 3114/3114/3114 3186/3186/3186
f 3114/3114/3114 3113/3113/3113 3186/3186/3186
f 3186/3186/3186 3113/3113/3113 3187/3187/3187
f 3113/3113/3113 3116/3116/3116 3837/3837/3837
f 3837/3837/3837 3116/3116/3116 4151/4151/4151
f 4151/4151/4151 3116/3116/3116 4152/4152/4152
f 3116/3116/3116 4153/4153/4153 4152/4152/4152
f 3097/3097/3097 3098/3098/3098 3992/3992/3992
f 3992/3992/3992 3098/3098/3098 4111/4111/4111
f 4436/4436/4436 4438/4438/4438 4435/4435/4435
f 4438/4438/4438 4443/4443/4443 4433/4433/4433
f 4438/4438/4438 4433/4433/4433 4435/4435/4435
f 2759/2759/2759 2854/2854/2854 3770/3770/3770
f 2854/2854/2854 3861/3861/3861 3862/3862/3862
f 3862/3862/3862 3861/3861/3861 3887/3887/3887
f 3861/3861/3861 3860/3860/3860 4029/4029/4029
f 4029/4029/4029 3968/3968/3968 4059/4059/4059
f 3968/3968/3968 4259/4259/4259 4059/4059/4059
f 4340/4340/4340 4341/4341/4341 4342/4342/4342
f 2208/2208/2208 2207/2207/2207 2205/2205/2205
f 2282/2282/2282 2281/2281/2281 2286/2286/2286
f 2207/2207/2207 2203/2203/2203 2205/2205/2205
f 4145/4145/4145 3172/3172/3172 4130/4130/4130
f 3172/3172/3172 4074/4074/4074 4130/4130/4130
f 3172/3172/3172 3110/3110/3110 3805/3805/3805
f 3172/3172/3172 3805/3805/3805 4074/4074/4074
f 3110/3110/3110 3123/3123/3123 3805/3805/3805
f 3112/3112/3112 3186/3186/3186 3185/3185/3185
f 3187/3187/3187 3113/3113/3113 3842/3842/3842
f 3113/3113/3113 3837/3837/3837 3842/3842/3842
f 3837/3837/3837 4151/4151/4151 3842/3842/3842
f 4432/4432/4432 4433/4433/4433 4434/4434/4434
f 4433/4433/4433 4443/4443/4443 4434/4434/4434
f 3770/3770/3770 2854/2854/2854 3771/3771/3771
f 2854/2854/2854 3862/3862/3862 3771/3771/3771
f 3861/3861/3861 4029/4029/4029 3887/3887/3887
f 3887/3887/3887 4029/4029/4029 4055/4055/4055
f 4029/4029/4029 4059/4059/4059 4055/4055/4055
f 4394/4394/4394 4393/4393/4393 4417/4417/4417
f 4393/4393/4393 4416/4416/4416 4417/4417/4417
f 4417/4417/4417 4416/4416/4416 4418/4418/4418
f 2351/2351/2351 2350/2350/2350 2343/2343/2343
f 2343/2343/2343 2350/2350/2350 2340/2340/2340
f 1859/1859/1859 1435/1435/1435 2080/2080/2080
f 2080/2080/2080 1435/1435/1435 2081/2081/2081
f 1435/1435/1435 1368/1368/1368 2081/2081/2081
f 2349/2349/2349 2332/2332/2332 2336/2336/2336
f 2349/2349/2349 2348/2348/2348 2333/2333/2333
f 2349/2349/2349 2333/2333/2333 2332/2332/2332
f 2348/2348/2348 2347/2347/2347 2338/2338/2338
f 2348/2348/2348 2338/2338/2338 2333/2333/2333
f 2347/2347/2347 2320/2320/2320 2338/2338/2338
f 2320/2320/2320 2342/2342/2342 2338/2338/2338
f 2320/2320/2320 2319/2319/2319 2342/2342/2342
f 2084/2084/2084 1862/1862/1862 1863/1863/1863
f 1862/1862/1862 1649/1649/1649 1863/1863/1863
f 1649/1649/1649 1611/1611/1611 1745/1745/1745
f 1611/1611/1611 1609/1609/1609 1745/1745/1745
f 1609/1609/1609 1610/1610/1610 1675/1675/1675
f 1609/1609/1609 1675/1675/1675 1745/1745/1745
f 1675/1675/1675 1610/1610/1610 2086/2086/2086
f 2342/2342/2342 2319/2319/2319 2329/2329/2329
f 2319/2319/2319 2317/2317/2317 2329/2329/2329
f 3889/3889/3889 4124/4124/4124 3879/3879/3879
f 4124/4124/4124 4089/4089/4089 3879/3879/3879
f 4393/4393/4393 4408/4408/4408 4416/4416/4416
f 1355/1355/1355 1349/1349/1349 1859/1859/1859
f 1355/1355/1355 1859/1859/1859 2029/2029/2029
f 1349/1349/1349 1435/1435/1435 1859/1859/1859
f 1349/1349/1349 1274/1274/1274 1435/1435/1435
f 1435/1435/1435 1274/1274/1274 1368/1368/1368
f 1274/1274/1274 1275/1275/1275 1368/1368/1368
f 1275/1275/1275 1276/1276/1276 1367/1367/1367
f 1275/1275/1275 1367/1367/1367 1368/1368/1368
f 1367/1367/1367 1276/1276/1276 1678/1678/1678
f 1276/1276/1276 1277/1277/1277 1678/1678/1678
f 1678/1678/1678 1277/1277/1277 2043/2043/2043
f 1277/1277/1277 1821/1821/1821 2043/2043/2043
f 2320/2320/2320 2318/2318/2318 2319/2319/2319
f 2318/2318/2318 2317/2317/2317 2319/2319/2319
f 2039/2039/2039 1614/1614/1614 1862/1862/1862
f 1614/1614/1614 1608/1608/1608 1649/1649/1649
f 1614/1614/1614 1649/1649/1649 1862/1862/1862
f 1649/1649/1649 1608/1608/1608 1611/1611/1611
f 1608/1608/1608 1609/1609/1609 1611/1611/1611
f 1610/1610/1610 1695/1695/1695 2093/2093/2093
f 3982/3982/3982 4125/4125/4125 3980/3980/3980
f 79/79/79 78/78/78 76/76/76
f 4364/4364/4364 4385/4385/4385 4393/4393/4393
f 4364/4364/4364 4393/4393/4393 4394/4394/4394
f 4385/4385/4385 4408/4408/4408 4393/4393/4393
f 1349/1349/1349 1264/1264/1264 1274/1274/1274
f 1277/1277/1277 594/594/594 1821/1821/1821
f 594/594/594 1694/1694/1694 1821/1821/1821
f 1694/1694/1694 1888/1888/1888 1821/1821/1821
f 2318/2318/2318 2315/2315/2315 2317/2317/2317
f 2315/2315/2315 2316/2316/2316 2317/2317/2317
f 2317/2317/2317 2316/2316/2316 2326/2326/2326
f 1615/1615/1615 1614/1614/1614 2044/2044/2044
f 2316/2316/2316 2321/2321/2321 2325/2325/2325
f 2316/2316/2316 2325/2325/2325 2326/2326/2326
f 4198/4198/4198 4023/4023/4023 3980/3980/3980
f 79/79/79 80/80/80 78/78/78
f 4386/4386/4386 4385/4385/4385 4364/4364/4364
f 1355/1355/1355 1264/1264/1264 1349/1349/1349
f 1264/1264/1264 1263/1263/1263 1274/1274/1274
f 1263/1263/1263 1275/1275/1275 1274/1274/1274
f 1263/1263/1263 595/595/595 1275/1275/1275
f 1275/1275/1275 595/595/595 1276/1276/1276
f 595/595/595 594/594/594 1276/1276/1276
f 1276/1276/1276 594/594/594 1277/1277/1277
f 2315/2315/2315 2304/2304/2304 2316/2316/2316
f 2304/2304/2304 2321/2321/2321 2316/2316/2316
f 1614/1614/1614 1602/1602/1602 1608/1608/1608
f 1609/1609/1609 1603/1603/1603 1610/1610/1610
f 1603/1603/1603 1626/1626/1626 1695/1695/1695
f 1603/1603/1603 1695/1695/1695 1610/1610/1610
f 4207/4207/4207 3768/3768/3768 4182/4182/4182
f 2321/2321/2321 2328/2328/2328 2325/2325/2325
f 3575/3575/3575 3700/3700/3700 3574/3574/3574
f 2328/2328/2328 2330/2330/2330 2325/2325/2325
f 4385/4385/4385 4413/4413/4413 4408/4408/4408
f 1320/1320/1320 1264/1264/1264 1355/1355/1355
f 1318/1318/1318 590/590/590 1264/1264/1264
f 590/590/590 1263/1263/1263 1264/1264/1264
f 590/590/590 589/589/589 1263/1263/1263
f 1263/1263/1263 589/589/589 595/595/595
f 589/589/589 591/591/591 595/595/595
f 595/595/595 591/591/591 594/594/594
f 594/594/594 593/593/593 1694/1694/1694
f 593/593/593 1887/1887/1887 1888/1888/1888
f 593/593/593 1888/1888/1888 1694/1694/1694
f 2314/2314/2314 2311/2311/2311 2304/2304/2304
f 2314/2314/2314 2304/2304/2304 2315/2315/2315
f 2304/2304/2304 2301/2301/2301 2321/2321/2321
f 1738/1738/1738 1612/1612/1612 1622/1622/1622
f 1612/1612/1612 1615/1615/1615 1622/1622/1622
f 1608/1608/1608 1603/1603/1603 1609/1609/1609
f 2301/2301/2301 2328/2328/2328 2321/2321/2321
f 4164/4164/4164 4196/4196/4196 4024/4024/4024
f 4164/4164/4164 4024/4024/4024 4023/4023/4023
f 4281/4281/4281 4195/4195/4195 4197/4197/4197
f 1320/1320/1320 1318/1318/1318 1264/1264/1264
f 591/591/591 593/593/593 594/594/594
f 593/593/593 1886/1886/1886 1887/1887/1887
f 2311/2311/2311 2302/2302/2302 2304/2304/2304
f 2304/2304/2304 2302/2302/2302 2301/2301/2301
f 1739/1739/1739 1613/1613/1613 1738/1738/1738
f 1613/1613/1613 1612/1612/1612 1738/1738/1738
f 1615/1615/1615 1612/1612/1612 1614/1614/1614
f 1612/1612/1612 1602/1602/1602 1614/1614/1614
f 1608/1608/1608 1602/1602/1602 1603/1603/1603
f 1603/1603/1603 1604/1604/1604 1626/1626/1626
f 4363/4363/4363 4386/4386/4386 4364/4364/4364
f 2301/2301/2301 2323/2323/2323 2328/2328/2328
f 4280/4280/4280 4185/4185/4185 4281/4281/4281
f 4477/4477/4477 4478/4478/4478 4479/4479/4479
f 4378/4378/4378 4379/4379/4379 4385/4385/4385
f 4378/4378/4378 4385/4385/4385 4386/4386/4386
f 4379/4379/4379 4413/4413/4413 4385/4385/4385
f 1319/1319/1319 1318/1318/1318 1320/1320/1320
f 587/587/587 586/586/586 590/590/590
f 590/590/590 586/586/586 589/589/589
f 588/588/588 591/591/591 589/589/589
f 593/593/593 596/596/596 1886/1886/1886
f 2313/2313/2313 2300/2300/2300 2302/2302/2302
f 2313/2313/2313 2302/2302/2302 2311/2311/2311
f 1934/1934/1934 1607/1607/1607 1739/1739/1739
f 1607/1607/1607 1613/1613/1613 1739/1739/1739
f 1583/1583/1583 1602/1602/1602 1612/1612/1612
f 1585/1585/1585 1603/1603/1603 1602/1602/1602
f 4363/4363/4363 4378/4378/4378 4386/4386/4386
f 2300/2300/2300 2303/2303/2303 2301/2301/2301
f 2300/2300/2300 2301/2301/2301 2302/2302/2302
f 2303/2303/2303 2323/2323/2323 2301/2301/2301
f 4379/4379/4379 4412/4412/4412 4413/4413/4413
f 586/586/586 588/588/588 589/589/589
f 2015/2015/2015 1601/1601/1601 1607/1607/1607
f 1601/1601/1601 1606/1606/1606 1607/1607/1607
f 1606/1606/1606 1613/1613/1613 1607/1607/1607
f 1613/1613/1613 1583/1583/1583 1612/1612/1612
f 1585/1585/1585 1604/1604/1604 1603/1603/1603
f 1604/1604/1604 1605/1605/1605 1626/1626/1626
f 151/151/151 152/152/152 153/153/153
f 4375/4375/4375 4378/4378/4378 4363/4363/4363
f 3577/3577/3577 3576/3576/3576 3568/3568/3568
f 4084/4084/4084 4083/4083/4083 3897/3897/3897
f 2303/2303/2303 2322/2322/2322 2327/2327/2327
f 2303/2303/2303 2327/2327/2327 2323/2323/2323
f 1318/1318/1318 1316/1316/1316 590/590/590
f 1316/1316/1316 587/587/587 590/590/590
f 592/592/592 593/593/593 591/591/591
f 593/593/593 592/592/592 596/596/596
f 2313/2313/2313 2312/2312/2312 2300/2300/2300
f 2312/2312/2312 2305/2305/2305 2300/2300/2300
f 1751/1751/1751 1600/1600/1600 1848/1848/1848
f 1848/1848/1848 1600/1600/1600 1601/1601/1601
f 1606/1606/1606 1580/1580/1580 1613/1613/1613
f 1580/1580/1580 1583/1583/1583 1613/1613/1613
f 1583/1583/1583 1585/1585/1585 1602/1602/1602
f 1585/1585/1585 1586/1586/1586 1604/1604/1604
f 2305/2305/2305 2306/2306/2306 2303/2303/2303
f 2306/2306/2306 2322/2322/2322 2303/2303/2303
f 4265/4265/4265 4081/4081/4081 4188/4188/4188
f 4379/4379/4379 4411/4411/4411 4412/4412/4412
f 1319/1319/1319 1316/1316/1316 1318/1318/1318
f 592/592/592 597/597/597 596/596/596
f 597/597/597 1757/1757/1757 596/596/596
f 596/596/596 1757/1757/1757 2023/2023/2023
f 1757/1757/1757 2022/2022/2022 2023/2023/2023
f 2312/2312/2312 2307/2307/2307 2305/2305/2305
f 1575/1575/1575 1600/1600/1600 1751/1751/1751
f 1575/1575/1575 1751/1751/1751 2028/2028/2028
f 1601/1601/1601 1578/1578/1578 1606/1606/1606
f 1606/1606/1606 1578/1578/1578 1580/1580/1580
f 1580/1580/1580 1582/1582/1582 1583/1583/1583
f 1583/1583/1583 1582/1582/1582 1585/1585/1585
f 1586/1586/1586 1605/1605/1605 1604/1604/1604
f 2307/2307/2307 2306/2306/2306 2305/2305/2305
f 1703/1703/1703 1317/1317/1317 1319/1319/1319
f 1317/1317/1317 1316/1316/1316 1319/1319/1319
f 1961/1961/1961 1572/1572/1572 1575/1575/1575
f 1600/1600/1600 1578/1578/1578 1601/1601/1601
f 1578/1578/1578 1579/1579/1579 1580/1580/1580
f 1584/1584/1584 1586/1586/1586 1585/1585/1585
f 2307/2307/2307 2308/2308/2308 2306/2306/2306
f 2308/2308/2308 2324/2324/2324 2322/2322/2322
f 2308/2308/2308 2322/2322/2322 2306/2306/2306
f 4046/4046/4046 4080/4080/4080 4081/4081/4081
f 4046/4046/4046 4081/4081/4081 4265/4265/4265
f 4080/4080/4080 4046/4046/4046 4044/4044/4044
f 4377/4377/4377 4379/4379/4379 4378/4378/4378
f 1316/1316/1316 585/585/585 587/587/587
f 585/585/585 586/586/586 587/587/587
f 588/588/588 592/592/592 591/591/591
f 597/597/597 1756/1756/1756 1757/1757/1757
f 1756/1756/1756 1960/1960/1960 2022/2022/2022
f 1756/1756/1756 2022/2022/2022 1757/1757/1757
f 1962/1962/1962 1573/1573/1573 1961/1961/1961
f 1573/1573/1573 1572/1572/1572 1961/1961/1961
f 1575/1575/1575 1571/1571/1571 1600/1600/1600
f 1578/1578/1578 1577/1577/1577 1579/1579/1579
f 1582/1582/1582 1584/1584/1584 1585/1585/1585
f 2309/2309/2309 2308/2308/2308 2307/2307/2307
f 585/585/585 582/582/582 586/586/586
f 582/582/582 588/588/588 586/586/586
f 588/588/588 599/599/599 592/592/592
f 597/597/597 1231/1231/1231 1756/1756/1756
f 2309/2309/2309 2299/2299/2299 2308/2308/2308
f 1800/1800/1800 1573/1573/1573 2102/2102/2102
f 1571/1571/1571 1578/1578/1578 1600/1600/1600
f 1579/1579/1579 1581/1581/1581 1580/1580/1580
f 1581/1581/1581 1582/1582/1582 1580/1580/1580
f 4377/4377/4377 4378/4378/4378 4375/4375/4375
f 598/598/598 597/597/597 592/592/592
f 598/598/598 1231/1231/1231 597/597/597
f 1231/1231/1231 1727/1727/1727 1756/1756/1756
f 1727/1727/1727 1959/1959/1959 1960/1960/1960
f 1727/1727/1727 1960/1960/1960 1756/1756/1756
f 2309/2309/2309 2310/2310/2310 2299/2299/2299
f 1799/1799/1799 1574/1574/1574 1800/1800/1800
f 1574/1574/1574 1569/1569/1569 1573/1573/1573
f 1574/1574/1574 1573/1573/1573 1800/1800/1800
f 1569/1569/1569 1571/1571/1571 1572/1572/1572
f 1569/1569/1569 1572/1572/1572 1573/1573/1573
f 1572/1572/1572 1571/1571/1571 1575/1575/1575
f 1571/1571/1571 1577/1577/1577 1578/1578/1578
f 1577/1577/1577 1581/1581/1581 1579/1579/1579
f 2310/2310/2310 2297/2297/2297 2299/2299/2299
f 2297/2297/2297 2298/2298/2298 2299/2299/2299
f 4377/4377/4377 4380/4380/4380 4379/4379/4379
f 4380/4380/4380 4411/4411/4411 4379/4379/4379
f 1703/1703/1703 1389/1389/1389 1317/1317/1317
f 1317/1317/1317 584/584/584 1316/1316/1316
f 599/599/599 598/598/598 592/592/592
f 1727/1727/1727 1352/1352/1352 1959/1959/1959
f 1352/1352/1352 2033/2033/2033 1959/1959/1959
f 2033/2033/2033 1352/1352/1352 2036/2036/2036
f 1352/1352/1352 1351/1351/1351 2036/2036/2036
f 1280/1280/1280 1767/1767/1767 1351/1351/1351
f 1280/1280/1280 614/614/614 1767/1767/1767
f 614/614/614 615/615/615 1766/1766/1766
f 614/614/614 1766/1766/1766 1767/1767/1767
f 615/615/615 1285/1285/1285 1766/1766/1766
f 1766/1766/1766 1285/1285/1285 1813/1813/1813
f 1285/1285/1285 1718/1718/1718 1813/1813/1813
f 1285/1285/1285 1286/1286/1286 1718/1718/1718
f 1286/1286/1286 626/626/626 1718/1718/1718
f 626/626/626 1621/1621/1621 1718/1718/1718
f 626/626/626 628/628/628 1621/1621/1621
f 628/628/628 1620/1620/1620 1621/1621/1621
f 628/628/628 1564/1564/1564 1620/1620/1620
f 1564/1564/1564 1565/1565/1565 1620/1620/1620
f 1565/1565/1565 1567/1567/1567 1801/1801/1801
f 1801/1801/1801 1567/1567/1567 1799/1799/1799
f 1567/1567/1567 1574/1574/1574 1799/1799/1799
f 1569/1569/1569 1570/1570/1570 1571/1571/1571
f 1581/1581/1581 1560/1560/1560 1582/1582/1582
f 1560/1560/1560 1584/1584/1584 1582/1582/1582
f 4375/4375/4375 4376/4376/4376 4377/4377/4377
f 1971/1971/1971 1704/1704/1704 1703/1703/1703
f 1704/1704/1704 1389/1389/1389 1703/1703/1703
f 1389/1389/1389 584/584/584 1317/1317/1317
f 1316/1316/1316 584/584/584 585/585/585
f 584/584/584 581/581/581 585/585/585
f 581/581/581 582/582/582 585/585/585
f 582/582/582 599/599/599 588/588/588
f 1352/1352/1352 611/611/611 1351/1351/1351
f 611/611/611 612/612/612 1280/1280/1280
f 611/611/611 1280/1280/1280 1351/1351/1351
f 612/612/612 614/614/614 1280/1280/1280
f 615/615/615 616/616/616 1285/1285/1285
f 616/616/616 617/617/617 1285/1285/1285
f 617/617/617 622/622/622 1285/1285/1285
f 622/622/622 1286/1286/1286 1285/1285/1285
f 622/622/622 626/626/626 1286/1286/1286
f 1425/1425/1425 1563/1563/1563 628/628/628
f 628/628/628 1563/1563/1563 1564/1564/1564
f 1576/1576/1576 1581/1581/1581 1577/1577/1577
f 1584/1584/1584 1587/1587/1587 1586/1586/1586
f 1586/1586/1586 1587/1587/1587 1605/1605/1605
f 1587/1587/1587 1632/1632/1632 1605/1605/1605
f 154/154/154 152/152/152 151/151/151
f 598/598/598 602/602/602 1231/1231/1231
f 602/602/602 1727/1727/1727 1231/1231/1231
f 602/602/602 1352/1352/1352 1727/1727/1727
f 602/602/602 611/611/611 1352/1352/1352
f 612/612/612 613/613/613 614/614/614
f 613/613/613 615/615/615 614/614/614
f 622/622/622 625/625/625 626/626/626
f 626/626/626 627/627/627 628/628/628
f 1567/1567/1567 1568/1568/1568 1574/1574/1574
f 1568/1568/1568 1569/1569/1569 1574/1574/1574
f 1570/1570/1570 1576/1576/1576 1571/1571/1571
f 1571/1571/1571 1576/1576/1576 1577/1577/1577
f 1560/1560/1560 1587/1587/1587 1584/1584/1584
f 599/599/599 600/600/600 598/598/598
f 598/598/598 600/600/600 602/602/602
f 542/542/542 616/616/616 615/615/615
f 625/625/625 627/627/627 626/626/626
f 627/627/627 1269/1269/1269 628/628/628
f 1269/1269/1269 1425/1425/1425 628/628/628
f 1564/1564/1564 1562/1562/1562 1565/1565/1565
f 1565/1565/1565 1566/1566/1566 1567/1567/1567
f 1566/1566/1566 1568/1568/1568 1567/1567/1567
f 1568/1568/1568 1561/1561/1561 1569/1569/1569
f 1576/1576/1576 1560/1560/1560 1581/1581/1581
f 1560/1560/1560 1589/1589/1589 1587/1587/1587
f 1704/1704/1704 1705/1705/1705 1389/1389/1389
f 601/601/601 611/611/611 602/602/602
f 613/613/613 551/551/551 615/615/615
f 1569/1569/1569 1556/1556/1556 1570/1570/1570
f 1556/1556/1556 1576/1576/1576 1570/1570/1570
f 1971/1971/1971 1705/1705/1705 1704/1704/1704
f 1389/1389/1389 583/583/583 584/584/584
f 583/583/583 581/581/581 584/584/584
f 581/581/581 580/580/580 582/582/582
f 582/582/582 580/580/580 599/599/599
f 600/600/600 601/601/601 602/602/602
f 552/552/552 612/612/612 611/611/611
f 551/551/551 542/542/542 615/615/615
f 542/542/542 617/617/617 616/616/616
f 1563/1563/1563 1540/1540/1540 1564/1564/1564
f 1540/1540/1540 1562/1562/1562 1564/1564/1564
f 1562/1562/1562 1566/1566/1566 1565/1565/1565
f 1587/1587/1587 1633/1633/1633 1632/1632/1632
f 583/583/583 607/607/607 581/581/581
f 607/607/607 580/580/580 581/581/581
f 601/601/601 552/552/552 611/611/611
f 553/553/553 551/551/551 613/613/613
f 621/621/621 622/622/622 617/617/617
f 623/623/623 625/625/625 622/622/622
f 1422/1422/1422 1540/1540/1540 1563/1563/1563
f 1558/1558/1558 1560/1560/1560 1576/1576/1576
f 1559/1559/1559 1589/1589/1589 1560/1560/1560
f 1705/1705/1705 1388/1388/1388 1389/1389/1389
f 1388/1388/1388 583/583/583 1389/1389/1389
f 572/572/572 600/600/600 599/599/599
f 553/553/553 613/613/613 612/612/612
f 539/539/539 621/621/621 617/617/617
f 539/539/539 617/617/617 542/542/542
f 621/621/621 623/623/623 622/622/622
f 1269/1269/1269 1422/1422/1422 1425/1425/1425
f 1566/1566/1566 1542/1542/1542 1568/1568/1568
f 1542/1542/1542 1561/1561/1561 1568/1568/1568
f 1556/1556/1556 1558/1558/1558 1576/1576/1576
f 1558/1558/1558 1559/1559/1559 1560/1560/1560
f 1599/1599/1599 1633/1633/1633 1587/1587/1587
f 580/580/580 572/572/572 599/599/599
f 572/572/572 601/601/601 600/600/600
f 554/554/554 552/552/552 601/601/601
f 549/549/549 551/551/551 553/553/553
f 625/625/625 629/629/629 627/627/627
f 629/629/629 1269/1269/1269 627/627/627
f 1422/1422/1422 1563/1563/1563 1425/1425/1425
f 1540/1540/1540 1539/1539/1539 1562/1562/1562
f 1539/1539/1539 1566/1566/1566 1562/1562/1562
f 4372/4372/4372 4377/4377/4377 4376/4376/4376
f 4377/4377/4377 4374/4374/4374 4380/4380/4380
f 1973/1973/1973 1388/1388/1388 1971/1971/1971
f 1971/1971/1971 1388/1388/1388 1705/1705/1705
f 607/607/607 571/571/571 580/580/580
f 552/552/552 553/553/553 612/612/612
f 540/540/540 542/542/542 551/551/551
f 1556/1556/1556 1557/1557/1557 1558/1558/1558
f 4372/4372/4372 4374/4374/4374 4377/4377/4377
f 550/550/550 540/540/540 551/551/551
f 540/540/540 541/541/541 542/542/542
f 541/541/541 539/539/539 542/542/542
f 629/629/629 1265/1265/1265 1269/1269/1269
f 1533/1533/1533 1539/1539/1539 1540/1540/1540
f 1561/1561/1561 1548/1548/1548 1569/1569/1569
f 1569/1569/1569 1548/1548/1548 1556/1556/1556
f 1589/1589/1589 1590/1590/1590 1587/1587/1587
f 1590/1590/1590 1599/1599/1599 1587/1587/1587
f 124/124/124 129/129/129 125/125/125
f 571/571/571 572/572/572 580/580/580
f 549/549/549 550/550/550 551/551/551
f 624/624/624 629/629/629 625/625/625
f 1265/1265/1265 1422/1422/1422 1269/1269/1269
f 1557/1557/1557 1551/1551/1551 1558/1558/1558
f 606/606/606 607/607/607 583/583/583
f 552/552/552 547/547/547 553/553/553
f 539/539/539 623/623/623 621/621/621
f 623/623/623 624/624/624 625/625/625
f 1533/1533/1533 1540/1540/1540 1422/1422/1422
f 1539/1539/1539 1542/1542/1542 1566/1566/1566
f 1559/1559/1559 1588/1588/1588 1589/1589/1589
f 1588/1588/1588 1590/1590/1590 1589/1589/1589
f 4035/4035/4035 3652/3652/3652 3572/3572/3572
f 1973/1973/1973 1645/1645/1645 1388/1388/1388
f 1388/1388/1388 606/606/606 583/583/583
f 569/569/569 607/607/607 606/606/606
f 548/548/548 547/547/547 552/552/552
f 538/538/538 624/624/624 623/623/623
f 624/624/624 537/537/537 629/629/629
f 537/537/537 1265/1265/1265 629/629/629
f 1266/1266/1266 1422/1422/1422 1265/1265/1265
f 1972/1972/1972 1645/1645/1645 1973/1973/1973
f 1645/1645/1645 1387/1387/1387 1388/1388/1388
f 1387/1387/1387 606/606/606 1388/1388/1388
f 572/572/572 603/603/603 601/601/601
f 539/539/539 538/538/538 623/623/623
f 537/537/537 1266/1266/1266 1265/1265/1265
f 1266/1266/1266 1423/1423/1423 1422/1422/1422
f 1533/1533/1533 1538/1538/1538 1539/1539/1539
f 1538/1538/1538 1542/1542/1542 1539/1539/1539
f 1542/1542/1542 1541/1541/1541 1561/1561/1561
f 1541/1541/1541 1548/1548/1548 1561/1561/1561
f 1547/1547/1547 1556/1556/1556 1548/1548/1548
f 1551/1551/1551 1559/1559/1559 1558/1558/1558
f 4370/4370/4370 4395/4395/4395 4374/4374/4374
f 569/569/569 571/571/571 607/607/607
f 601/601/601 603/603/603 554/554/554
f 547/547/547 549/549/549 553/553/553
f 1423/1423/1423 1533/1533/1533 1422/1422/1422
f 1538/1538/1538 1541/1541/1541 1542/1542/1542
f 1556/1556/1556 1551/1551/1551 1557/1557/1557
f 4372/4372/4372 4370/4370/4370 4374/4374/4374
f 571/571/571 570/570/570 572/572/572
f 570/570/570 575/575/575 572/572/572
f 575/575/575 603/603/603 572/572/572
f 554/554/554 555/555/555 552/552/552
f 555/555/555 548/548/548 552/552/552
f 534/534/534 538/538/538 539/539/539
f 1546/1546/1546 1548/1548/1548 1541/1541/1541
f 1590/1590/1590 1592/1592/1592 1599/1599/1599
f 4368/4368/4368 4370/4370/4370 4372/4372/4372
f 1645/1645/1645 1386/1386/1386 1387/1387/1387
f 569/569/569 570/570/570 571/571/571
f 547/547/547 546/546/546 549/549/549
f 540/540/540 618/618/618 541/541/541
f 618/618/618 539/539/539 541/541/541
f 618/618/618 534/534/534 539/539/539
f 538/538/538 537/537/537 624/624/624
f 1423/1423/1423 1532/1532/1532 1533/1533/1533
f 1533/1533/1533 1531/1531/1531 1538/1538/1538
f 1547/1547/1547 1551/1551/1551 1556/1556/1556
f 1592/1592/1592 1774/1774/1774 1599/1599/1599
f 123/123/123 126/126/126 124/124/124
f 123/123/123 124/124/124 125/125/125
f 4036/4036/4036 3652/3652/3652 4035/4035/4035
f 1387/1387/1387 1386/1386/1386 606/606/606
f 574/574/574 570/570/570 569/569/569
f 546/546/546 550/550/550 549/549/549
f 535/535/535 537/537/537 538/538/538
f 537/537/537 1267/1267/1267 1266/1266/1266
f 1267/1267/1267 1423/1423/1423 1266/1266/1266
f 1531/1531/1531 1537/1537/1537 1538/1538/1538
f 1547/1547/1547 1549/1549/1549 1551/1551/1551
f 603/603/603 556/556/556 554/554/554
f 1551/1551/1551 1555/1555/1555 1559/1559/1559
f 1559/1559/1559 1555/1555/1555 1588/1588/1588
f 1555/1555/1555 1590/1590/1590 1588/1588/1588
f 554/554/554 556/556/556 555/555/555
f 546/546/546 544/544/544 550/550/550
f 544/544/544 540/540/540 550/550/550
f 534/534/534 535/535/535 538/538/538
f 1267/1267/1267 1424/1424/1424 1423/1423/1423
f 1532/1532/1532 1531/1531/1531 1533/1533/1533
f 1546/1546/1546 1547/1547/1547 1548/1548/1548
f 1645/1645/1645 1391/1391/1391 1386/1386/1386
f 573/573/573 575/575/575 570/570/570
f 540/540/540 619/619/619 618/618/618
f 619/619/619 620/620/620 618/618/618
f 537/537/537 1268/1268/1268 1267/1267/1267
f 1424/1424/1424 1532/1532/1532 1423/1423/1423
f 1555/1555/1555 1591/1591/1591 1590/1590/1590
f 1591/1591/1591 1592/1592/1592 1590/1590/1590
f 605/605/605 606/606/606 1386/1386/1386
f 605/605/605 569/569/569 606/606/606
f 568/568/568 574/574/574 569/569/569
f 575/575/575 604/604/604 603/603/603
f 604/604/604 579/579/579 556/556/556
f 604/604/604 556/556/556 603/603/603
f 644/644/644 548/548/548 555/555/555
f 543/543/543 540/540/540 544/544/544
f 534/534/534 533/533/533 535/535/535
f 535/535/535 536/536/536 537/537/537
f 536/536/536 1268/1268/1268 537/537/537
f 1268/1268/1268 1424/1424/1424 1267/1267/1267
f 4368/4368/4368 4367/4367/4367 4370/4370/4370
f 1972/1972/1972 1644/1644/1644 1645/1645/1645
f 1644/1644/1644 1391/1391/1391 1645/1645/1645
f 574/574/574 573/573/573 570/570/570
f 577/577/577 579/579/579 575/575/575
f 644/644/644 546/546/546 548/548/548
f 546/546/546 547/547/547 548/548/548
f 620/620/620 534/534/534 618/618/618
f 1535/1535/1535 1537/1537/1537 1531/1531/1531
f 1536/1536/1536 1538/1538/1538 1537/1537/1537
f 1549/1549/1549 1550/1550/1550 1551/1551/1551
f 1551/1551/1551 1550/1550/1550 1555/1555/1555
f 605/605/605 568/568/568 569/569/569
f 573/573/573 577/577/577 575/575/575
f 579/579/579 604/604/604 575/575/575
f 556/556/556 644/644/644 555/555/555
f 543/543/543 545/545/545 540/540/540
f 620/620/620 532/532/532 534/534/534
f 533/533/533 536/536/536 535/535/535
f 1522/1522/1522 1535/1535/1535 1531/1531/1531
f 1536/1536/1536 1543/1543/1543 1541/1541/1541
f 1536/1536/1536 1541/1541/1541 1538/1538/1538
f 1547/1547/1547 1545/1545/1545 1549/1549/1549
f 1545/1545/1545 1550/1550/1550 1549/1549/1549
f 1550/1550/1550 1595/1595/1595 1555/1555/1555
f 1595/1595/1595 1591/1591/1591 1555/1555/1555
f 568/568/568 573/573/573 574/574/574
f 546/546/546 543/543/543 544/544/544
f 1268/1268/1268 1534/1534/1534 1424/1424/1424
f 1424/1424/1424 1534/1534/1534 1532/1532/1532
f 1532/1532/1532 1520/1520/1520 1531/1531/1531
f 1520/1520/1520 1522/1522/1522 1531/1531/1531
f 1593/1593/1593 1592/1592/1592 1591/1591/1591
f 1391/1391/1391 605/605/605 1386/1386/1386
f 643/643/643 546/546/546 644/644/644
f 545/545/545 619/619/619 540/540/540
f 532/532/532 533/533/533 534/534/534
f 1535/1535/1535 1523/1523/1523 1537/1537/1537
f 1541/1541/1541 1544/1544/1544 1546/1546/1546
f 1545/1545/1545 1547/1547/1547 1546/1546/1546
f 4036/4036/4036 3698/3698/3698 3652/3652/3652
f 4370/4370/4370 4396/4396/4396 4395/4395/4395
f 1950/1950/1950 1644/1644/1644 1972/1972/1972
f 556/556/556 643/643/643 644/644/644
f 643/643/643 543/543/543 546/546/546
f 1534/1534/1534 1520/1520/1520 1532/1532/1532
f 1523/1523/1523 1536/1536/1536 1537/1537/1537
f 1545/1545/1545 1553/1553/1553 1550/1550/1550
f 1594/1594/1594 1591/1591/1591 1595/1595/1595
f 1594/1594/1594 1593/1593/1593 1591/1591/1591
f 1593/1593/1593 1773/1773/1773 1592/1592/1592
f 1592/1592/1592 1773/1773/1773 1774/1774/1774
f 127/127/127 126/126/126 123/123/123
f 4382/4382/4382 4396/4396/4396 4370/4370/4370
f 1391/1391/1391 608/608/608 605/605/605
f 566/566/566 568/568/568 605/605/605
f 567/567/567 573/573/573 568/568/568
f 573/573/573 576/576/576 577/577/577
f 577/577/577 578/578/578 579/579/579
f 645/645/645 545/545/545 543/543/543
f 637/637/637 620/620/620 619/619/619
f 620/620/620 630/630/630 532/532/532
f 533/533/533 531/531/531 536/536/536
f 531/531/531 1268/1268/1268 536/536/536
f 1543/1543/1543 1544/1544/1544 1541/1541/1541
f 1553/1553/1553 1595/1595/1595 1550/1550/1550
f 127/127/127 128/128/128 126/126/126
f 4367/4367/4367 4371/4371/4371 4370/4370/4370
f 4191/4191/4191 3698/3698/3698 4036/4036/4036
f 608/608/608 566/566/566 605/605/605
f 567/567/567 576/576/576 573/573/573
f 642/642/642 645/645/645 543/543/543
f 545/545/545 646/646/646 619/619/619
f 529/529/529 533/533/533 532/532/532
f 529/529/529 530/530/530 531/531/531
f 529/529/529 531/531/531 533/533/533
f 1522/1522/1522 1523/1523/1523 1535/1535/1535
f 1523/1523/1523 1526/1526/1526 1536/1536/1536
f 1526/1526/1526 1543/1543/1543 1536/1536/1536
f 1544/1544/1544 1545/1545/1545 1546/1546/1546
f 1594/1594/1594 1596/1596/1596 1593/1593/1593
f 566/566/566 567/567/567 568/568/568
f 557/557/557 556/556/556 579/579/579
f 558/558/558 643/643/643 556/556/556
f 643/643/643 642/642/642 543/543/543
f 645/645/645 646/646/646 545/545/545
f 646/646/646 637/637/637 619/619/619
f 630/630/630 529/529/529 532/532/532
f 531/531/531 1534/1534/1534 1268/1268/1268
f 1543/1543/1543 1526/1526/1526 1544/1544/1544
f 1390/1390/1390 608/608/608 1391/1391/1391
f 566/566/566 576/576/576 567/567/567
f 576/576/576 578/578/578 577/577/577
f 557/557/557 558/558/558 556/556/556
f 637/637/637 631/631/631 620/620/620
f 620/620/620 631/631/631 630/630/630
f 630/630/630 528/528/528 529/529/529
f 531/531/531 1520/1520/1520 1534/1534/1534
f 1520/1520/1520 1521/1521/1521 1522/1522/1522
f 1521/1521/1521 1523/1523/1523 1522/1522/1522
f 1552/1552/1552 1553/1553/1553 1545/1545/1545
f 1553/1553/1553 1554/1554/1554 1595/1595/1595
f 1554/1554/1554 1597/1597/1597 1595/1595/1595
f 1597/1597/1597 1594/1594/1594 1595/1595/1595
f 1598/1598/1598 1596/1596/1596 1594/1594/1594
f 4373/4373/4373 4371/4371/4371 4367/4367/4367
f 1644/1644/1644 1390/1390/1390 1391/1391/1391
f 609/609/609 566/566/566 608/608/608
f 578/578/578 557/557/557 579/579/579
f 638/638/638 637/637/637 646/646/646
f 640/640/640 1520/1520/1520 531/531/531
f 640/640/640 1521/1521/1521 1520/1520/1520
f 1521/1521/1521 1524/1524/1524 1523/1523/1523
f 1526/1526/1526 1545/1545/1545 1544/1544/1544
f 1552/1552/1552 1554/1554/1554 1553/1553/1553
f 1597/1597/1597 1598/1598/1598 1594/1594/1594
f 1598/1598/1598 1616/1616/1616 1596/1596/1596
f 1596/1596/1596 1616/1616/1616 1593/1593/1593
f 1616/1616/1616 1779/1779/1779 1593/1593/1593
f 1593/1593/1593 1779/1779/1779 1773/1773/1773
f 2353/2353/2353 2354/2354/2354 2355/2355/2355
f 1390/1390/1390 609/609/609 608/608/608
f 558/558/558 642/642/642 643/643/643
f 642/642/642 647/647/647 645/645/645
f 647/647/647 646/646/646 645/645/645
f 528/528/528 530/530/530 529/529/529
f 1524/1524/1524 1525/1525/1525 1523/1523/1523
f 1525/1525/1525 1526/1526/1526 1523/1523/1523
f 1525/1525/1525 1527/1527/1527 1526/1526/1526
f 1526/1526/1526 1529/1529/1529 1545/1545/1545
f 1554/1554/1554 1693/1693/1693 1597/1597/1597
f 1693/1693/1693 1598/1598/1598 1597/1597/1597
f 1598/1598/1598 1753/1753/1753 1616/1616/1616
f 1753/1753/1753 1779/1779/1779 1616/1616/1616
f 4191/4191/4191 3699/3699/3699 3698/3698/3698
f 562/562/562 576/576/576 566/566/566
f 557/557/557 559/559/559 558/558/558
f 559/559/559 641/641/641 558/558/558
f 558/558/558 641/641/641 642/642/642
f 641/641/641 647/647/647 642/642/642
f 647/647/647 638/638/638 646/646/646
f 638/638/638 633/633/633 637/637/637
f 530/530/530 639/639/639 531/531/531
f 639/639/639 640/640/640 531/531/531
f 640/640/640 1623/1623/1623 1521/1521/1521
f 1623/1623/1623 1524/1524/1524 1521/1521/1521
f 1545/1545/1545 1617/1617/1617 1552/1552/1552
f 1552/1552/1552 1809/1809/1809 1554/1554/1554
f 1809/1809/1809 1984/1984/1984 1554/1554/1554
f 1984/1984/1984 1983/1983/1983 1693/1693/1693
f 1984/1984/1984 1693/1693/1693 1554/1554/1554
f 1983/1983/1983 1982/1982/1982 1693/1693/1693
f 1693/1693/1693 1982/1982/1982 1598/1598/1598
f 1982/1982/1982 1916/1916/1916 1598/1598/1598
f 1916/1916/1916 1753/1753/1753 1598/1598/1598
f 1916/1916/1916 1917/1917/1917 1753/1753/1753
f 1917/1917/1917 2055/2055/2055 1779/1779/1779
f 1917/1917/1917 1779/1779/1779 1753/1753/1753
f 240/240/240 244/244/244 245/245/245
f 2055/2055/2055 2070/2070/2070 1779/1779/1779
f 244/244/244 251/251/251 245/245/245
f 4191/4191/4191 3877/3877/3877 3699/3699/3699
f 1390/1390/1390 1358/1358/1358 609/609/609
f 563/563/563 562/562/562 566/566/566
f 633/633/633 631/631/631 637/637/637
f 528/528/528 527/527/527 530/530/530
f 1430/1430/1430 1524/1524/1524 1623/1623/1623
f 1430/1430/1430 1525/1525/1525 1524/1524/1524
f 1527/1527/1527 1528/1528/1528 1526/1526/1526
f 1528/1528/1528 1529/1529/1529 1526/1526/1526
f 1617/1617/1617 1809/1809/1809 1552/1552/1552
f 1809/1809/1809 1904/1904/1904 1984/1984/1984
f 1984/1984/1984 1904/1904/1904 1983/1983/1983
f 1904/1904/1904 1906/1906/1906 1983/1983/1983
f 1906/1906/1906 1982/1982/1982 1983/1983/1983
f 1906/1906/1906 1908/1908/1908 1982/1982/1982
f 1908/1908/1908 1916/1916/1916 1982/1982/1982
f 1908/1908/1908 1910/1910/1910 1916/1916/1916
f 1910/1910/1910 1915/1915/1915 1916/1916/1916
f 1916/1916/1916 1915/1915/1915 1917/1917/1917
f 1915/1915/1915 1998/1998/1998 2055/2055/2055
f 1915/1915/1915 2055/2055/2055 1917/1917/1917
f 237/237/237 239/239/239 240/240/240
f 240/240/240 239/239/239 244/244/244
f 3516/3516/3516 3520/3520/3520 3517/3517/3517
f 3520/3520/3520 3870/3870/3870 3517/3517/3517
f 3870/3870/3870 3693/3693/3693 3517/3517/3517
f 3870/3870/3870 3874/3874/3874 3693/3693/3693
f 3874/3874/3874 3694/3694/3694 3693/3693/3693
f 3874/3874/3874 3876/3876/3876 3694/3694/3694
f 3876/3876/3876 3697/3697/3697 3694/3694/3694
f 239/239/239 249/249/249 244/244/244
f 244/244/244 249/249/249 251/251/251
f 3697/3697/3697 3876/3876/3876 4186/4186/4186
f 4382/4382/4382 4397/4397/4397 4396/4396/4396
f 1949/1949/1949 1643/1643/1643 1950/1950/1950
f 1950/1950/1950 1643/1643/1643 1644/1644/1644
f 1643/1643/1643 1390/1390/1390 1644/1644/1644
f 1358/1358/1358 565/565/565 609/609/609
f 565/565/565 566/566/566 609/609/609
f 578/578/578 610/610/610 557/557/557
f 610/610/610 559/559/559 557/557/557
f 641/641/641 510/510/510 647/647/647
f 510/510/510 638/638/638 647/647/647
f 634/634/634 633/633/633 638/638/638
f 632/632/632 631/631/631 633/633/633
f 632/632/632 526/526/526 631/631/631
f 526/526/526 630/630/630 631/631/631
f 639/639/639 1428/1428/1428 640/640/640
f 640/640/640 1428/1428/1428 1623/1623/1623
f 1428/1428/1428 1430/1430/1430 1623/1623/1623
f 1430/1430/1430 1433/1433/1433 1525/1525/1525
f 1433/1433/1433 1527/1527/1527 1525/1525/1525
f 1433/1433/1433 1528/1528/1528 1527/1527/1527
f 1529/1529/1529 1618/1618/1618 1545/1545/1545
f 1618/1618/1618 1617/1617/1617 1545/1545/1545
f 1618/1618/1618 1808/1808/1808 1617/1617/1617
f 1617/1617/1617 1808/1808/1808 1809/1809/1809
f 1808/1808/1808 1882/1882/1882 1809/1809/1809
f 1809/1809/1809 1882/1882/1882 1904/1904/1904
f 1882/1882/1882 1905/1905/1905 1904/1904/1904
f 1904/1904/1904 1905/1905/1905 1906/1906/1906
f 1905/1905/1905 1907/1907/1907 1906/1906/1906
f 1906/1906/1906 1907/1907/1907 1908/1908/1908
f 1907/1907/1907 1909/1909/1909 1908/1908/1908
f 1909/1909/1909 1910/1910/1910 1908/1908/1908
f 1909/1909/1909 1911/1911/1911 1910/1910/1910
f 1911/1911/1911 1914/1914/1914 1910/1910/1910
f 1910/1910/1910 1914/1914/1914 1915/1915/1915
f 1914/1914/1914 1998/1998/1998 1915/1915/1915
f 237/237/237 238/238/238 239/239/239
f 4373/4373/4373 4381/4381/4381 4371/4371/4371
f 1882/1882/1882 2010/2010/2010 2009/2009/2009
f 1824/1824/1824 2010/2010/2010 1882/1882/1882
f 2010/2010/2010 2008/2008/2008 2009/2009/2009
f 2010/2010/2010 1912/1912/1912 2008/2008/2008
f 1912/1912/1912 2066/2066/2066 2008/2008/2008
f 2066/2066/2066 1912/1912/1912 1909/1909/1909
f 1913/1913/1913 2098/2098/2098 2059/2059/2059
f 2059/2059/2059 2098/2098/2098 2085/2085/2085
f 243/243/243 242/242/242 237/237/237
f 2098/2098/2098 2060/2060/2060 2085/2085/2085
f 1643/1643/1643 1358/1358/1358 1390/1390/1390
f 565/565/565 563/563/563 566/566/566
f 634/634/634 632/632/632 633/633/633
f 630/630/630 526/526/526 528/528/528
f 527/527/527 639/639/639 530/530/530
f 1427/1427/1427 1428/1428/1428 639/639/639
f 1427/1427/1427 1429/1429/1429 1428/1428/1428
f 1429/1429/1429 1430/1430/1430 1428/1428/1428
f 1429/1429/1429 1433/1433/1433 1430/1430/1430
f 1429/1429/1429 1434/1434/1434 1433/1433/1433
f 1434/1434/1434 1650/1650/1650 1433/1433/1433
f 1650/1650/1650 1528/1528/1528 1433/1433/1433
f 1650/1650/1650 1530/1530/1530 1528/1528/1528
f 1530/1530/1530 1529/1529/1529 1528/1528/1528
f 1529/1529/1529 1619/1619/1619 1618/1618/1618
f 1619/1619/1619 1648/1648/1648 1618/1618/1618
f 1648/1648/1648 1808/1808/1808 1618/1618/1618
f 1648/1648/1648 1824/1824/1824 1808/1808/1808
f 1808/1808/1808 1824/1824/1824 1882/1882/1882
f 1909/1909/1909 1912/1912/1912 1911/1911/1911
f 1912/1912/1912 1913/1913/1913 1911/1911/1911
f 242/242/242 241/241/241 237/237/237
f 237/237/237 241/241/241 238/238/238
f 241/241/241 247/247/247 246/246/246
f 241/241/241 246/246/246 238/238/238
f 526/526/526 527/527/527 528/528/528
f 1272/1272/1272 1427/1427/1427 639/639/639
f 1272/1272/1272 1431/1431/1431 1427/1427/1427
f 1431/1431/1431 1429/1429/1429 1427/1427/1427
f 1431/1431/1431 1432/1432/1432 1429/1429/1429
f 1432/1432/1432 1651/1651/1651 1429/1429/1429
f 1651/1651/1651 1434/1434/1434 1429/1429/1429
f 1651/1651/1651 1650/1650/1650 1434/1434/1434
f 1651/1651/1651 1290/1290/1290 1650/1650/1650
f 1290/1290/1290 1530/1530/1530 1650/1650/1650
f 1619/1619/1619 1969/1969/1969 1648/1648/1648
f 1969/1969/1969 1824/1824/1824 1648/1648/1648
f 1969/1969/1969 1970/1970/1970 1824/1824/1824
f 1824/1824/1824 1970/1970/1970 2010/2010/2010
f 1970/1970/1970 2045/2045/2045 2010/2010/2010
f 2045/2045/2045 1912/1912/1912 2010/2010/2010
f 2045/2045/2045 2034/2034/2034 1912/1912/1912
f 2034/2034/2034 2035/2035/2035 1913/1913/1913
f 2034/2034/2034 1913/1913/1913 1912/1912/1912
f 2035/2035/2035 2098/2098/2098 1913/1913/1913
f 2035/2035/2035 2060/2060/2060 2098/2098/2098
f 4474/4474/4474 4475/4475/4475 4476/4476/4476
f 4383/4383/4383 4397/4397/4397 4382/4382/4382
f 562/562/562 610/610/610 578/578/578
f 562/562/562 578/578/578 576/576/576
f 610/610/610 505/505/505 559/559/559
f 559/559/559 508/508/508 641/641/641
f 508/508/508 510/510/510 641/641/641
f 1272/1272/1272 1271/1271/1271 1431/1431/1431
f 1271/1271/1271 1291/1291/1291 1431/1431/1431
f 1431/1431/1431 1291/1291/1291 1432/1432/1432
f 1291/1291/1291 1651/1651/1651 1432/1432/1432
f 1291/1291/1291 1290/1290/1290 1651/1651/1651
f 718/718/718 1530/1530/1530 1290/1290/1290
f 718/718/718 1529/1529/1529 1530/1530/1530
f 718/718/718 1619/1619/1619 1529/1529/1529
f 718/718/718 717/717/717 1619/1619/1619
f 1619/1619/1619 717/717/717 1969/1969/1969
f 717/717/717 1970/1970/1970 1969/1969/1969
f 717/717/717 425/425/425 1970/1970/1970
f 1970/1970/1970 425/425/425 2045/2045/2045
f 425/425/425 426/426/426 2034/2034/2034
f 425/425/425 2034/2034/2034 2045/2045/2045
f 2034/2034/2034 426/426/426 2035/2035/2035
f 426/426/426 1323/1323/1323 2035/2035/2035
f 1323/1323/1323 2060/2060/2060 2035/2035/2035
f 1323/1323/1323 2011/2011/2011 2060/2060/2060
f 508/508/508 509/509/509 510/510/510
f 527/527/527 525/525/525 639/639/639
f 525/525/525 1272/1272/1272 639/639/639
f 714/714/714 1291/1291/1291 1271/1271/1271
f 715/715/715 1290/1290/1290 1291/1291/1291
f 427/427/427 425/425/425 717/717/717
f 241/241/241 248/248/248 247/247/247
f 564/564/564 563/563/563 565/565/565
f 560/560/560 505/505/505 610/610/610
f 514/514/514 638/638/638 510/510/510
f 632/632/632 521/521/521 526/526/526
f 526/526/526 524/524/524 527/527/527
f 524/524/524 525/525/525 527/527/527
f 714/714/714 715/715/715 1291/1291/1291
f 715/715/715 716/716/716 1290/1290/1290
f 716/716/716 718/718/718 1290/1290/1290
f 718/718/718 716/716/716 717/717/717
f 716/716/716 427/427/427 717/717/717
f 425/425/425 408/408/408 426/426/426
f 408/408/408 411/411/411 426/426/426
f 411/411/411 1323/1323/1323 426/426/426
f 411/411/411 1687/1687/1687 1323/1323/1323
f 1687/1687/1687 1923/1923/1923 1323/1323/1323
f 1323/1323/1323 1923/1923/1923 2011/2011/2011
f 250/250/250 248/248/248 241/241/241
f 653/653/653 564/564/564 1643/1643/1643
f 1643/1643/1643 564/564/564 1358/1358/1358
f 1358/1358/1358 564/564/564 565/565/565
f 505/505/505 504/504/504 559/559/559
f 504/504/504 508/508/508 559/559/559
f 509/509/509 514/514/514 510/510/510
f 514/514/514 636/636/636 638/638/638
f 636/636/636 634/634/634 638/638/638
f 634/634/634 635/635/635 632/632/632
f 525/525/525 1270/1270/1270 1272/1272/1272
f 1272/1272/1272 1270/1270/1270 1271/1271/1271
f 1270/1270/1270 714/714/714 1271/1271/1271
f 420/420/420 425/425/425 427/427/427
f 420/420/420 407/407/407 425/425/425
f 407/407/407 408/408/408 425/425/425
f 157/157/157 156/156/156 158/158/158
f 563/563/563 561/561/561 562/562/562
f 561/561/561 560/560/560 562/562/562
f 562/562/562 560/560/560 610/610/610
f 504/504/504 507/507/507 508/508/508
f 507/507/507 509/509/509 508/508/508
f 636/636/636 635/635/635 634/634/634
f 635/635/635 521/521/521 632/632/632
f 431/431/431 716/716/716 715/715/715
f 422/422/422 427/427/427 716/716/716
f 4387/4387/4387 4381/4381/4381 4373/4373/4373
f 1949/1949/1949 1752/1752/1752 1643/1643/1643
f 1752/1752/1752 653/653/653 1643/1643/1643
f 564/564/564 561/561/561 563/563/563
f 523/523/523 524/524/524 526/526/526
f 524/524/524 523/523/523 525/525/525
f 525/525/525 711/711/711 1270/1270/1270
f 1270/1270/1270 713/713/713 714/714/714
f 713/713/713 432/432/432 714/714/714
f 714/714/714 432/432/432 715/715/715
f 432/432/432 431/431/431 715/715/715
f 421/421/421 420/420/420 427/427/427
f 405/405/405 408/408/408 407/407/407
f 410/410/410 411/411/411 408/408/408
f 648/648/648 561/561/561 564/564/564
f 560/560/560 503/503/503 505/505/505
f 513/513/513 514/514/514 509/509/509
f 521/521/521 523/523/523 526/526/526
f 410/410/410 1322/1322/1322 411/411/411
f 1322/1322/1322 1687/1687/1687 411/411/411
f 4387/4387/4387 4384/4384/4384 4381/4381/4381
f 4384/4384/4384 4383/4383/4383 4381/4381/4381
f 4392/4392/4392 4400/4400/4400 4397/4397/4397
f 4392/4392/4392 4397/4397/4397 4383/4383/4383
f 1951/1951/1951 1752/1752/1752 1949/1949/1949
f 653/653/653 650/650/650 564/564/564
f 650/650/650 648/648/648 564/564/564
f 503/503/503 504/504/504 505/505/505
f 512/512/512 513/513/513 509/509/509
f 514/514/514 513/513/513 636/636/636
f 519/519/519 521/521/521 635/635/635
f 523/523/523 711/711/711 525/525/525
f 711/711/711 712/712/712 1270/1270/1270
f 712/712/712 713/713/713 1270/1270/1270
f 422/422/422 424/424/424 427/427/427
f 424/424/424 421/421/421 427/427/427
f 421/421/421 406/406/406 420/420/420
f 1687/1687/1687 1976/1976/1976 1923/1923/1923
f 4384/4384/4384 4392/4392/4392 4383/4383/4383
f 155/155/155 156/156/156 157/157/157
f 517/517/517 635/635/635 636/636/636
f 517/517/517 519/519/519 635/635/635
f 1322/1322/1322 1976/1976/1976 1687/1687/1687
f 507/507/507 512/512/512 509/509/509
f 520/520/520 521/521/521 519/519/519
f 432/432/432 433/433/433 431/431/431
f 431/431/431 428/428/428 716/716/716
f 406/406/406 407/407/407 420/420/420
f 405/405/405 409/409/409 408/408/408
f 1752/1752/1752 652/652/652 653/653/653
f 652/652/652 650/650/650 653/653/653
f 561/561/561 500/500/500 560/560/560
f 501/501/501 502/502/502 503/503/503
f 502/502/502 504/504/504 503/503/503
f 502/502/502 507/507/507 504/504/504
f 512/512/512 515/515/515 513/513/513
f 513/513/513 516/516/516 636/636/636
f 522/522/522 707/707/707 523/523/523
f 707/707/707 711/711/711 523/523/523
f 712/712/712 432/432/432 713/713/713
f 433/433/433 720/720/720 431/431/431
f 720/720/720 430/430/430 431/431/431
f 430/430/430 428/428/428 431/431/431
f 407/407/407 406/406/406 405/405/405
f 409/409/409 410/410/410 408/408/408
f 500/500/500 503/503/503 560/560/560
f 517/517/517 518/518/518 519/519/519
f 428/428/428 422/422/422 716/716/716
f 406/406/406 403/403/403 405/405/405
f 1322/1322/1322 1964/1964/1964 1976/1976/1976
f 2161/2161/2161 2162/2162/2162 2163/2163/2163
f 520/520/520 522/522/522 521/521/521
f 522/522/522 523/523/523 521/521/521
f 712/712/712 434/434/434 432/432/432
f 434/434/434 433/433/433 432/432/432
f 651/651/651 649/649/649 650/650/650
f 650/650/650 649/649/649 648/648/648
f 648/648/648 498/498/498 561/561/561
f 500/500/500 501/501/501 503/503/503
f 507/507/507 511/511/511 512/512/512
f 511/511/511 515/515/515 512/512/512
f 516/516/516 517/517/517 636/636/636
f 518/518/518 520/520/520 519/519/519
f 404/404/404 405/405/405 403/403/403
f 404/404/404 409/409/409 405/405/405
f 4387/4387/4387 4388/4388/4388 4384/4384/4384
f 652/652/652 651/651/651 650/650/650
f 649/649/649 498/498/498 648/648/648
f 502/502/502 506/506/506 507/507/507
f 507/507/507 482/482/482 511/511/511
f 441/441/441 442/442/442 522/522/522
f 710/710/710 712/712/712 711/711/711
f 710/710/710 434/434/434 712/712/712
f 434/434/434 719/719/719 433/433/433
f 719/719/719 720/720/720 433/433/433
f 410/410/410 412/412/412 1322/1322/1322
f 412/412/412 1406/1406/1406 1322/1322/1322
f 3483/3483/3483 3412/3412/3412 3415/3415/3415
f 55/55/55 56/56/56 57/57/57
f 498/498/498 500/500/500 561/561/561
f 515/515/515 516/516/516 513/513/513
f 520/520/520 441/441/441 522/522/522
f 442/442/442 708/708/708 707/707/707
f 442/442/442 707/707/707 522/522/522
f 430/430/430 429/429/429 428/428/428
f 428/428/428 429/429/429 422/422/422
f 422/422/422 423/423/423 424/424/424
f 424/424/424 423/423/423 421/421/421
f 1406/1406/1406 1964/1964/1964 1322/1322/1322
f 4389/4389/4389 4388/4388/4388 4387/4387/4387
f 4388/4388/4388 4391/4391/4391 4384/4384/4384
f 1951/1951/1951 1724/1724/1724 1752/1752/1752
f 1724/1724/1724 652/652/652 1752/1752/1752
f 501/501/501 483/483/483 502/502/502
f 506/506/506 482/482/482 507/507/507
f 518/518/518 706/706/706 520/520/520
f 708/708/708 710/710/710 707/707/707
f 707/707/707 710/710/710 711/711/711
f 719/719/719 430/430/430 720/720/720
f 1724/1724/1724 654/654/654 652/652/652
f 654/654/654 651/651/651 652/652/652
f 429/429/429 423/423/423 422/422/422
f 401/401/401 404/404/404 403/403/403
f 409/409/409 412/412/412 410/410/410
f 55/55/55 50/50/50 56/56/56
f 4391/4391/4391 4400/4400/4400 4392/4392/4392
f 654/654/654 655/655/655 651/651/651
f 516/516/516 469/469/469 517/517/517
f 517/517/517 706/706/706 518/518/518
f 706/706/706 441/441/441 520/520/520
f 403/403/403 406/406/406 421/421/421
f 1406/1406/1406 1920/1920/1920 1964/1964/1964
f 51/51/51 50/50/50 55/55/55
f 4391/4391/4391 4401/4401/4401 4400/4400/4400
f 1919/1919/1919 1724/1724/1724 1951/1951/1951
f 655/655/655 656/656/656 651/651/651
f 656/656/656 649/649/649 651/651/651
f 649/649/649 656/656/656 498/498/498
f 498/498/498 499/499/499 500/500/500
f 500/500/500 499/499/499 501/501/501
f 499/499/499 486/486/486 501/501/501
f 486/486/486 483/483/483 501/501/501
f 502/502/502 483/483/483 506/506/506
f 483/483/483 482/482/482 506/506/506
f 660/660/660 511/511/511 482/482/482
f 468/468/468 469/469/469 516/516/516
f 469/469/469 706/706/706 517/517/517
f 402/402/402 421/421/421 423/423/423
f 404/404/404 413/413/413 409/409/409
f 413/413/413 412/412/412 409/409/409
f 497/497/497 499/499/499 498/498/498
f 708/708/708 709/709/709 710/710/710
f 430/430/430 394/394/394 429/429/429
f 402/402/402 403/403/403 421/421/421
f 660/660/660 515/515/515 511/511/511
f 515/515/515 468/468/468 516/516/516
f 710/710/710 435/435/435 434/434/434
f 413/413/413 414/414/414 412/412/412
f 654/654/654 496/496/496 655/655/655
f 495/495/495 498/498/498 656/656/656
f 482/482/482 472/472/472 660/660/660
f 706/706/706 443/443/443 441/441/441
f 441/441/441 439/439/439 442/442/442
f 439/439/439 708/708/708 442/442/442
f 439/439/439 709/709/709 708/708/708
f 709/709/709 435/435/435 710/710/710
f 435/435/435 436/436/436 434/434/434
f 436/436/436 438/438/438 434/434/434
f 438/438/438 719/719/719 434/434/434
f 402/402/402 401/401/401 403/403/403
f 1405/1405/1405 1406/1406/1406 412/412/412
f 655/655/655 496/496/496 656/656/656
f 499/499/499 484/484/484 486/486/486
f 485/485/485 483/483/483 486/486/486
f 468/468/468 466/466/466 469/469/469
f 466/466/466 706/706/706 469/469/469
f 466/466/466 705/705/705 706/706/706
f 705/705/705 443/443/443 706/706/706
f 443/443/443 439/439/439 441/441/441
f 400/400/400 413/413/413 404/404/404
f 414/414/414 1405/1405/1405 412/412/412
f 1919/1919/1919 657/657/657 1724/1724/1724
f 657/657/657 654/654/654 1724/1724/1724
f 657/657/657 496/496/496 654/654/654
f 484/484/484 485/485/485 486/486/486
f 396/396/396 402/402/402 423/423/423
f 396/396/396 399/399/399 402/402/402
f 402/402/402 399/399/399 401/401/401
f 401/401/401 400/400/400 404/404/404
f 1405/1405/1405 1920/1920/1920 1406/1406/1406
f 481/481/481 482/482/482 483/483/483
f 472/472/472 467/467/467 660/660/660
f 467/467/467 515/515/515 660/660/660
f 467/467/467 468/468/468 515/515/515
f 466/466/466 444/444/444 705/705/705
f 444/444/444 443/443/443 705/705/705
f 400/400/400 414/414/414 413/413/413
f 4389/4389/4389 4390/4390/4390 4388/4388/4388
f 4388/4388/4388 4390/4390/4390 4391/4391/4391
f 1405/1405/1405 2013/2013/2013 1920/1920/1920
f 49/49/49 50/50/50 51/51/51
f 4398/4398/4398 4401/4401/4401 4391/4391/4391
f 657/657/657 494/494/494 496/496/496
f 496/496/496 495/495/495 656/656/656
f 495/495/495 497/497/497 498/498/498
f 481/481/481 483/483/483 485/485/485
f 481/481/481 470/470/470 482/482/482
f 482/482/482 470/470/470 472/472/472
f 467/467/467 466/466/466 468/468/468
f 439/439/439 437/437/437 709/709/709
f 429/429/429 393/393/393 423/423/423
f 49/49/49 52/52/52 50/50/50
f 1860/1860/1860 657/657/657 1919/1919/1919
f 487/487/487 499/499/499 497/497/497
f 444/444/444 445/445/445 443/443/443
f 445/445/445 725/725/725 443/443/443
f 725/725/725 439/439/439 443/443/443
f 719/719/719 394/394/394 430/430/430
f 394/394/394 393/393/393 429/429/429
f 399/399/399 400/400/400 401/401/401
f 415/415/415 1405/1405/1405 414/414/414
f 487/487/487 484/484/484 499/499/499
f 484/484/484 479/479/479 485/485/485
f 479/479/479 481/481/481 485/485/485
f 480/480/480 470/470/470 481/481/481
f 465/465/465 466/466/466 467/467/467
f 465/465/465 447/447/447 466/466/466
f 447/447/447 444/444/444 466/466/466
f 709/709/709 437/437/437 435/435/435
f 393/393/393 396/396/396 423/423/423
f 415/415/415 414/414/414 400/400/400
f 495/495/495 487/487/487 497/497/497
f 470/470/470 471/471/471 472/472/472
f 471/471/471 465/465/465 472/472/472
f 465/465/465 467/467/467 472/472/472
f 725/725/725 440/440/440 439/439/439
f 435/435/435 438/438/438 436/436/436
f 438/438/438 394/394/394 719/719/719
f 399/399/399 398/398/398 400/400/400
f 4402/4402/4402 4390/4390/4390 4389/4389/4389
f 494/494/494 495/495/495 496/496/496
f 487/487/487 488/488/488 484/484/484
f 439/439/439 440/440/440 437/437/437
f 392/392/392 393/393/393 394/394/394
f 393/393/393 395/395/395 396/396/396
f 396/396/396 398/398/398 399/399/399
f 4402/4402/4402 4399/4399/4399 4390/4390/4390
f 4399/4399/4399 4398/4398/4398 4390/4390/4390
f 494/494/494 489/489/489 495/495/495
f 479/479/479 480/480/480 481/481/481
f 437/437/437 438/438/438 435/435/435
f 438/438/438 721/721/721 394/394/394
f 392/392/392 395/395/395 393/393/393
f 398/398/398 416/416/416 400/400/400
f 400/400/400 416/416/416 415/415/415
f 417/417/417 1407/1407/1407 415/415/415
f 415/415/415 1407/1407/1407 1405/1405/1405
f 1407/1407/1407 2013/2013/2013 1405/1405/1405
f 49/49/49 53/53/53 52/52/52
f 1842/1842/1842 657/657/657 1860/1860/1860
f 657/657/657 658/658/658 494/494/494
f 658/658/658 489/489/489 494/494/494
f 489/489/489 487/487/487 495/495/495
f 488/488/488 479/479/479 484/484/484
f 480/480/480 471/471/471 470/470/470
f 462/462/462 447/447/447 465/465/465
f 446/446/446 444/444/444 447/447/447
f 444/444/444 446/446/446 445/445/445
f 721/721/721 392/392/392 394/394/394
f 1407/1407/1407 2041/2041/2041 2013/2013/2013
f 54/54/54 53/53/53 49/49/49
f 659/659/659 658/658/658 657/657/657
f 474/474/474 465/465/465 471/471/471
f 722/722/722 721/721/721 438/438/438
f 395/395/395 397/397/397 396/396/396
f 397/397/397 398/398/398 396/396/396
f 418/418/418 417/417/417 416/416/416
f 417/417/417 415/415/415 416/416/416
f 1842/1842/1842 659/659/659 657/657/657
f 658/658/658 493/493/493 489/489/489
f 493/493/493 492/492/492 489/489/489
f 490/490/490 488/488/488 487/487/487
f 488/488/488 477/477/477 479/479/479
f 477/477/477 475/475/475 479/479/479
f 440/440/440 723/723/723 437/437/437
f 723/723/723 438/438/438 437/437/437
f 397/397/397 419/419/419 398/398/398
f 398/398/398 419/419/419 416/416/416
f 492/492/492 490/490/490 489/489/489
f 489/489/489 490/490/490 487/487/487
f 490/490/490 491/491/491 488/488/488
f 491/491/491 477/477/477 488/488/488
f 723/723/723 722/722/722 438/438/438
f 418/418/418 416/416/416 419/419/419
f 4399/4399/4399 4414/4414/4414 4398/4398/4398
f 1754/1754/1754 2041/2041/2041 1407/1407/1407
f 479/479/479 475/475/475 480/480/480
f 475/475/475 473/473/473 480/480/480
f 480/480/480 473/473/473 471/471/471
f 473/473/473 474/474/474 471/471/471
f 463/463/463 465/465/465 474/474/474
f 724/724/724 445/445/445 446/446/446
f 445/445/445 724/724/724 725/725/725
f 724/724/724 440/440/440 725/725/725
f 418/418/418 1261/1261/1261 417/417/417
f 1261/1261/1261 326/326/326 417/417/417
f 326/326/326 1407/1407/1407 417/417/417
f 326/326/326 1754/1754/1754 1407/1407/1407
f 658/658/658 659/659/659 493/493/493
f 463/463/463 464/464/464 465/465/465
f 464/464/464 462/462/462 465/465/465
f 462/462/462 448/448/448 447/447/447
f 447/447/447 448/448/448 446/446/446
f 459/459/459 440/440/440 724/724/724
f 459/459/459 723/723/723 440/440/440
f 723/723/723 390/390/390 722/722/722
f 722/722/722 390/390/390 721/721/721
f 326/326/326 318/318/318 1754/1754/1754
f 318/318/318 320/320/320 1754/1754/1754
f 318/318/318 319/319/319 320/320/320
f 1754/1754/1754 320/320/320 2041/2041/2041
f 58/58/58 53/53/53 54/54/54
f 493/493/493 702/702/702 492/492/492
f 475/475/475 476/476/476 473/473/473
f 387/387/387 395/395/395 392/392/392
f 395/395/395 387/387/387 397/397/397
f 1256/1256/1256 418/418/418 419/419/419
f 1256/1256/1256 1261/1261/1261 418/418/418
f 1256/1256/1256 1287/1287/1287 1261/1261/1261
f 1287/1287/1287 326/326/326 1261/1261/1261
f 321/321/321 319/319/319 318/318/318
f 1802/1802/1802 659/659/659 1842/1842/1842
f 659/659/659 703/703/703 493/493/493
f 493/493/493 703/703/703 702/702/702
f 477/477/477 478/478/478 475/475/475
f 446/446/446 449/449/449 724/724/724
f 449/449/449 459/459/459 724/724/724
f 363/363/363 723/723/723 459/459/459
f 363/363/363 361/361/361 723/723/723
f 361/361/361 390/390/390 723/723/723
f 361/361/361 360/360/360 390/390/390
f 721/721/721 389/389/389 392/392/392
f 389/389/389 385/385/385 392/392/392
f 385/385/385 387/387/387 392/392/392
f 727/727/727 419/419/419 397/397/397
f 327/327/327 326/326/326 1287/1287/1287
f 327/327/327 325/325/325 326/326/326
f 4402/4402/4402 4403/4403/4403 4399/4399/4399
f 4403/4403/4403 4414/4414/4414 4399/4399/4399
f 325/325/325 321/321/321 326/326/326
f 323/323/323 321/321/321 325/325/325
f 326/326/326 321/321/321 318/318/318
f 478/478/478 476/476/476 475/475/475
f 360/360/360 391/391/391 390/390/390
f 391/391/391 388/388/388 390/390/390
f 390/390/390 389/389/389 721/721/721
f 726/726/726 727/727/727 397/397/397
f 728/728/728 1256/1256/1256 419/419/419
f 1321/1321/1321 329/329/329 1256/1256/1256
f 329/329/329 327/327/327 1256/1256/1256
f 1256/1256/1256 327/327/327 1287/1287/1287
f 4404/4404/4404 4403/4403/4403 4402/4402/4402
f 324/324/324 323/323/323 325/325/325
f 324/324/324 325/325/325 327/327/327
f 322/322/322 323/323/323 324/324/324
f 1975/1975/1975 1802/1802/1802 1842/1842/1842
f 1802/1802/1802 676/676/676 659/659/659
f 702/702/702 671/671/671 492/492/492
f 671/671/671 490/490/490 492/492/492
f 490/490/490 477/477/477 491/491/491
f 665/665/665 478/478/478 477/477/477
f 476/476/476 474/474/474 473/473/473
f 474/474/474 464/464/464 463/463/463
f 464/464/464 451/451/451 462/462/462
f 448/448/448 449/449/449 446/446/446
f 388/388/388 389/389/389 390/390/390
f 385/385/385 386/386/386 387/387/387
f 387/387/387 386/386/386 397/397/397
f 386/386/386 726/726/726 397/397/397
f 727/727/727 728/728/728 419/419/419
f 329/329/329 328/328/328 327/327/327
f 327/327/327 328/328/328 324/324/324
f 328/328/328 322/322/322 324/324/324
f 676/676/676 704/704/704 659/659/659
f 704/704/704 703/703/703 659/659/659
f 673/673/673 702/702/702 703/703/703
f 671/671/671 477/477/477 490/490/490
f 477/477/477 666/666/666 665/665/665
f 462/462/462 451/451/451 448/448/448
f 362/362/362 361/361/361 363/363/363
f 1257/1257/1257 1256/1256/1256 728/728/728
f 1257/1257/1257 1321/1321/1321 1256/1256/1256
f 1321/1321/1321 1326/1326/1326 329/329/329
f 101/101/101 98/98/98 100/100/100
f 98/98/98 99/99/99 100/100/100
f 704/704/704 673/673/673 703/703/703
f 669/669/669 666/666/666 477/477/477
f 476/476/476 661/661/661 474/474/474
f 451/451/451 450/450/450 448/448/448
f 450/450/450 449/449/449 448/448/448
f 449/449/449 458/458/458 459/459/459
f 385/385/385 384/384/384 386/386/386
f 1257/1257/1257 1326/1326/1326 1321/1321/1321
f 362/362/362 359/359/359 361/361/361
f 388/388/388 385/385/385 389/389/389
f 98/98/98 96/96/96 99/99/99
f 673/673/673 671/671/671 702/702/702
f 671/671/671 669/669/669 477/477/477
f 665/665/665 664/664/664 478/478/478
f 661/661/661 464/464/464 474/474/474
f 459/459/459 364/364/364 363/363/363
f 362/362/362 363/363/363 364/364/364
f 359/359/359 360/360/360 361/361/361
f 360/360/360 358/358/358 391/391/391
f 358/358/358 729/729/729 391/391/391
f 729/729/729 388/388/388 391/391/391
f 384/384/384 726/726/726 386/386/386
f 458/458/458 364/364/364 459/459/459
f 358/358/358 360/360/360 359/359/359
f 388/388/388 382/382/382 385/385/385
f 736/736/736 727/727/727 726/726/726
f 735/735/735 1258/1258/1258 727/727/727
f 1258/1258/1258 728/728/728 727/727/727
f 728/728/728 1258/1258/1258 1257/1257/1257
f 1325/1325/1325 1326/1326/1326 1257/1257/1257
f 1325/1325/1325 1954/1954/1954 1326/1326/1326
f 101/101/101 97/97/97 98/98/98
f 97/97/97 92/92/92 96/96/96
f 97/97/97 96/96/96 98/98/98
f 92/92/92 93/93/93 96/96/96
f 673/673/673 672/672/672 671/671/671
f 670/670/670 669/669/669 671/671/671
f 666/666/666 667/667/667 665/665/665
f 665/665/665 667/667/667 664/664/664
f 661/661/661 451/451/451 464/464/464
f 457/457/457 458/458/458 449/449/449
f 365/365/365 359/359/359 362/362/362
f 729/729/729 382/382/382 388/388/388
f 384/384/384 736/736/736 726/726/726
f 736/736/736 735/735/735 727/727/727
f 1258/1258/1258 1260/1260/1260 1257/1257/1257
f 1260/1260/1260 1325/1325/1325 1257/1257/1257
f 92/92/92 85/85/85 93/93/93
f 4350/4350/4350 4352/4352/4352 4353/4353/4353
f 1975/1975/1975 1731/1731/1731 1802/1802/1802
f 1731/1731/1731 676/676/676 1802/1802/1802
f 676/676/676 673/673/673 704/704/704
f 672/672/672 670/670/670 671/671/671
f 664/664/664 663/663/663 478/478/478
f 478/478/478 663/663/663 476/476/476
f 452/452/452 450/450/450 451/451/451
f 456/456/456 449/449/449 450/450/450
f 456/456/456 457/457/457 449/449/449
f 458/458/458 457/457/457 364/364/364
f 364/364/364 365/365/365 362/362/362
f 383/383/383 736/736/736 384/384/384
f 735/735/735 1260/1260/1260 1258/1258/1258
f 1325/1325/1325 1955/1955/1955 1954/1954/1954
f 1955/1955/1955 1370/1370/1370 2065/2065/2065
f 1955/1955/1955 2065/2065/2065 1954/1954/1954
f 91/91/91 83/83/83 85/85/85
f 91/91/91 85/85/85 92/92/92
f 674/674/674 672/672/672 673/673/673
f 670/670/670 666/666/666 669/669/669
f 662/662/662 661/661/661 476/476/476
f 453/453/453 451/451/451 661/661/661
f 4404/4404/4404 4405/4405/4405 4403/4403/4403
f 364/364/364 369/369/369 365/365/365
f 357/357/357 356/356/356 358/358/358
f 358/358/358 356/356/356 729/729/729
f 730/730/730 382/382/382 729/729/729
f 382/382/382 384/384/384 385/385/385
f 382/382/382 383/383/383 384/384/384
f 1324/1324/1324 1370/1370/1370 1325/1325/1325
f 1325/1325/1325 1370/1370/1370 1955/1955/1955
f 83/83/83 84/84/84 85/85/85
f 4190/4190/4190 4247/4247/4247 3803/3803/3803
f 4347/4347/4347 4349/4349/4349 4350/4350/4350
f 4350/4350/4350 4349/4349/4349 4351/4351/4351
f 1731/1731/1731 677/677/677 676/676/676
f 675/675/675 673/673/673 676/676/676
f 453/453/453 452/452/452 451/451/451
f 1974/1974/1974 1731/1731/1731 1975/1975/1975
f 457/457/457 369/369/369 364/364/364
f 357/357/357 358/358/358 359/359/359
f 356/356/356 381/381/381 729/729/729
f 381/381/381 730/730/730 729/729/729
f 383/383/383 735/735/735 736/736/736
f 1260/1260/1260 1324/1324/1324 1325/1325/1325
f 1324/1324/1324 1369/1369/1369 1370/1370/1370
f 95/95/95 81/81/81 83/83/83
f 95/95/95 83/83/83 91/91/91
f 81/81/81 82/82/82 83/83/83
f 83/83/83 82/82/82 84/84/84
f 4346/4346/4346 4347/4347/4347 4348/4348/4348
f 667/667/667 663/663/663 664/664/664
f 452/452/452 455/455/455 450/450/450
f 455/455/455 456/456/456 450/450/450
f 4406/4406/4406 4405/4405/4405 4404/4404/4404
f 456/456/456 461/461/461 457/457/457
f 734/734/734 735/735/735 383/383/383
f 1259/1259/1259 1324/1324/1324 1260/1260/1260
f 95/95/95 86/86/86 81/81/81
f 86/86/86 82/82/82 81/81/81
f 677/677/677 675/675/675 676/676/676
f 675/675/675 674/674/674 673/673/673
f 663/663/663 662/662/662 476/476/476
f 662/662/662 453/453/453 661/661/661
f 1974/1974/1974 1730/1730/1730 1731/1731/1731
f 461/461/461 460/460/460 457/457/457
f 357/357/357 354/354/354 356/356/356
f 732/732/732 382/382/382 730/730/730
f 734/734/734 737/737/737 735/735/735
f 735/735/735 1259/1259/1259 1260/1260/1260
f 86/86/86 87/87/87 82/82/82
f 87/87/87 88/88/88 82/82/82
f 670/670/670 668/668/668 666/666/666
f 668/668/668 667/667/667 666/666/666
f 455/455/455 461/461/461 456/456/456
f 460/460/460 369/369/369 457/457/457
f 460/460/460 368/368/368 369/369/369
f 369/369/369 368/368/368 365/365/365
f 368/368/368 367/367/367 365/365/365
f 365/365/365 367/367/367 359/359/359
f 367/367/367 357/357/357 359/359/359
f 367/367/367 366/366/366 357/357/357
f 366/366/366 354/354/354 357/357/357
f 731/731/731 732/732/732 730/730/730
f 382/382/382 732/732/732 383/383/383
f 732/732/732 734/734/734 383/383/383
f 737/737/737 738/738/738 735/735/735
f 738/738/738 1259/1259/1259 735/735/735
f 1259/1259/1259 742/742/742 1324/1324/1324
f 742/742/742 1369/1369/1369 1324/1324/1324
f 1369/1369/1369 744/744/744 2019/2019/2019
f 94/94/94 87/87/87 86/86/86
f 675/675/675 680/680/680 674/674/674
f 680/680/680 681/681/681 674/674/674
f 674/674/674 681/681/681 672/672/672
f 681/681/681 670/670/670 672/672/672
f 453/453/453 454/454/454 452/452/452
f 454/454/454 455/455/455 452/452/452
f 354/354/354 355/355/355 356/356/356
f 356/356/356 355/355/355 381/381/381
f 381/381/381 731/731/731 730/730/730
f 738/738/738 742/742/742 1259/1259/1259
f 742/742/742 744/744/744 1369/1369/1369
f 216/216/216 209/209/209 217/217/217
f 89/89/89 90/90/90 88/88/88
f 89/89/89 88/88/88 87/87/87
f 668/668/668 685/685/685 667/667/667
f 667/667/667 685/685/685 663/663/663
f 685/685/685 662/662/662 663/663/663
f 4407/4407/4407 4405/4405/4405 4406/4406/4406
f 460/460/460 1224/1224/1224 368/368/368
f 1224/1224/1224 367/367/367 368/368/368
f 731/731/731 733/733/733 732/732/732
f 208/208/208 209/209/209 216/216/216
f 90/90/90 102/102/102 88/88/88
f 1730/1730/1730 677/677/677 1731/1731/1731
f 685/685/685 688/688/688 662/662/662
f 688/688/688 453/453/453 662/662/662
f 688/688/688 690/690/690 453/453/453
f 453/453/453 690/690/690 454/454/454
f 4407/4407/4407 4409/4409/4409 4405/4405/4405
f 1729/1729/1729 1730/1730/1730 1974/1974/1974
f 454/454/454 1227/1227/1227 455/455/455
f 455/455/455 1227/1227/1227 461/461/461
f 1227/1227/1227 1226/1226/1226 461/461/461
f 461/461/461 1226/1226/1226 460/460/460
f 381/381/381 353/353/353 731/731/731
f 734/734/734 738/738/738 737/737/737
f 740/740/740 741/741/741 738/738/738
f 738/738/738 741/741/741 742/742/742
f 208/208/208 207/207/207 209/209/209
f 678/678/678 675/675/675 677/677/677
f 681/681/681 683/683/683 670/670/670
f 684/684/684 668/668/668 670/670/670
f 687/687/687 688/688/688 685/685/685
f 1225/1225/1225 1224/1224/1224 460/460/460
f 355/355/355 353/353/353 381/381/381
f 731/731/731 380/380/380 733/733/733
f 733/733/733 734/734/734 732/732/732
f 741/741/741 743/743/743 742/742/742
f 743/743/743 744/744/744 742/742/742
f 743/743/743 1709/1709/1709 744/744/744
f 1728/1728/1728 1742/1742/1742 1709/1709/1709
f 208/208/208 206/206/206 207/207/207
f 206/206/206 184/184/184 186/186/186
f 206/206/206 186/186/186 207/207/207
f 1730/1730/1730 678/678/678 677/677/677
f 682/682/682 681/681/681 680/680/680
f 684/684/684 685/685/685 668/668/668
f 684/684/684 686/686/686 685/685/685
f 686/686/686 687/687/687 685/685/685
f 687/687/687 689/689/689 688/688/688
f 690/690/690 1227/1227/1227 454/454/454
f 1225/1225/1225 1223/1223/1223 1224/1224/1224
f 1224/1224/1224 1223/1223/1223 367/367/367
f 1223/1223/1223 366/366/366 367/367/367
f 354/354/354 353/353/353 355/355/355
f 379/379/379 738/738/738 734/734/734
f 1710/1710/1710 1728/1728/1728 1709/1709/1709
f 679/679/679 680/680/680 675/675/675
f 679/679/679 682/682/682 680/680/680
f 682/682/682 683/683/683 681/681/681
f 683/683/683 684/684/684 670/670/670
f 689/689/689 690/690/690 688/688/688
f 690/690/690 1229/1229/1229 1227/1227/1227
f 1229/1229/1229 1228/1228/1228 1227/1227/1227
f 1227/1227/1227 1228/1228/1228 1226/1226/1226
f 1223/1223/1223 749/749/749 366/366/366
f 749/749/749 350/350/350 366/366/366
f 350/350/350 354/354/354 366/366/366
f 350/350/350 353/353/353 354/354/354
f 379/379/379 733/733/733 380/380/380
f 733/733/733 379/379/379 734/734/734
f 379/379/379 739/739/739 738/738/738
f 739/739/739 740/740/740 738/738/738
f 743/743/743 1710/1710/1710 1709/1709/1709
f 184/184/184 185/185/185 186/186/186
f 4407/4407/4407 4410/4410/4410 4409/4409/4409
f 700/700/700 682/682/682 679/679/679
f 700/700/700 683/683/683 682/682/682
f 686/686/686 693/693/693 687/687/687
f 693/693/693 689/689/689 687/687/687
f 689/689/689 691/691/691 690/690/690
f 691/691/691 696/696/696 690/690/690
f 696/696/696 1229/1229/1229 690/690/690
f 1226/1226/1226 1225/1225/1225 460/460/460
f 353/353/353 371/371/371 731/731/731
f 731/731/731 371/371/371 380/380/380
f 371/371/371 379/379/379 380/380/380
f 1710/1710/1710 1711/1711/1711 1728/1728/1728
f 1728/1728/1728 1711/1711/1711 1742/1742/1742
f 206/206/206 205/205/205 184/184/184
f 205/205/205 187/187/187 184/184/184
f 678/678/678 679/679/679 675/675/675
f 1403/1403/1403 678/678/678 1729/1729/1729
f 699/699/699 700/700/700 679/679/679
f 683/683/683 701/701/701 684/684/684
f 684/684/684 694/694/694 686/686/686
f 692/692/692 689/689/689 693/693/693
f 1228/1228/1228 1222/1222/1222 1226/1226/1226
f 1222/1222/1222 752/752/752 1226/1226/1226
f 1226/1226/1226 752/752/752 1225/1225/1225
f 751/751/751 1223/1223/1223 1225/1225/1225
f 751/751/751 749/749/749 1223/1223/1223
f 350/350/350 352/352/352 353/353/353
f 352/352/352 371/371/371 353/353/353
f 739/739/739 378/378/378 740/740/740
f 378/378/378 741/741/741 740/740/740
f 205/205/205 204/204/204 187/187/187
f 204/204/204 202/202/202 187/187/187
f 4267/4267/4267 4272/4272/4272 3836/3836/3836
f 4415/4415/4415 4410/4410/4410 4407/4407/4407
f 1403/1403/1403 698/698/698 678/678/678
f 700/700/700 701/701/701 683/683/683
f 701/701/701 694/694/694 684/684/684
f 694/694/694 693/693/693 686/686/686
f 694/694/694 692/692/692 693/693/693
f 692/692/692 691/691/691 689/689/689
f 692/692/692 695/695/695 691/691/691
f 752/752/752 751/751/751 1225/1225/1225
f 350/350/350 351/351/351 352/352/352
f 743/743/743 746/746/746 1710/1710/1710
f 1710/1710/1710 746/746/746 1711/1711/1711
f 215/215/215 204/204/204 205/205/205
f 4272/4272/4272 3894/3894/3894 3836/3836/3836
f 698/698/698 679/679/679 678/678/678
f 698/698/698 699/699/699 679/679/679
f 694/694/694 1273/1273/1273 692/692/692
f 695/695/695 696/696/696 691/691/691
f 695/695/695 697/697/697 696/696/696
f 697/697/697 1229/1229/1229 696/696/696
f 697/697/697 1220/1220/1220 1229/1229/1229
f 1229/1229/1229 1220/1220/1220 1228/1228/1228
f 1220/1220/1220 758/758/758 1228/1228/1228
f 758/758/758 1222/1222/1222 1228/1228/1228
f 749/749/749 351/351/351 350/350/350
f 352/352/352 370/370/370 371/371/371
f 371/371/371 370/370/370 379/379/379
f 378/378/378 745/745/745 741/741/741
f 741/741/741 745/745/745 743/743/743
f 745/745/745 746/746/746 743/743/743
f 215/215/215 203/203/203 204/204/204
f 203/203/203 201/201/201 202/202/202
f 203/203/203 202/202/202 204/204/204
f 201/201/201 177/177/177 202/202/202
f 4271/4271/4271 3894/3894/3894 4272/4272/4272
f 701/701/701 782/782/782 694/694/694
f 782/782/782 1273/1273/1273 694/694/694
f 1273/1273/1273 695/695/695 692/692/692
f 748/748/748 351/351/351 749/749/749
f 346/346/346 349/349/349 351/351/351
f 349/349/349 352/352/352 351/351/351
f 370/370/370 747/747/747 379/379/379
f 379/379/379 747/747/747 739/739/739
f 747/747/747 378/378/378 739/739/739
f 746/746/746 1232/1232/1232 1233/1233/1233
f 1941/1941/1941 1402/1402/1402 1403/1403/1403
f 1402/1402/1402 698/698/698 1403/1403/1403
f 813/813/813 699/699/699 698/698/698
f 813/813/813 812/812/812 699/699/699
f 812/812/812 797/797/797 699/699/699
f 699/699/699 797/797/797 700/700/700
f 797/797/797 701/701/701 700/700/700
f 797/797/797 795/795/795 701/701/701
f 795/795/795 783/783/783 701/701/701
f 783/783/783 782/782/782 701/701/701
f 1273/1273/1273 766/766/766 695/695/695
f 695/695/695 766/766/766 697/697/697
f 756/756/756 1222/1222/1222 758/758/758
f 756/756/756 752/752/752 1222/1222/1222
f 752/752/752 750/750/750 751/751/751
f 750/750/750 749/749/749 751/751/751
f 750/750/750 748/748/748 749/749/749
f 349/349/349 370/370/370 352/352/352
f 349/349/349 373/373/373 370/370/370
f 745/745/745 1232/1232/1232 746/746/746
f 214/214/214 201/201/201 203/203/203
f 201/201/201 175/175/175 177/177/177
f 2757/2757/2757 2755/2755/2755 2523/2523/2523
f 175/175/175 176/176/176 177/177/177
f 796/796/796 795/795/795 797/797/797
f 783/783/783 781/781/781 782/782/782
f 697/697/697 763/763/763 1220/1220/1220
f 748/748/748 347/347/347 351/351/351
f 376/376/376 747/747/747 370/370/370
f 377/377/377 745/745/745 378/378/378
f 214/214/214 200/200/200 201/201/201
f 200/200/200 175/175/175 201/201/201
f 1402/1402/1402 813/813/813 698/698/698
f 764/764/764 763/763/763 697/697/697
f 347/347/347 346/346/346 351/351/351
f 348/348/348 349/349/349 346/346/346
f 375/375/375 378/378/378 747/747/747
f 375/375/375 377/377/377 378/378/378
f 745/745/745 935/935/935 1232/1232/1232
f 1232/1232/1232 935/935/935 1233/1233/1233
f 935/935/935 1487/1487/1487 1233/1233/1233
f 1284/1284/1284 1896/1896/1896 1487/1487/1487
f 200/200/200 171/171/171 175/175/175
f 171/171/171 174/174/174 175/175/175
f 171/171/171 173/173/173 174/174/174
f 795/795/795 794/794/794 783/783/783
f 794/794/794 793/793/793 783/783/783
f 781/781/781 780/780/780 782/782/782
f 780/780/780 1273/1273/1273 782/782/782
f 774/774/774 766/766/766 1273/1273/1273
f 765/765/765 697/697/697 766/766/766
f 763/763/763 758/758/758 1220/1220/1220
f 756/756/756 753/753/753 752/752/752
f 752/752/752 753/753/753 750/750/750
f 922/922/922 347/347/347 748/748/748
f 922/922/922 748/748/748 750/750/750
f 935/935/935 1284/1284/1284 1487/1487/1487
f 172/172/172 178/178/178 173/173/173
f 1404/1404/1404 1353/1353/1353 1402/1402/1402
f 1353/1353/1353 813/813/813 1402/1402/1402
f 813/813/813 808/808/808 812/812/812
f 811/811/811 797/797/797 812/812/812
f 798/798/798 796/796/796 797/797/797
f 796/796/796 794/794/794 795/795/795
f 793/793/793 781/781/781 783/783/783
f 765/765/765 764/764/764 697/697/697
f 757/757/757 756/756/756 758/758/758
f 373/373/373 374/374/374 370/370/370
f 745/745/745 934/934/934 935/935/935
f 1284/1284/1284 1764/1764/1764 1896/1896/1896
f 200/200/200 199/199/199 171/171/171
f 199/199/199 180/180/180 171/171/171
f 171/171/171 180/180/180 172/172/172
f 180/180/180 179/179/179 172/172/172
f 179/179/179 178/178/178 172/172/172
f 1732/1732/1732 1353/1353/1353 1404/1404/1404
f 798/798/798 794/794/794 796/796/796
f 2062/2062/2062 2061/2061/2061 2069/2069/2069
f 779/779/779 777/777/777 780/780/780
f 777/777/777 1273/1273/1273 780/780/780
f 774/774/774 767/767/767 766/766/766
f 759/759/759 757/757/757 758/758/758
f 755/755/755 753/753/753 756/756/756
f 754/754/754 750/750/750 753/753/753
f 754/754/754 922/922/922 750/750/750
f 377/377/377 934/934/934 745/745/745
f 935/935/935 1283/1283/1283 1284/1284/1284
f 199/199/199 181/181/181 180/180/180
f 811/811/811 798/798/798 797/797/797
f 777/777/777 774/774/774 1273/1273/1273
f 755/755/755 754/754/754 753/753/753
f 922/922/922 345/345/345 347/347/347
f 345/345/345 346/346/346 347/347/347
f 349/349/349 372/372/372 373/373/373
f 372/372/372 374/374/374 373/373/373
f 374/374/374 376/376/376 370/370/370
f 1283/1283/1283 1764/1764/1764 1284/1284/1284
f 199/199/199 196/196/196 181/181/181
f 196/196/196 183/183/183 181/181/181
f 181/181/181 183/183/183 182/182/182
f 809/809/809 808/808/808 1353/1353/1353
f 1353/1353/1353 808/808/808 813/813/813
f 808/808/808 811/811/811 812/812/812
f 811/811/811 799/799/799 798/798/798
f 799/799/799 794/794/794 798/798/798
f 781/781/781 779/779/779 780/780/780
f 776/776/776 774/774/774 777/777/777
f 767/767/767 765/765/765 766/766/766
f 345/345/345 923/923/923 346/346/346
f 923/923/923 348/348/348 346/346/346
f 372/372/372 349/349/349 348/348/348
f 376/376/376 375/375/375 747/747/747
f 936/936/936 1283/1283/1283 935/935/935
f 1283/1283/1283 1282/1282/1282 1764/1764/1764
f 1282/1282/1282 1881/1881/1881 1764/1764/1764
f 199/199/199 194/194/194 196/196/196
f 194/194/194 195/195/195 196/196/196
f 195/195/195 224/224/224 226/226/226
f 794/794/794 792/792/792 793/793/793
f 757/757/757 755/755/755 756/756/756
f 910/910/910 345/345/345 922/922/922
f 923/923/923 372/372/372 348/348/348
f 372/372/372 927/927/927 374/374/374
f 933/933/933 936/936/936 935/935/935
f 936/936/936 1282/1282/1282 1283/1283/1283
f 191/191/191 224/224/224 195/195/195
f 808/808/808 805/805/805 811/811/811
f 811/811/811 805/805/805 799/799/799
f 2027/2027/2027 2061/2061/2061 2062/2062/2062
f 792/792/792 789/789/789 793/793/793
f 789/789/789 781/781/781 793/793/793
f 789/789/789 779/779/779 781/781/781
f 763/763/763 759/759/759 758/758/758
f 755/755/755 910/910/910 754/754/754
f 910/910/910 922/922/922 754/754/754
f 374/374/374 375/375/375 376/376/376
f 934/934/934 933/933/933 935/935/935
f 1282/1282/1282 1350/1350/1350 1881/1881/1881
f 194/194/194 191/191/191 195/195/195
f 1732/1732/1732 1519/1519/1519 1353/1353/1353
f 1519/1519/1519 809/809/809 1353/1353/1353
f 799/799/799 792/792/792 794/794/794
f 778/778/778 775/775/775 777/777/777
f 775/775/775 776/776/776 777/777/777
f 767/767/767 768/768/768 765/765/765
f 921/921/921 345/345/345 910/910/910
f 375/375/375 931/931/931 377/377/377
f 936/936/936 938/938/938 1282/1282/1282
f 938/938/938 1350/1350/1350 1282/1282/1282
f 194/194/194 193/193/193 191/191/191
f 2027/2027/2027 1733/1733/1733 1732/1732/1732
f 1733/1733/1733 1519/1519/1519 1732/1732/1732
f 779/779/779 778/778/778 777/777/777
f 920/920/920 923/923/923 345/345/345
f 920/920/920 372/372/372 923/923/923
f 375/375/375 930/930/930 931/931/931
f 930/930/930 377/377/377 931/931/931
f 377/377/377 933/933/933 934/934/934
f 933/933/933 937/937/937 936/936/936
f 937/937/937 938/938/938 936/936/936
f 211/211/211 193/193/193 194/194/194
f 193/193/193 188/188/188 191/191/191
f 188/188/188 190/190/190 191/191/191
f 807/807/807 805/805/805 808/808/808
f 814/814/814 799/799/799 805/805/805
f 791/791/791 789/789/789 792/792/792
f 762/762/762 759/759/759 763/763/763
f 907/907/907 909/909/909 755/755/755
f 909/909/909 910/910/910 755/755/755
f 928/928/928 375/375/375 374/374/374
f 197/197/197 193/193/193 211/211/211
f 188/188/188 189/189/189 190/190/190
f 189/189/189 225/225/225 190/190/190
f 809/809/809 807/807/807 808/808/808
f 775/775/775 774/774/774 776/776/776
f 770/770/770 768/768/768 767/767/767
f 768/768/768 769/769/769 764/764/764
f 768/768/768 764/764/764 765/765/765
f 769/769/769 762/762/762 764/764/764
f 764/764/764 762/762/762 763/763/763
f 921/921/921 920/920/920 345/345/345
f 926/926/926 927/927/927 372/372/372
f 930/930/930 932/932/932 377/377/377
f 938/938/938 1380/1380/1380 1350/1350/1350
f 1380/1380/1380 1933/1933/1933 1350/1350/1350
f 197/197/197 188/188/188 193/193/193
f 4244/4244/4244 4234/4234/4234 4210/4210/4210
f 2077/2077/2077 1733/1733/1733 2027/2027/2027
f 799/799/799 800/800/800 792/792/792
f 789/789/789 778/778/778 779/779/779
f 774/774/774 770/770/770 767/767/767
f 762/762/762 761/761/761 759/759/759
f 759/759/759 760/760/760 757/757/757
f 760/760/760 755/755/755 757/757/757
f 760/760/760 907/907/907 755/755/755
f 932/932/932 933/933/933 377/377/377
f 197/197/197 192/192/192 188/188/188
f 192/192/192 222/222/222 189/189/189
f 4480/4480/4480 4481/4481/4481 4482/4482/4482
f 4482/4482/4482 4481/4481/4481 4483/4483/4483
f 814/814/814 800/800/800 799/799/799
f 800/800/800 791/791/791 792/792/792
f 775/775/775 773/773/773 774/774/774
f 773/773/773 770/770/770 774/774/774
f 924/924/924 372/372/372 920/920/920
f 932/932/932 941/941/941 933/933/933
f 1380/1380/1380 1798/1798/1798 1933/1933/1933
f 197/197/197 198/198/198 192/192/192
f 198/198/198 222/222/222 192/192/192
f 1733/1733/1733 1518/1518/1518 1519/1519/1519
f 1518/1518/1518 809/809/809 1519/1519/1519
f 807/807/807 806/806/806 805/805/805
f 770/770/770 769/769/769 768/768/768
f 924/924/924 925/925/925 372/372/372
f 925/925/925 926/926/926 372/372/372
f 927/927/927 928/928/928 374/374/374
f 210/210/210 198/198/198 197/197/197
f 198/198/198 223/223/223 222/222/222
f 4277/4277/4277 4263/4263/4263 4264/4264/4264
f 4277/4277/4277 4264/4264/4264 4278/4278/4278
f 1518/1518/1518 810/810/810 809/809/809
f 810/810/810 807/807/807 809/809/809
f 803/803/803 804/804/804 805/805/805
f 805/805/805 804/804/804 814/814/814
f 784/784/784 775/775/775 778/778/778
f 769/769/769 1221/1221/1221 762/762/762
f 909/909/909 911/911/911 910/910/910
f 910/910/910 911/911/911 921/921/921
f 911/911/911 920/920/920 921/921/921
f 938/938/938 1377/1377/1377 1380/1380/1380
f 2077/2077/2077 1780/1780/1780 1733/1733/1733
f 1780/1780/1780 1518/1518/1518 1733/1733/1733
f 810/810/810 806/806/806 807/807/807
f 804/804/804 800/800/800 814/814/814
f 790/790/790 789/789/789 791/791/791
f 770/770/770 771/771/771 769/769/769
f 761/761/761 760/760/760 759/759/759
f 908/908/908 909/909/909 907/907/907
f 928/928/928 929/929/929 375/375/375
f 375/375/375 929/929/929 930/930/930
f 943/943/943 932/932/932 930/930/930
f 1377/1377/1377 1798/1798/1798 1380/1380/1380
f 803/803/803 805/805/805 806/806/806
f 784/784/784 773/773/773 775/775/775
f 773/773/773 772/772/772 770/770/770
f 772/772/772 771/771/771 770/770/770
f 908/908/908 911/911/911 909/909/909
f 911/911/911 919/919/919 920/920/920
f 919/919/919 924/924/924 920/920/920
f 933/933/933 941/941/941 937/937/937
f 939/939/939 1377/1377/1377 938/938/938
f 210/210/210 212/212/212 198/198/198
f 212/212/212 218/218/218 198/198/198
f 4490/4490/4490 4491/4491/4491 4492/4492/4492
f 790/790/790 788/788/788 789/789/789
f 789/789/789 788/788/788 778/778/778
f 788/788/788 784/784/784 778/778/778
f 771/771/771 838/838/838 769/769/769
f 838/838/838 1221/1221/1221 769/769/769
f 1221/1221/1221 1090/1090/1090 762/762/762
f 761/761/761 907/907/907 760/760/760
f 912/912/912 911/911/911 908/908/908
f 929/929/929 943/943/943 930/930/930
f 213/213/213 212/212/212 210/210/210
f 4251/4251/4251 4263/4263/4263 4274/4274/4274
f 800/800/800 790/790/790 791/791/791
f 788/788/788 787/787/787 784/784/784
f 784/784/784 787/787/787 773/773/773
f 905/905/905 907/907/907 761/761/761
f 905/905/905 908/908/908 907/907/907
f 915/915/915 911/911/911 912/912/912
f 915/915/915 919/919/919 911/911/911
f 924/924/924 926/926/926 925/925/925
f 937/937/937 939/939/939 938/938/938
f 1377/1377/1377 1902/1902/1902 1798/1798/1798
f 1902/1902/1902 1903/1903/1903 1798/1798/1798
f 213/213/213 219/219/219 212/212/212
f 4535/4535/4535 4536/4536/4536 4537/4537/4537
f 810/810/810 1517/1517/1517 806/806/806
f 828/828/828 788/788/788 790/790/790
f 3106/3106/3106 2918/2918/2918 3016/3016/3016
f 838/838/838 1090/1090/1090 1221/1221/1221
f 1090/1090/1090 761/761/761 762/762/762
f 906/906/906 905/905/905 761/761/761
f 919/919/919 918/918/918 924/924/924
f 932/932/932 942/942/942 941/941/941
f 221/221/221 220/220/220 213/213/213
f 220/220/220 219/219/219 213/213/213
f 4268/4268/4268 4257/4257/4257 4251/4251/4251
f 1518/1518/1518 1517/1517/1517 810/810/810
f 1517/1517/1517 1217/1217/1217 806/806/806
f 1217/1217/1217 803/803/803 806/806/806
f 803/803/803 800/800/800 804/804/804
f 801/801/801 790/790/790 800/800/800
f 1218/1218/1218 787/787/787 788/788/788
f 787/787/787 785/785/785 773/773/773
f 773/773/773 785/785/785 772/772/772
f 913/913/913 912/912/912 908/908/908
f 943/943/943 942/942/942 932/932/932
f 942/942/942 940/940/940 941/941/941
f 940/940/940 937/937/937 941/941/941
f 940/940/940 939/939/939 937/937/937
f 4503/4503/4503 4504/4504/4504 4530/4530/4530
f 4504/4504/4504 4496/4496/4496 4530/4530/4530
f 145/145/145 146/146/146 147/147/147
f 2077/2077/2077 1803/1803/1803 1780/1780/1780
f 1803/1803/1803 1518/1518/1518 1780/1780/1780
f 801/801/801 828/828/828 790/790/790
f 785/785/785 771/771/771 772/772/772
f 915/915/915 918/918/918 919/919/919
f 918/918/918 926/926/926 924/924/924
f 918/918/918 1089/1089/1089 926/926/926
f 1089/1089/1089 927/927/927 926/926/926
f 1089/1089/1089 929/929/929 927/927/927
f 927/927/927 929/929/929 928/928/928
f 4504/4504/4504 4494/4494/4494 4496/4496/4496
f 4494/4494/4494 4493/4493/4493 4496/4496/4496
f 1803/1803/1803 1689/1689/1689 1518/1518/1518
f 1689/1689/1689 1517/1517/1517 1518/1518/1518
f 1688/1688/1688 1217/1217/1217 1517/1517/1517
f 1217/1217/1217 820/820/820 803/803/803
f 828/828/828 827/827/827 788/788/788
f 881/881/881 1090/1090/1090 838/838/838
f 1088/1088/1088 1089/1089/1089 918/918/918
f 1376/1376/1376 1997/1997/1997 1377/1377/1377
f 1377/1377/1377 1997/1997/1997 1902/1902/1902
f 4498/4498/4498 4494/4494/4494 4502/4502/4502
f 4502/4502/4502 4494/4494/4494 4503/4503/4503
f 4494/4494/4494 4504/4504/4504 4503/4503/4503
f 4493/4493/4493 4494/4494/4494 4495/4495/4495
f 1689/1689/1689 1688/1688/1688 1517/1517/1517
f 1236/1236/1236 820/820/820 1217/1217/1217
f 3018/3018/3018 2991/2991/2991 2979/2979/2979
f 827/827/827 1218/1218/1218 788/788/788
f 1218/1218/1218 1219/1219/1219 787/787/787
f 785/785/785 786/786/786 771/771/771
f 1090/1090/1090 881/881/881 761/761/761
f 881/881/881 906/906/906 761/761/761
f 905/905/905 913/913/913 908/908/908
f 913/913/913 914/914/914 912/912/912
f 914/914/914 915/915/915 912/912/912
f 915/915/915 917/917/917 918/918/918
f 917/917/917 1088/1088/1088 918/918/918
f 950/950/950 943/943/943 929/929/929
f 943/943/943 944/944/944 942/942/942
f 940/940/940 1376/1376/1376 939/939/939
f 1376/1376/1376 1377/1377/1377 939/939/939
f 4498/4498/4498 4497/4497/4497 4494/4494/4494
f 4497/4497/4497 4500/4500/4500 4495/4495/4495
f 4497/4497/4497 4495/4495/4495 4494/4494/4494
f 1688/1688/1688 1236/1236/1236 1217/1217/1217
f 803/803/803 802/802/802 800/800/800
f 801/801/801 826/826/826 828/828/828
f 1219/1219/1219 785/785/785 787/787/787
f 906/906/906 903/903/903 905/905/905
f 972/972/972 914/914/914 913/913/913
f 916/916/916 917/917/917 915/915/915
f 1089/1089/1089 953/953/953 929/929/929
f 4499/4499/4499 4497/4497/4497 4498/4498/4498
f 145/145/145 144/144/144 146/146/146
f 1901/1901/1901 1689/1689/1689 1803/1803/1803
f 802/802/802 801/801/801 800/800/800
f 826/826/826 827/827/827 828/828/828
f 827/827/827 1219/1219/1219 1218/1218/1218
f 971/971/971 913/913/913 905/905/905
f 953/953/953 950/950/950 929/929/929
f 942/942/942 946/946/946 940/940/940
f 946/946/946 1379/1379/1379 940/940/940
f 1379/1379/1379 1376/1376/1376 940/940/940
f 1379/1379/1379 1378/1378/1378 1376/1376/1376
f 4499/4499/4499 4505/4505/4505 4497/4497/4497
f 4505/4505/4505 4506/4506/4506 4501/4501/4501
f 4505/4505/4505 4501/4501/4501 4497/4497/4497
f 1901/1901/1901 1395/1395/1395 1689/1689/1689
f 1395/1395/1395 1397/1397/1397 1689/1689/1689
f 1689/1689/1689 1397/1397/1397 1688/1688/1688
f 1397/1397/1397 1236/1236/1236 1688/1688/1688
f 1198/1198/1198 820/820/820 1236/1236/1236
f 820/820/820 815/815/815 803/803/803
f 803/803/803 815/815/815 802/802/802
f 827/827/827 831/831/831 1219/1219/1219
f 1219/1219/1219 1230/1230/1230 785/785/785
f 786/786/786 837/837/837 771/771/771
f 771/771/771 837/837/837 838/838/838
f 4512/4512/4512 4505/4505/4505 4499/4499/4499
f 1397/1397/1397 1198/1198/1198 1236/1236/1236
f 826/826/826 825/825/825 827/827/827
f 825/825/825 829/829/829 827/827/827
f 1230/1230/1230 786/786/786 785/785/785
f 881/881/881 903/903/903 906/906/906
f 971/971/971 972/972/972 913/913/913
f 914/914/914 916/916/916 915/915/915
f 916/916/916 973/973/973 917/917/917
f 973/973/973 1087/1087/1087 917/917/917
f 1087/1087/1087 1088/1088/1088 917/917/917
f 1087/1087/1087 954/954/954 1088/1088/1088
f 954/954/954 1089/1089/1089 1088/1088/1088
f 954/954/954 953/953/953 1089/1089/1089
f 950/950/950 944/944/944 943/943/943
f 944/944/944 945/945/945 942/942/942
f 945/945/945 946/946/946 942/942/942
f 4508/4508/4508 4507/4507/4507 4505/4505/4505
f 4508/4508/4508 4505/4505/4505 4512/4512/4512
f 4505/4505/4505 4507/4507/4507 4506/4506/4506
f 4509/4509/4509 4507/4507/4507 4508/4508/4508
f 802/802/802 826/826/826 801/801/801
f 829/829/829 831/831/831 827/827/827
f 837/837/837 881/881/881 838/838/838
f 972/972/972 916/916/916 914/914/914
f 946/946/946 1378/1378/1378 1379/1379/1379
f 4508/4508/4508 4510/4510/4510 4509/4509/4509
f 140/140/140 139/139/139 141/141/141
f 1846/1846/1846 1395/1395/1395 1847/1847/1847
f 145/145/145 143/143/143 144/144/144
f 823/823/823 825/825/825 826/826/826
f 831/831/831 832/832/832 1219/1219/1219
f 832/832/832 1230/1230/1230 1219/1219/1219
f 837/837/837 880/880/880 881/881/881
f 904/904/904 971/971/971 905/905/905
f 1086/1086/1086 954/954/954 1087/1087/1087
f 946/946/946 1281/1281/1281 1378/1378/1378
f 1281/1281/1281 1810/1810/1810 1378/1378/1378
f 4512/4512/4512 4511/4511/4511 4508/4508/4508
f 4511/4511/4511 4510/4510/4510 4508/4508/4508
f 816/816/816 802/802/802 815/815/815
f 802/802/802 823/823/823 826/826/826
f 881/881/881 900/900/900 903/903/903
f 903/903/903 904/904/904 905/905/905
f 952/952/952 953/953/953 954/954/954
f 952/952/952 950/950/950 953/953/953
f 4514/4514/4514 4513/4513/4513 4512/4512/4512
f 4513/4513/4513 4511/4511/4511 4512/4512/4512
f 4516/4516/4516 4511/4511/4511 4513/4513/4513
f 1846/1846/1846 1398/1398/1398 1395/1395/1395
f 1398/1398/1398 1396/1396/1396 1395/1395/1395
f 1395/1395/1395 1396/1396/1396 1397/1397/1397
f 1197/1197/1197 819/819/819 1198/1198/1198
f 819/819/819 820/820/820 1198/1198/1198
f 819/819/819 815/815/815 820/820/820
f 816/816/816 823/823/823 802/802/802
f 824/824/824 829/829/829 825/825/825
f 900/900/900 902/902/902 903/903/903
f 969/969/969 916/916/916 972/972/972
f 973/973/973 1086/1086/1086 1087/1087/1087
f 952/952/952 951/951/951 950/950/950
f 944/944/944 947/947/947 945/945/945
f 947/947/947 948/948/948 945/945/945
f 948/948/948 1281/1281/1281 945/945/945
f 945/945/945 1281/1281/1281 946/946/946
f 150/150/150 143/143/143 145/145/145
f 4119/4119/4119 3868/3868/3868 4227/4227/4227
f 1396/1396/1396 1197/1197/1197 1397/1397/1397
f 1397/1397/1397 1197/1197/1197 1198/1198/1198
f 818/818/818 817/817/817 815/815/815
f 817/817/817 816/816/816 815/815/815
f 823/823/823 824/824/824 825/825/825
f 786/786/786 836/836/836 837/837/837
f 902/902/902 904/904/904 903/903/903
f 971/971/971 969/969/969 972/972/972
f 969/969/969 973/973/973 916/916/916
f 949/949/949 944/944/944 950/950/950
f 1426/1426/1426 1281/1281/1281 948/948/948
f 1426/1426/1426 1810/1810/1810 1281/1281/1281
f 4517/4517/4517 4515/4515/4515 4514/4514/4514
f 4514/4514/4514 4515/4515/4515 4513/4513/4513
f 4515/4515/4515 4516/4516/4516 4513/4513/4513
f 4518/4518/4518 4515/4515/4515 4517/4517/4517
f 819/819/819 818/818/818 815/815/815
f 829/829/829 830/830/830 831/831/831
f 832/832/832 786/786/786 1230/1230/1230
f 951/951/951 949/949/949 950/950/950
f 1305/1305/1305 1426/1426/1426 948/948/948
f 4521/4521/4521 4520/4520/4520 4514/4514/4514
f 4520/4520/4520 4519/4519/4519 4517/4517/4517
f 4520/4520/4520 4517/4517/4517 4514/4514/4514
f 4517/4517/4517 4519/4519/4519 4518/4518/4518
f 1398/1398/1398 1399/1399/1399 1396/1396/1396
f 822/822/822 823/823/823 816/816/816
f 823/823/823 822/822/822 824/824/824
f 824/824/824 830/830/830 829/829/829
f 832/832/832 835/835/835 786/786/786
f 835/835/835 836/836/836 786/786/786
f 836/836/836 880/880/880 837/837/837
f 880/880/880 900/900/900 881/881/881
f 904/904/904 969/969/969 971/971/971
f 969/969/969 966/966/966 973/973/973
f 973/973/973 963/963/963 1086/1086/1086
f 963/963/963 955/955/955 954/954/954
f 954/954/954 955/955/955 952/952/952
f 949/949/949 947/947/947 944/944/944
f 4531/4531/4531 4519/4519/4519 4520/4520/4520
f 1196/1196/1196 818/818/818 819/819/819
f 830/830/830 832/832/832 831/831/831
f 974/974/974 970/970/970 904/904/904
f 904/904/904 970/970/970 969/969/969
f 973/973/973 966/966/966 963/963/963
f 1086/1086/1086 963/963/963 954/954/954
f 4521/4521/4521 4522/4522/4522 4520/4520/4520
f 1396/1396/1396 1199/1199/1199 1197/1197/1197
f 1197/1197/1197 1196/1196/1196 819/819/819
f 1194/1194/1194 817/817/817 818/818/818
f 817/817/817 821/821/821 816/816/816
f 1305/1305/1305 1854/1854/1854 1426/1426/1426
f 4523/4523/4523 4522/4522/4522 4521/4521/4521
f 4520/4520/4520 4522/4522/4522 4531/4531/4531
f 137/137/137 139/139/139 140/140/140
f 1194/1194/1194 821/821/821 817/817/817
f 821/821/821 822/822/822 816/816/816
f 822/822/822 1216/1216/1216 824/824/824
f 956/956/956 951/951/951 952/952/952
f 947/947/947 1305/1305/1305 948/948/948
f 1744/1744/1744 1854/1854/1854 1305/1305/1305
f 4523/4523/4523 4524/4524/4524 4522/4522/4522
f 4524/4524/4524 4528/4528/4528 4522/4522/4522
f 4522/4522/4522 4528/4528/4528 4529/4529/4529
f 137/137/137 138/138/138 139/139/139
f 1845/1845/1845 1400/1400/1400 1398/1398/1398
f 1845/1845/1845 1398/1398/1398 1846/1846/1846
f 1400/1400/1400 1399/1399/1399 1398/1398/1398
f 1399/1399/1399 1199/1199/1199 1396/1396/1396
f 847/847/847 1216/1216/1216 822/822/822
f 830/830/830 833/833/833 832/832/832
f 835/835/835 839/839/839 836/836/836
f 839/839/839 880/880/880 836/836/836
f 899/899/899 900/900/900 880/880/880
f 900/900/900 896/896/896 902/902/902
f 902/902/902 896/896/896 904/904/904
f 896/896/896 974/974/974 904/904/904
f 949/949/949 1033/1033/1033 947/947/947
f 1306/1306/1306 1305/1305/1305 947/947/947
f 1306/1306/1306 1744/1744/1744 1305/1305/1305
f 4526/4526/4526 4525/4525/4525 4523/4523/4523
f 4525/4525/4525 4524/4524/4524 4523/4523/4523
f 4525/4525/4525 4528/4528/4528 4524/4524/4524
f 1199/1199/1199 1196/1196/1196 1197/1197/1197
f 1193/1193/1193 821/821/821 1194/1194/1194
f 833/833/833 834/834/834 832/832/832
f 834/834/834 835/835/835 832/832/832
f 879/879/879 899/899/899 880/880/880
f 897/897/897 896/896/896 900/900/900
f 955/955/955 956/956/956 952/952/952
f 1033/1033/1033 1306/1306/1306 947/947/947
f 4532/4532/4532 4533/4533/4533 4534/4534/4534
f 849/849/849 847/847/847 821/821/821
f 821/821/821 847/847/847 822/822/822
f 1216/1216/1216 830/830/830 824/824/824
f 899/899/899 897/897/897 900/900/900
f 966/966/966 964/964/964 963/963/963
f 951/951/951 1031/1031/1031 949/949/949
f 1743/1743/1743 1744/1744/1744 1306/1306/1306
f 818/818/818 1195/1195/1195 1194/1194/1194
f 839/839/839 879/879/879 880/880/880
f 896/896/896 970/970/970 974/974/974
f 975/975/975 968/968/968 970/970/970
f 970/970/970 968/968/968 969/969/969
f 968/968/968 966/966/966 969/969/969
f 965/965/965 964/964/964 966/966/966
f 963/963/963 961/961/961 955/955/955
f 961/961/961 957/957/957 955/955/955
f 955/955/955 957/957/957 956/956/956
f 1031/1031/1031 1033/1033/1033 949/949/949
f 1743/1743/1743 1899/1899/1899 1744/1744/1744
f 4526/4526/4526 4527/4527/4527 4525/4525/4525
f 2149/2149/2149 2150/2150/2150 2151/2151/2151
f 137/137/137 136/136/136 138/138/138
f 1855/1855/1855 1400/1400/1400 1845/1845/1845
f 1200/1200/1200 1199/1199/1199 1399/1399/1399
f 1194/1194/1194 1195/1195/1195 1193/1193/1193
f 1193/1193/1193 849/849/849 821/821/821
f 847/847/847 845/845/845 1216/1216/1216
f 1216/1216/1216 845/845/845 830/830/830
f 845/845/845 843/843/843 830/830/830
f 843/843/843 833/833/833 830/830/830
f 878/878/878 879/879/879 839/839/839
f 879/879/879 882/882/882 899/899/899
f 956/956/956 1031/1031/1031 951/951/951
f 1844/1844/1844 1899/1899/1899 1743/1743/1743
f 2149/2149/2149 2153/2153/2153 2150/2150/2150
f 133/133/133 130/130/130 137/137/137
f 133/133/133 137/137/137 148/148/148
f 130/130/130 136/136/136 137/137/137
f 1400/1400/1400 1394/1394/1394 1399/1399/1399
f 1394/1394/1394 1200/1200/1200 1399/1399/1399
f 1196/1196/1196 1195/1195/1195 818/818/818
f 848/848/848 847/847/847 849/849/849
f 878/878/878 882/882/882 879/879/879
f 882/882/882 901/901/901 899/899/899
f 896/896/896 975/975/975 970/970/970
f 1496/1496/1496 1306/1306/1306 1033/1033/1033
f 1496/1496/1496 1743/1743/1743 1306/1306/1306
f 1743/1743/1743 1787/1787/1787 1844/1844/1844
f 1844/1844/1844 1793/1793/1793 1899/1899/1899
f 2152/2152/2152 2153/2153/2153 2149/2149/2149
f 1855/1855/1855 1394/1394/1394 1400/1400/1400
f 1199/1199/1199 851/851/851 1196/1196/1196
f 851/851/851 1195/1195/1195 1196/1196/1196
f 1195/1195/1195 849/849/849 1193/1193/1193
f 833/833/833 841/841/841 834/834/834
f 834/834/834 840/840/840 835/835/835
f 840/840/840 839/839/839 835/835/835
f 962/962/962 963/963/963 964/964/964
f 958/958/958 956/956/956 957/957/957
f 958/958/958 1027/1027/1027 956/956/956
f 1496/1496/1496 1786/1786/1786 1743/1743/1743
f 1786/1786/1786 1787/1787/1787 1743/1743/1743
f 1787/1787/1787 1793/1793/1793 1844/1844/1844
f 2152/2152/2152 2154/2154/2154 2153/2153/2153
f 851/851/851 849/849/849 1195/1195/1195
f 848/848/848 846/846/846 847/847/847
f 846/846/846 845/845/845 847/847/847
f 840/840/840 878/878/878 839/839/839
f 899/899/899 898/898/898 897/897/897
f 895/895/895 896/896/896 897/897/897
f 895/895/895 894/894/894 896/896/896
f 962/962/962 961/961/961 963/963/963
f 1032/1032/1032 1033/1033/1033 1031/1031/1031
f 1787/1787/1787 1791/1791/1791 1793/1793/1793
f 2155/2155/2155 2154/2154/2154 2152/2152/2152
f 3975/3975/3975 3808/3808/3808 3811/3811/3811
f 1200/1200/1200 851/851/851 1199/1199/1199
f 843/843/843 841/841/841 833/833/833
f 901/901/901 898/898/898 899/899/899
f 894/894/894 975/975/975 896/896/896
f 965/965/965 962/962/962 964/964/964
f 1027/1027/1027 1031/1031/1031 956/956/956
f 1032/1032/1032 1298/1298/1298 1033/1033/1033
f 1298/1298/1298 1496/1496/1496 1033/1033/1033
f 1786/1786/1786 1785/1785/1785 1787/1787/1787
f 1791/1791/1791 2111/2111/2111 2112/2112/2112
f 4253/4253/4253 3808/3808/3808 3975/3975/3975
f 130/130/130 135/135/135 136/136/136
f 1797/1797/1797 1394/1394/1394 1855/1855/1855
f 882/882/882 884/884/884 901/901/901
f 898/898/898 895/895/895 897/897/897
f 894/894/894 893/893/893 975/975/975
f 893/893/893 976/976/976 975/975/975
f 976/976/976 968/968/968 975/975/975
f 976/976/976 967/967/967 968/968/968
f 968/968/968 967/967/967 966/966/966
f 967/967/967 965/965/965 966/966/966
f 1787/1787/1787 1790/1790/1790 1791/1791/1791
f 1790/1790/1790 1792/1792/1792 1791/1791/1791
f 1797/1797/1797 1393/1393/1393 1394/1394/1394
f 1393/1393/1393 1392/1392/1392 1394/1394/1394
f 1394/1394/1394 1392/1392/1392 1200/1200/1200
f 1200/1200/1200 853/853/853 851/851/851
f 841/841/841 840/840/840 834/834/834
f 962/962/962 960/960/960 961/961/961
f 960/960/960 957/957/957 961/961/961
f 959/959/959 958/958/958 957/957/957
f 1027/1027/1027 1030/1030/1030 1031/1031/1031
f 1030/1030/1030 1032/1032/1032 1031/1031/1031
f 1700/1700/1700 1786/1786/1786 1496/1496/1496
f 1700/1700/1700 1785/1785/1785 1786/1786/1786
f 1785/1785/1785 1790/1790/1790 1787/1787/1787
f 1790/1790/1790 2092/2092/2092 1792/1792/1792
f 2359/2359/2359 2356/2356/2356 2358/2358/2358
f 4258/4258/4258 3810/3810/3810 3809/3809/3809
f 2356/2356/2356 2357/2357/2357 2358/2358/2358
f 1392/1392/1392 1201/1201/1201 1200/1200/1200
f 1201/1201/1201 853/853/853 1200/1200/1200
f 846/846/846 844/844/844 845/845/845
f 844/844/844 843/843/843 845/845/845
f 842/842/842 840/840/840 841/841/841
f 982/982/982 962/962/962 965/965/965
f 960/960/960 959/959/959 957/957/957
f 1298/1298/1298 1700/1700/1700 1496/1496/1496
f 1700/1700/1700 1784/1784/1784 1785/1785/1785
f 1784/1784/1784 1790/1790/1790 1785/1785/1785
f 132/132/132 135/135/135 130/130/130
f 850/850/850 848/848/848 849/849/849
f 848/848/848 866/866/866 846/846/846
f 888/888/888 895/895/895 898/898/898
f 1030/1030/1030 1034/1034/1034 1032/1032/1032
f 1032/1032/1032 1034/1034/1034 1298/1298/1298
f 1784/1784/1784 1814/1814/1814 1790/1790/1790
f 4293/4293/4293 4292/4292/4292 4295/4295/4295
f 4233/4233/4233 3810/3810/3810 4258/4258/4258
f 132/132/132 142/142/142 135/135/135
f 1796/1796/1796 1393/1393/1393 1797/1797/1797
f 1393/1393/1393 1203/1203/1203 1392/1392/1392
f 851/851/851 850/850/850 849/849/849
f 844/844/844 842/842/842 843/843/843
f 842/842/842 841/841/841 843/843/843
f 842/842/842 872/872/872 840/840/840
f 840/840/840 877/877/877 878/878/878
f 884/884/884 898/898/898 901/901/901
f 891/891/891 893/893/893 894/894/894
f 982/982/982 1016/1016/1016 962/962/962
f 1017/1017/1017 960/960/960 962/962/962
f 1034/1034/1034 1700/1700/1700 1298/1298/1298
f 1781/1781/1781 1788/1788/1788 1784/1784/1784
f 1784/1784/1784 1788/1788/1788 1814/1814/1814
f 1788/1788/1788 1815/1815/1815 1814/1814/1814
f 4291/4291/4291 4292/4292/4292 4293/4293/4293
f 4233/4233/4233 3812/3812/3812 3810/3810/3810
f 1796/1796/1796 1686/1686/1686 1393/1393/1393
f 1686/1686/1686 1204/1204/1204 1203/1203/1203
f 1686/1686/1686 1203/1203/1203 1393/1393/1393
f 853/853/853 852/852/852 851/851/851
f 852/852/852 850/850/850 851/851/851
f 866/866/866 844/844/844 846/846/846
f 872/872/872 877/877/877 840/840/840
f 878/878/878 877/877/877 882/882/882
f 884/884/884 888/888/888 898/898/898
f 891/891/891 892/892/892 893/893/893
f 967/967/967 982/982/982 965/965/965
f 959/959/959 1022/1022/1022 958/958/958
f 1022/1022/1022 1026/1026/1026 958/958/958
f 1026/1026/1026 1027/1027/1027 958/958/958
f 1034/1034/1034 1735/1735/1735 1700/1700/1700
f 1735/1735/1735 1781/1781/1781 1700/1700/1700
f 1700/1700/1700 1781/1781/1781 1784/1784/1784
f 1788/1788/1788 1816/1816/1816 1815/1815/1815
f 164/164/164 166/166/166 167/167/167
f 1204/1204/1204 1202/1202/1202 1203/1203/1203
f 1202/1202/1202 1201/1201/1201 1203/1203/1203
f 852/852/852 856/856/856 850/850/850
f 850/850/850 857/857/857 848/848/848
f 857/857/857 865/865/865 848/848/848
f 865/865/865 866/866/866 848/848/848
f 976/976/976 983/983/983 967/967/967
f 1016/1016/1016 1017/1017/1017 962/962/962
f 1026/1026/1026 1028/1028/1028 1027/1027/1027
f 1029/1029/1029 1030/1030/1030 1027/1027/1027
f 1034/1034/1034 1036/1036/1036 1735/1735/1735
f 1781/1781/1781 1782/1782/1782 1788/1788/1788
f 4294/4294/4294 4296/4296/4296 4292/4292/4292
f 4294/4294/4294 4292/4292/4292 4291/4291/4291
f 4232/4232/4232 3252/3252/3252 3813/3813/3813
f 4232/4232/4232 3813/3813/3813 4233/4233/4233
f 164/164/164 163/163/163 166/166/166
f 1795/1795/1795 1686/1686/1686 1796/1796/1796
f 1202/1202/1202 853/853/853 1201/1201/1201
f 882/882/882 883/883/883 884/884/884
f 895/895/895 891/891/891 894/894/894
f 893/893/893 977/977/977 976/976/976
f 1021/1021/1021 959/959/959 960/960/960
f 1028/1028/1028 1029/1029/1029 1027/1027/1027
f 1029/1029/1029 1038/1038/1038 1030/1030/1030
f 1036/1036/1036 1684/1684/1684 1735/1735/1735
f 1684/1684/1684 1782/1782/1782 1735/1735/1735
f 1735/1735/1735 1782/1782/1782 1781/1781/1781
f 1782/1782/1782 1789/1789/1789 1788/1788/1788
f 1788/1788/1788 1789/1789/1789 1816/1816/1816
f 1789/1789/1789 1967/1967/1967 1816/1816/1816
f 1795/1795/1795 1794/1794/1794 1686/1686/1686
f 1794/1794/1794 1204/1204/1204 1686/1686/1686
f 856/856/856 857/857/857 850/850/850
f 844/844/844 868/868/868 842/842/842
f 868/868/868 871/871/871 842/842/842
f 871/871/871 872/872/872 842/842/842
f 877/877/877 876/876/876 882/882/882
f 876/876/876 883/883/883 882/882/882
f 1038/1038/1038 1035/1035/1035 1030/1030/1030
f 1030/1030/1030 1035/1035/1035 1034/1034/1034
f 1789/1789/1789 1968/1968/1968 1967/1967/1967
f 1968/1968/1968 2037/2037/2037 1967/1967/1967
f 4273/4273/4273 3898/3898/3898 4232/4232/4232
f 162/162/162 161/161/161 163/163/163
f 1205/1205/1205 1202/1202/1202 1204/1204/1204
f 1202/1202/1202 854/854/854 853/853/853
f 854/854/854 852/852/852 853/853/853
f 884/884/884 883/883/883 888/888/888
f 887/887/887 895/895/895 888/888/888
f 978/978/978 983/983/983 976/976/976
f 983/983/983 982/982/982 967/967/967
f 1015/1015/1015 1016/1016/1016 982/982/982
f 1034/1034/1034 1035/1035/1035 1036/1036/1036
f 1684/1684/1684 1783/1783/1783 1782/1782/1782
f 1782/1782/1782 1783/1783/1783 1789/1789/1789
f 1783/1783/1783 1968/1968/1968 1789/1789/1789
f 1794/1794/1794 1205/1205/1205 1204/1204/1204
f 855/855/855 857/857/857 856/856/856
f 867/867/867 868/868/868 844/844/844
f 871/871/871 876/876/876 872/872/872
f 872/872/872 876/876/876 877/877/877
f 883/883/883 887/887/887 888/888/888
f 887/887/887 891/891/891 895/895/895
f 892/892/892 977/977/977 893/893/893
f 1017/1017/1017 1021/1021/1021 960/960/960
f 1681/1681/1681 1989/1989/1989 1783/1783/1783
f 1783/1783/1783 1989/1989/1989 1968/1968/1968
f 1968/1968/1968 1989/1989/1989 2037/2037/2037
f 2185/2185/2185 2184/2184/2184 2186/2186/2186
f 159/159/159 160/160/160 161/161/161
f 159/159/159 161/161/161 162/162/162
f 1894/1894/1894 1825/1825/1825 1794/1794/1794
f 1825/1825/1825 1214/1214/1214 1205/1205/1205
f 1825/1825/1825 1205/1205/1205 1794/1794/1794
f 854/854/854 855/855/855 852/852/852
f 852/852/852 855/855/855 856/856/856
f 866/866/866 867/867/867 844/844/844
f 870/870/870 871/871/871 868/868/868
f 982/982/982 981/981/981 1015/1015/1015
f 1035/1035/1035 1037/1037/1037 1036/1036/1036
f 1036/1036/1036 1037/1037/1037 1684/1684/1684
f 1037/1037/1037 1681/1681/1681 1684/1684/1684
f 1681/1681/1681 1783/1783/1783 1684/1684/1684
f 857/857/857 864/864/864 865/865/865
f 869/869/869 870/870/870 868/868/868
f 1017/1017/1017 1020/1020/1020 1021/1021/1021
f 1021/1021/1021 1020/1020/1020 959/959/959
f 1020/1020/1020 1022/1022/1022 959/959/959
f 1022/1022/1022 1025/1025/1025 1026/1026/1026
f 1029/1029/1029 1040/1040/1040 1038/1038/1038
f 1681/1681/1681 1988/1988/1988 1989/1989/1989
f 2234/2234/2234 2233/2233/2233 2235/2235/2235
f 2183/2183/2183 2187/2187/2187 2184/2184/2184
f 2183/2183/2183 2184/2184/2184 2185/2185/2185
f 883/883/883 886/886/886 887/887/887
f 890/890/890 891/891/891 887/887/887
f 977/977/977 978/978/978 976/976/976
f 1016/1016/1016 1015/1015/1015 1017/1017/1017
f 1026/1026/1026 1025/1025/1025 1028/1028/1028
f 1028/1028/1028 1025/1025/1025 1029/1029/1029
f 1037/1037/1037 1077/1077/1077 1681/1681/1681
f 2234/2234/2234 2226/2226/2226 2233/2233/2233
f 2226/2226/2226 2232/2232/2232 2233/2233/2233
f 297/297/297 1825/1825/1825 1894/1894/1894
f 1214/1214/1214 1206/1206/1206 1205/1205/1205
f 1205/1205/1205 1206/1206/1206 1202/1202/1202
f 1202/1202/1202 860/860/860 854/854/854
f 865/865/865 867/867/867 866/866/866
f 867/867/867 869/869/869 868/868/868
f 1680/1680/1680 1817/1817/1817 1681/1681/1681
f 1817/1817/1817 1988/1988/1988 1681/1681/1681
f 2236/2236/2236 2226/2226/2226 2234/2234/2234
f 2226/2226/2226 2223/2223/2223 2232/2232/2232
f 297/297/297 296/296/296 1825/1825/1825
f 296/296/296 1827/1827/1827 1214/1214/1214
f 296/296/296 1214/1214/1214 1825/1825/1825
f 860/860/860 855/855/855 854/854/854
f 858/858/858 857/857/857 855/855/855
f 858/858/858 864/864/864 857/857/857
f 864/864/864 1093/1093/1093 865/865/865
f 1093/1093/1093 867/867/867 865/865/865
f 873/873/873 871/871/871 870/870/870
f 875/875/875 885/885/885 876/876/876
f 885/885/885 883/883/883 876/876/876
f 885/885/885 886/886/886 883/883/883
f 891/891/891 890/890/890 892/892/892
f 978/978/978 981/981/981 982/982/982
f 978/978/978 982/982/982 983/983/983
f 1038/1038/1038 1037/1037/1037 1035/1035/1035
f 1077/1077/1077 1680/1680/1680 1681/1681/1681
f 2237/2237/2237 2236/2236/2236 2234/2234/2234
f 2236/2236/2236 2227/2227/2227 2226/2226/2226
f 2227/2227/2227 2224/2224/2224 2226/2226/2226
f 1206/1206/1206 860/860/860 1202/1202/1202
f 873/873/873 874/874/874 871/871/871
f 871/871/871 875/875/875 876/876/876
f 890/890/890 979/979/979 892/892/892
f 892/892/892 979/979/979 977/977/977
f 1018/1018/1018 1017/1017/1017 1015/1015/1015
f 1017/1017/1017 1019/1019/1019 1020/1020/1020
f 1025/1025/1025 1040/1040/1040 1029/1029/1029
f 1077/1077/1077 1682/1682/1682 1680/1680/1680
f 2227/2227/2227 2222/2222/2222 2224/2224/2224
f 2222/2222/2222 2223/2223/2223 2224/2224/2224
f 294/294/294 293/293/293 296/296/296
f 294/294/294 296/296/296 297/297/297
f 293/293/293 1827/1827/1827 296/296/296
f 1827/1827/1827 1215/1215/1215 1214/1214/1214
f 1215/1215/1215 1206/1206/1206 1214/1214/1214
f 860/860/860 859/859/859 855/855/855
f 859/859/859 858/858/858 855/855/855
f 889/889/889 890/890/890 887/887/887
f 1019/1019/1019 1023/1023/1023 1020/1020/1020
f 1040/1040/1040 1039/1039/1039 1038/1038/1038
f 1038/1038/1038 1039/1039/1039 1037/1037/1037
f 1682/1682/1682 1772/1772/1772 1817/1817/1817
f 1682/1682/1682 1817/1817/1817 1680/1680/1680
f 2238/2238/2238 2236/2236/2236 2237/2237/2237
f 2222/2222/2222 2225/2225/2225 2223/2223/2223
f 1207/1207/1207 1208/1208/1208 860/860/860
f 1207/1207/1207 860/860/860 1206/1206/1206
f 867/867/867 873/873/873 869/869/869
f 873/873/873 870/870/870 869/869/869
f 874/874/874 875/875/875 871/871/871
f 886/886/886 889/889/889 887/887/887
f 979/979/979 978/978/978 977/977/977
f 980/980/980 981/981/981 978/978/978
f 1023/1023/1023 1024/1024/1024 1022/1022/1022
f 1022/1022/1022 1024/1024/1024 1025/1025/1025
f 293/293/293 292/292/292 1827/1827/1827
f 292/292/292 1215/1215/1215 1827/1827/1827
f 3159/3159/3159 3855/3855/3855 4184/4184/4184
f 858/858/858 1093/1093/1093 864/864/864
f 1001/1001/1001 1000/1000/1000 875/875/875
f 1000/1000/1000 885/885/885 875/875/875
f 1014/1014/1014 1018/1018/1018 1015/1015/1015
f 1018/1018/1018 1019/1019/1019 1017/1017/1017
f 1023/1023/1023 1022/1022/1022 1020/1020/1020
f 1039/1039/1039 1077/1077/1077 1037/1037/1037
f 2238/2238/2238 2239/2239/2239 2236/2236/2236
f 2239/2239/2239 2240/2240/2240 2236/2236/2236
f 861/861/861 859/859/859 860/860/860
f 867/867/867 1092/1092/1092 873/873/873
f 885/885/885 1000/1000/1000 886/886/886
f 994/994/994 979/979/979 890/890/890
f 2240/2240/2240 2266/2266/2266 2222/2222/2222
f 291/291/291 292/292/292 293/293/293
f 860/860/860 1208/1208/1208 861/861/861
f 859/859/859 862/862/862 858/858/858
f 1091/1091/1091 874/874/874 873/873/873
f 874/874/874 1001/1001/1001 875/875/875
f 1000/1000/1000 998/998/998 886/886/886
f 998/998/998 889/889/889 886/886/886
f 889/889/889 994/994/994 890/890/890
f 979/979/979 980/980/980 978/978/978
f 1024/1024/1024 1043/1043/1043 1025/1025/1025
f 1041/1041/1041 1040/1040/1040 1025/1025/1025
f 1039/1039/1039 1076/1076/1076 1077/1077/1077
f 2240/2240/2240 2246/2246/2246 2266/2266/2266
f 2158/2158/2158 2157/2157/2157 2159/2159/2159
f 1215/1215/1215 1279/1279/1279 1206/1206/1206
f 1279/1279/1279 1207/1207/1207 1206/1206/1206
f 1093/1093/1093 1092/1092/1092 867/867/867
f 1091/1091/1091 1004/1004/1004 874/874/874
f 995/995/995 994/994/994 889/889/889
f 981/981/981 1014/1014/1014 1015/1015/1015
f 1043/1043/1043 1042/1042/1042 1025/1025/1025
f 1041/1041/1041 1039/1039/1039 1040/1040/1040
f 1076/1076/1076 1682/1682/1682 1077/1077/1077
f 1682/1682/1682 1683/1683/1683 1772/1772/1772
f 998/998/998 995/995/995 889/889/889
f 979/979/979 985/985/985 980/980/980
f 984/984/984 981/981/981 980/980/980
f 1042/1042/1042 1041/1041/1041 1025/1025/1025
f 1076/1076/1076 1683/1683/1683 1682/1682/1682
f 1683/1683/1683 1771/1771/1771 1772/1772/1772
f 2241/2241/2241 2239/2239/2239 2238/2238/2238
f 298/298/298 1685/1685/1685 1215/1215/1215
f 298/298/298 1215/1215/1215 292/292/292
f 1685/1685/1685 1279/1279/1279 1215/1215/1215
f 861/861/861 862/862/862 859/859/859
f 1192/1192/1192 1191/1191/1191 858/858/858
f 1191/1191/1191 1093/1093/1093 858/858/858
f 1092/1092/1092 1091/1091/1091 873/873/873
f 1004/1004/1004 1003/1003/1003 874/874/874
f 995/995/995 993/993/993 994/994/994
f 985/985/985 984/984/984 980/980/980
f 1023/1023/1023 1053/1053/1053 1024/1024/1024
f 1053/1053/1053 1043/1043/1043 1024/1024/1024
f 1041/1041/1041 1073/1073/1073 1039/1039/1039
f 2241/2241/2241 2242/2242/2242 2239/2239/2239
f 1209/1209/1209 1208/1208/1208 1207/1207/1207
f 1209/1209/1209 861/861/861 1208/1208/1208
f 862/862/862 1192/1192/1192 858/858/858
f 1093/1093/1093 1094/1094/1094 1092/1092/1092
f 1003/1003/1003 1001/1001/1001 874/874/874
f 990/990/990 979/979/979 994/994/994
f 990/990/990 985/985/985 979/979/979
f 1073/1073/1073 1076/1076/1076 1039/1039/1039
f 861/861/861 863/863/863 862/862/862
f 1092/1092/1092 1098/1098/1098 1091/1091/1091
f 998/998/998 993/993/993 995/995/995
f 993/993/993 991/991/991 994/994/994
f 991/991/991 990/990/990 994/994/994
f 984/984/984 1014/1014/1014 981/981/981
f 1051/1051/1051 1053/1053/1053 1023/1023/1023
f 1051/1051/1051 1023/1023/1023 1019/1019/1019
f 1072/1072/1072 1073/1073/1073 1041/1041/1041
f 2239/2239/2239 2245/2245/2245 2240/2240/2240
f 2245/2245/2245 2246/2246/2246 2240/2240/2240
f 1191/1191/1191 1130/1130/1130 1093/1093/1093
f 1014/1014/1014 1052/1052/1052 1018/1018/1018
f 2242/2242/2242 2244/2244/2244 2239/2239/2239
f 2244/2244/2244 2245/2245/2245 2239/2239/2239
f 2245/2245/2245 2264/2264/2264 2246/2246/2246
f 2156/2156/2156 2157/2157/2157 2158/2158/2158
f 1279/1279/1279 1209/1209/1209 1207/1207/1207
f 863/863/863 1192/1192/1192 862/862/862
f 1130/1130/1130 1094/1094/1094 1093/1093/1093
f 1094/1094/1094 1095/1095/1095 1092/1092/1092
f 1095/1095/1095 1096/1096/1096 1092/1092/1092
f 1096/1096/1096 1097/1097/1097 1092/1092/1092
f 1092/1092/1092 1097/1097/1097 1098/1098/1098
f 1685/1685/1685 1278/1278/1278 1279/1279/1279
f 1278/1278/1278 1209/1209/1209 1279/1279/1279
f 1210/1210/1210 861/861/861 1209/1209/1209
f 1210/1210/1210 1211/1211/1211 863/863/863
f 1210/1210/1210 863/863/863 861/861/861
f 1098/1098/1098 1004/1004/1004 1091/1091/1091
f 997/997/997 993/993/993 998/998/998
f 997/997/997 996/996/996 993/993/993
f 1018/1018/1018 1051/1051/1051 1019/1019/1019
f 1072/1072/1072 1071/1071/1071 1073/1073/1073
f 1073/1073/1073 1075/1075/1075 1076/1076/1076
f 1679/1679/1679 1683/1683/1683 1076/1076/1076
f 1679/1679/1679 1771/1771/1771 1683/1683/1683
f 2244/2244/2244 2248/2248/2248 2245/2245/2245
f 1826/1826/1826 1685/1685/1685 298/298/298
f 1278/1278/1278 1210/1210/1210 1209/1209/1209
f 1241/1241/1241 1192/1192/1192 863/863/863
f 1192/1192/1192 1130/1130/1130 1191/1191/1191
f 999/999/999 1000/1000/1000 1001/1001/1001
f 1000/1000/1000 999/999/999 998/998/998
f 996/996/996 992/992/992 993/993/993
f 993/993/993 992/992/992 991/991/991
f 985/985/985 986/986/986 984/984/984
f 986/986/986 1014/1014/1014 984/984/984
f 1047/1047/1047 1043/1043/1043 1053/1053/1053
f 1043/1043/1043 1044/1044/1044 1042/1042/1042
f 1044/1044/1044 1041/1041/1041 1042/1042/1042
f 1044/1044/1044 1072/1072/1072 1041/1041/1041
f 2156/2156/2156 2160/2160/2160 2157/2157/2157
f 999/999/999 997/997/997 998/998/998
f 989/989/989 990/990/990 991/991/991
f 989/989/989 985/985/985 990/990/990
f 1052/1052/1052 1013/1013/1013 1018/1018/1018
f 1044/1044/1044 1071/1071/1071 1072/1072/1072
f 1075/1075/1075 1679/1679/1679 1076/1076/1076
f 2243/2243/2243 2242/2242/2242 2241/2241/2241
f 2243/2243/2243 2247/2247/2247 2242/2242/2242
f 2242/2242/2242 2247/2247/2247 2244/2244/2244
f 2247/2247/2247 2248/2248/2248 2244/2244/2244
f 1826/1826/1826 1763/1763/1763 1685/1685/1685
f 1763/1763/1763 1373/1373/1373 1278/1278/1278
f 1763/1763/1763 1278/1278/1278 1685/1685/1685
f 1212/1212/1212 1211/1211/1211 1210/1210/1210
f 1211/1211/1211 1241/1241/1241 863/863/863
f 1130/1130/1130 1129/1129/1129 1094/1094/1094
f 992/992/992 989/989/989 991/991/991
f 989/989/989 988/988/988 985/985/985
f 988/988/988 987/987/987 985/985/985
f 987/987/987 986/986/986 985/985/985
f 1049/1049/1049 1053/1053/1053 1051/1051/1051
f 1071/1071/1071 1074/1074/1074 1073/1073/1073
f 1074/1074/1074 1075/1075/1075 1073/1073/1073
f 1679/1679/1679 1770/1770/1770 1771/1771/1771
f 2248/2248/2248 2268/2268/2268 2245/2245/2245
f 2268/2268/2268 2267/2267/2267 2245/2245/2245
f 2245/2245/2245 2267/2267/2267 2264/2264/2264
f 3917/3917/3917 3924/3924/3924 4283/4283/4283
f 1373/1373/1373 1371/1371/1371 1278/1278/1278
f 1241/1241/1241 1128/1128/1128 1192/1192/1192
f 1128/1128/1128 1130/1130/1130 1192/1192/1192
f 1128/1128/1128 1129/1129/1129 1130/1130/1130
f 1127/1127/1127 1095/1095/1095 1094/1094/1094
f 1097/1097/1097 1005/1005/1005 1098/1098/1098
f 1005/1005/1005 1004/1004/1004 1098/1098/1098
f 1003/1003/1003 1002/1002/1002 1001/1001/1001
f 1002/1002/1002 999/999/999 1001/1001/1001
f 1013/1013/1013 1051/1051/1051 1018/1018/1018
f 1049/1049/1049 1047/1047/1047 1053/1053/1053
f 2254/2254/2254 2249/2249/2249 2243/2243/2243
f 2249/2249/2249 2247/2247/2247 2243/2243/2243
f 1826/1826/1826 1843/1843/1843 1763/1763/1763
f 1843/1843/1843 1692/1692/1692 1373/1373/1373
f 1843/1843/1843 1373/1373/1373 1763/1763/1763
f 1373/1373/1373 1692/1692/1692 1371/1371/1371
f 1278/1278/1278 1371/1371/1371 1210/1210/1210
f 1213/1213/1213 1212/1212/1212 1210/1210/1210
f 1212/1212/1212 1241/1241/1241 1211/1211/1211
f 1129/1129/1129 1127/1127/1127 1094/1094/1094
f 1005/1005/1005 1003/1003/1003 1004/1004/1004
f 1005/1005/1005 1002/1002/1002 1003/1003/1003
f 986/986/986 1013/1013/1013 1014/1014/1014
f 1013/1013/1013 1052/1052/1052 1014/1014/1014
f 1013/1013/1013 1049/1049/1049 1051/1051/1051
f 2130/2130/2130 1980/1980/1980 1826/1826/1826
f 1980/1980/1980 1843/1843/1843 1826/1826/1826
f 1692/1692/1692 1372/1372/1372 1371/1371/1371
f 1372/1372/1372 1210/1210/1210 1371/1371/1371
f 1243/1243/1243 1241/1241/1241 1212/1212/1212
f 1243/1243/1243 1242/1242/1242 1241/1241/1241
f 1096/1096/1096 1005/1005/1005 1097/1097/1097
f 1006/1006/1006 997/997/997 999/999/999
f 1006/1006/1006 1007/1007/1007 997/997/997
f 997/997/997 1007/1007/1007 996/996/996
f 1007/1007/1007 992/992/992 996/996/996
f 987/987/987 1009/1009/1009 986/986/986
f 1009/1009/1009 1011/1011/1011 986/986/986
f 986/986/986 1011/1011/1011 1013/1013/1013
f 1046/1046/1046 1043/1043/1043 1047/1047/1047
f 1045/1045/1045 1044/1044/1044 1043/1043/1043
f 1075/1075/1075 1385/1385/1385 1679/1679/1679
f 1385/1385/1385 1952/1952/1952 1770/1770/1770
f 1385/1385/1385 1770/1770/1770 1679/1679/1679
f 2248/2248/2248 2270/2270/2270 2268/2268/2268
f 4283/4283/4283 3920/3920/3920 3917/3917/3917
f 1980/1980/1980 1981/1981/1981 1843/1843/1843
f 1981/1981/1981 1884/1884/1884 1843/1843/1843
f 1843/1843/1843 1884/1884/1884 1692/1692/1692
f 1372/1372/1372 1213/1213/1213 1210/1210/1210
f 1213/1213/1213 1244/1244/1244 1212/1212/1212
f 1241/1241/1241 1242/1242/1242 1128/1128/1128
f 1128/1128/1128 1127/1127/1127 1129/1129/1129
f 1238/1238/1238 1002/1002/1002 1005/1005/1005
f 1002/1002/1002 1248/1248/1248 999/999/999
f 1248/1248/1248 1006/1006/1006 999/999/999
f 992/992/992 1008/1008/1008 989/989/989
f 1046/1046/1046 1045/1045/1045 1043/1043/1043
f 1070/1070/1070 1074/1074/1074 1071/1071/1071
f 1074/1074/1074 1299/1299/1299 1075/1075/1075
f 1299/1299/1299 1385/1385/1385 1075/1075/1075
f 2253/2253/2253 2249/2249/2249 2254/2254/2254
f 2249/2249/2249 2250/2250/2250 2247/2247/2247
f 2250/2250/2250 2248/2248/2248 2247/2247/2247
f 2250/2250/2250 2270/2270/2270 2248/2248/2248
f 4336/4336/4336 4339/4339/4339 4338/4338/4338
f 2131/2131/2131 1980/1980/1980 2130/2130/2130
f 1981/1981/1981 1883/1883/1883 1884/1884/1884
f 1884/1884/1884 1883/1883/1883 1692/1692/1692
f 1883/1883/1883 1768/1768/1768 1692/1692/1692
f 1692/1692/1692 1768/1768/1768 1372/1372/1372
f 1768/1768/1768 1818/1818/1818 1372/1372/1372
f 1818/1818/1818 1401/1401/1401 1372/1372/1372
f 1372/1372/1372 1401/1401/1401 1213/1213/1213
f 1401/1401/1401 1245/1245/1245 1213/1213/1213
f 1245/1245/1245 1244/1244/1244 1213/1213/1213
f 1212/1212/1212 1244/1244/1244 1243/1243/1243
f 1124/1124/1124 1128/1128/1128 1242/1242/1242
f 1124/1124/1124 1127/1127/1127 1128/1128/1128
f 1096/1096/1096 1099/1099/1099 1005/1005/1005
f 1248/1248/1248 1247/1247/1247 1006/1006/1006
f 1006/1006/1006 1247/1247/1247 1007/1007/1007
f 1008/1008/1008 988/988/988 989/989/989
f 988/988/988 1009/1009/1009 987/987/987
f 1069/1069/1069 1071/1071/1071 1044/1044/1044
f 2252/2252/2252 2251/2251/2251 2249/2249/2249
f 2252/2252/2252 2249/2249/2249 2253/2253/2253
f 2249/2249/2249 2251/2251/2251 2250/2250/2250
f 4334/4334/4334 4336/4336/4336 4338/4338/4338
f 2145/2145/2145 2074/2074/2074 1980/1980/1980
f 2074/2074/2074 2079/2079/2079 1981/1981/1981
f 2074/2074/2074 1981/1981/1981 1980/1980/1980
f 2079/2079/2079 2075/2075/2075 1981/1981/1981
f 2075/2075/2075 2025/2025/2025 1883/1883/1883
f 2025/2025/2025 2017/2017/2017 1768/1768/1768
f 2025/2025/2025 1768/1768/1768 1883/1883/1883
f 2017/2017/2017 1856/1856/1856 1768/1768/1768
f 1768/1768/1768 1856/1856/1856 1818/1818/1818
f 105/105/105 114/114/114 107/107/107
f 3259/3259/3259 3857/3857/3857 4099/4099/4099
f 3857/3857/3857 3856/3856/3856 4102/4102/4102
f 1099/1099/1099 1238/1238/1238 1005/1005/1005
f 1238/1238/1238 1240/1240/1240 1002/1002/1002
f 1002/1002/1002 1240/1240/1240 1248/1248/1248
f 1007/1007/1007 1085/1085/1085 992/992/992
f 1085/1085/1085 1008/1008/1008 992/992/992
f 1012/1012/1012 1013/1013/1013 1011/1011/1011
f 1048/1048/1048 1047/1047/1047 1049/1049/1049
f 1048/1048/1048 1046/1046/1046 1047/1047/1047
f 1045/1045/1045 1069/1069/1069 1044/1044/1044
f 1069/1069/1069 1070/1070/1070 1071/1071/1071
f 1300/1300/1300 1302/1302/1302 1299/1299/1299
f 1299/1299/1299 1302/1302/1302 1385/1385/1385
f 4334/4334/4334 4335/4335/4335 4336/4336/4336
f 2144/2144/2144 2074/2074/2074 2145/2145/2145
f 2074/2074/2074 2107/2107/2107 2079/2079/2079
f 2107/2107/2107 2106/2106/2106 2079/2079/2079
f 2079/2079/2079 2106/2106/2106 2075/2075/2075
f 2106/2106/2106 2105/2105/2105 2075/2075/2075
f 2096/2096/2096 2049/2049/2049 2017/2017/2017
f 2017/2017/2017 2049/2049/2049 1856/1856/1856
f 2049/2049/2049 1819/1819/1819 1856/1856/1856
f 1819/1819/1819 1818/1818/1818 1856/1856/1856
f 1819/1819/1819 1401/1401/1401 1818/1818/1818
f 1401/1401/1401 1635/1635/1635 1245/1245/1245
f 1245/1245/1245 1635/1635/1635 1244/1244/1244
f 1243/1243/1243 1125/1125/1125 1242/1242/1242
f 1127/1127/1127 1100/1100/1100 1095/1095/1095
f 1100/1100/1100 1096/1096/1096 1095/1095/1095
f 1083/1083/1083 988/988/988 1008/1008/1008
f 988/988/988 1010/1010/1010 1009/1009/1009
f 1013/1013/1013 1050/1050/1050 1049/1049/1049
f 1050/1050/1050 1048/1048/1048 1049/1049/1049
f 1074/1074/1074 1300/1300/1300 1299/1299/1299
f 2255/2255/2255 2252/2252/2252 2253/2253/2253
f 2252/2252/2252 2262/2262/2262 2251/2251/2251
f 2262/2262/2262 2271/2271/2271 2251/2251/2251
f 4334/4334/4334 4337/4337/4337 4335/4335/4335
f 2117/2117/2117 2109/2109/2109 2142/2142/2142
f 2109/2109/2109 2107/2107/2107 2142/2142/2142
f 2109/2109/2109 2104/2104/2104 2107/2107/2107
f 2107/2107/2107 2104/2104/2104 2106/2106/2106
f 2106/2106/2106 2104/2104/2104 2105/2105/2105
f 2104/2104/2104 2103/2103/2103 2105/2105/2105
f 2105/2105/2105 2103/2103/2103 2096/2096/2096
f 2094/2094/2094 2067/2067/2067 2103/2103/2103
f 2094/2094/2094 2103/2103/2103 2104/2104/2104
f 2103/2103/2103 2067/2067/2067 2049/2049/2049
f 2067/2067/2067 2026/2026/2026 2049/2049/2049
f 2049/2049/2049 2026/2026/2026 1819/1819/1819
f 2026/2026/2026 1820/1820/1820 1819/1819/1819
f 2018/2018/2018 1820/1820/1820 2026/2026/2026
f 1819/1819/1819 1820/1820/1820 1401/1401/1401
f 1820/1820/1820 1776/1776/1776 1401/1401/1401
f 1776/1776/1776 1635/1635/1635 1401/1401/1401
f 1635/1635/1635 1634/1634/1634 1244/1244/1244
f 1634/1634/1634 1420/1420/1420 1243/1243/1243
f 1634/1634/1634 1243/1243/1243 1244/1244/1244
f 1118/1118/1118 1125/1125/1125 1243/1243/1243
f 1125/1125/1125 1124/1124/1124 1242/1242/1242
f 1099/1099/1099 1237/1237/1237 1238/1238/1238
f 1249/1249/1249 1247/1247/1247 1248/1248/1248
f 1246/1246/1246 1007/1007/1007 1247/1247/1247
f 1246/1246/1246 1085/1085/1085 1007/1007/1007
f 1009/1009/1009 1010/1010/1010 1011/1011/1011
f 1010/1010/1010 1012/1012/1012 1011/1011/1011
f 1303/1303/1303 1302/1302/1302 1300/1300/1300
f 2256/2256/2256 2252/2252/2252 2255/2255/2255
f 2117/2117/2117 2115/2115/2115 2109/2109/2109
f 2115/2115/2115 2108/2108/2108 2109/2109/2109
f 2119/2119/2119 2117/2117/2117 2132/2132/2132
f 2108/2108/2108 2099/2099/2099 2104/2104/2104
f 2108/2108/2108 2104/2104/2104 2109/2109/2109
f 2099/2099/2099 2094/2094/2094 2104/2104/2104
f 2094/2094/2094 2057/2057/2057 2067/2067/2067
f 2057/2057/2057 2026/2026/2026 2067/2067/2067
f 2018/2018/2018 1953/1953/1953 1820/1820/1820
f 1953/1953/1953 1776/1776/1776 1820/1820/1820
f 1776/1776/1776 1634/1634/1634 1635/1635/1635
f 1420/1420/1420 1118/1118/1118 1243/1243/1243
f 1124/1124/1124 1126/1126/1126 1127/1127/1127
f 1100/1100/1100 1099/1099/1099 1096/1096/1096
f 1240/1240/1240 1249/1249/1249 1248/1248/1248
f 1249/1249/1249 1246/1246/1246 1247/1247/1247
f 1083/1083/1083 1008/1008/1008 1085/1085/1085
f 1012/1012/1012 1054/1054/1054 1013/1013/1013
f 1054/1054/1054 1050/1050/1050 1013/1013/1013
f 1301/1301/1301 1303/1303/1303 1300/1300/1300
f 2257/2257/2257 2256/2256/2256 2255/2255/2255
f 2256/2256/2256 2265/2265/2265 2252/2252/2252
f 2265/2265/2265 2263/2263/2263 2252/2252/2252
f 2252/2252/2252 2263/2263/2263 2262/2262/2262
f 2262/2262/2262 2263/2263/2263 2271/2271/2271
f 2119/2119/2119 2118/2118/2118 2117/2117/2117
f 2118/2118/2118 2116/2116/2116 2117/2117/2117
f 2117/2117/2117 2116/2116/2116 2115/2115/2115
f 2116/2116/2116 2108/2108/2108 2115/2115/2115
f 2099/2099/2099 2057/2057/2057 2094/2094/2094
f 2082/2082/2082 2057/2057/2057 2099/2099/2099
f 2057/2057/2057 1996/1996/1996 2026/2026/2026
f 1996/1996/1996 2018/2018/2018 2026/2026/2026
f 1996/1996/1996 1812/1812/1812 2018/2018/2018
f 2018/2018/2018 1812/1812/1812 1953/1953/1953
f 1812/1812/1812 1776/1776/1776 1953/1953/1953
f 1812/1812/1812 1421/1421/1421 1776/1776/1776
f 1421/1421/1421 1420/1420/1420 1634/1634/1634
f 1421/1421/1421 1634/1634/1634 1776/1776/1776
f 1127/1127/1127 1126/1126/1126 1100/1100/1100
f 1126/1126/1126 1101/1101/1101 1100/1100/1100
f 1102/1102/1102 1237/1237/1237 1099/1099/1099
f 3041/3041/3041 3118/3118/3118 3040/3040/3040
f 1237/1237/1237 1239/1239/1239 1238/1238/1238
f 1238/1238/1238 1239/1239/1239 1240/1240/1240
f 1246/1246/1246 1084/1084/1084 1085/1085/1085
f 1084/1084/1084 1083/1083/1083 1085/1085/1085
f 1010/1010/1010 988/988/988 1083/1083/1083
f 1070/1070/1070 1078/1078/1078 1074/1074/1074
f 1074/1074/1074 1078/1078/1078 1300/1300/1300
f 1078/1078/1078 1301/1301/1301 1300/1300/1300
f 1301/1301/1301 1935/1935/1935 1303/1303/1303
f 2258/2258/2258 2256/2256/2256 2257/2257/2257
f 3913/3913/3913 4066/4066/4066 4276/4276/4276
f 2123/2123/2123 2118/2118/2118 2119/2119/2119
f 2118/2118/2118 2100/2100/2100 2116/2116/2116
f 2100/2100/2100 2108/2108/2108 2116/2116/2116
f 2095/2095/2095 2082/2082/2082 2108/2108/2108
f 2108/2108/2108 2082/2082/2082 2099/2099/2099
f 2082/2082/2082 2012/2012/2012 2057/2057/2057
f 2012/2012/2012 1996/1996/1996 2057/2057/2057
f 1849/1849/1849 1421/1421/1421 1812/1812/1812
f 1849/1849/1849 1812/1812/1812 1996/1996/1996
f 1359/1359/1359 1420/1420/1420 1421/1421/1421
f 1359/1359/1359 1118/1118/1118 1420/1420/1420
f 1118/1118/1118 1116/1116/1116 1125/1125/1125
f 1116/1116/1116 1124/1124/1124 1125/1125/1125
f 1116/1116/1116 1123/1123/1123 1124/1124/1124
f 1123/1123/1123 1126/1126/1126 1124/1124/1124
f 1100/1100/1100 1101/1101/1101 1099/1099/1099
f 1101/1101/1101 1102/1102/1102 1099/1099/1099
f 1239/1239/1239 1249/1249/1249 1240/1240/1240
f 1239/1239/1239 1084/1084/1084 1249/1249/1249
f 1249/1249/1249 1084/1084/1084 1246/1246/1246
f 1046/1046/1046 1066/1066/1066 1045/1045/1045
f 1066/1066/1066 1069/1069/1069 1045/1045/1045
f 2258/2258/2258 2259/2259/2259 2256/2256/2256
f 2272/2272/2272 2265/2265/2265 2256/2256/2256
f 3883/3883/3883 3913/3913/3913 4276/4276/4276
f 2124/2124/2124 2110/2110/2110 2118/2118/2118
f 2124/2124/2124 2118/2118/2118 2123/2123/2123
f 2110/2110/2110 2100/2100/2100 2118/2118/2118
f 2100/2100/2100 2095/2095/2095 2108/2108/2108
f 2095/2095/2095 1922/1922/1922 2082/2082/2082
f 1922/1922/1922 1873/1873/1873 2082/2082/2082
f 1873/1873/1873 2012/2012/2012 2082/2082/2082
f 1869/1869/1869 2012/2012/2012 1873/1873/1873
f 2012/2012/2012 1849/1849/1849 1996/1996/1996
f 2012/2012/2012 1869/1869/1869 1849/1849/1849
f 1869/1869/1869 1828/1828/1828 1849/1849/1849
f 1828/1828/1828 1493/1493/1493 1421/1421/1421
f 1828/1828/1828 1421/1421/1421 1849/1849/1849
f 1493/1493/1493 1359/1359/1359 1421/1421/1421
f 1117/1117/1117 1116/1116/1116 1118/1118/1118
f 1102/1102/1102 1104/1104/1104 1237/1237/1237
f 1104/1104/1104 1143/1143/1143 1237/1237/1237
f 1147/1147/1147 1239/1239/1239 1237/1237/1237
f 1063/1063/1063 1064/1064/1064 1048/1048/1048
f 1063/1063/1063 1048/1048/1048 1050/1050/1050
f 1068/1068/1068 1070/1070/1070 1069/1069/1069
f 1079/1079/1079 1078/1078/1078 1070/1070/1070
f 1081/1081/1081 1935/1935/1935 1301/1301/1301
f 2259/2259/2259 2272/2272/2272 2256/2256/2256
f 2126/2126/2126 2113/2113/2113 2110/2110/2110
f 2110/2110/2110 1879/1879/1879 2100/2100/2100
f 1879/1879/1879 2078/2078/2078 2100/2100/2100
f 2100/2100/2100 2078/2078/2078 2095/2095/2095
f 1879/1879/1879 1876/1876/1876 2078/2078/2078
f 2078/2078/2078 1922/1922/1922 2095/2095/2095
f 1876/1876/1876 1922/1922/1922 2078/2078/2078
f 1829/1829/1829 1492/1492/1492 1828/1828/1828
f 1828/1828/1828 1492/1492/1492 1493/1493/1493
f 1359/1359/1359 1117/1117/1117 1118/1118/1118
f 1876/1876/1876 1874/1874/1874 1922/1922/1922
f 1922/1922/1922 1874/1874/1874 1873/1873/1873
f 1874/1874/1874 1871/1871/1871 1873/1873/1873
f 1873/1873/1873 1871/1871/1871 1869/1869/1869
f 1871/1871/1871 1870/1870/1870 1869/1869/1869
f 1869/1869/1869 1870/1870/1870 1828/1828/1828
f 1143/1143/1143 1147/1147/1147 1237/1237/1237
f 1147/1147/1147 1084/1084/1084 1239/1239/1239
f 1083/1083/1083 1060/1060/1060 1010/1010/1010
f 1064/1064/1064 1066/1066/1066 1046/1046/1046
f 1064/1064/1064 1046/1046/1046 1048/1048/1048
f 1066/1066/1066 1068/1068/1068 1069/1069/1069
f 1079/1079/1079 1080/1080/1080 1078/1078/1078
f 1080/1080/1080 1081/1081/1081 1078/1078/1078
f 2261/2261/2261 2260/2260/2260 2258/2258/2258
f 1835/1835/1835 1935/1935/1935 1081/1081/1081
f 2258/2258/2258 2260/2260/2260 2259/2259/2259
f 2269/2269/2269 2259/2259/2259 2260/2260/2260
f 1701/1701/1701 1492/1492/1492 1829/1829/1829
f 1492/1492/1492 1348/1348/1348 1493/1493/1493
f 1348/1348/1348 1359/1359/1359 1493/1493/1493
f 1348/1348/1348 1117/1117/1117 1359/1359/1359
f 2125/2125/2125 2113/2113/2113 2126/2126/2126
f 1879/1879/1879 1878/1878/1878 1876/1876/1876
f 1878/1878/1878 1877/1877/1877 1876/1876/1876
f 1877/1877/1877 1875/1875/1875 1876/1876/1876
f 1876/1876/1876 1875/1875/1875 1874/1874/1874
f 1875/1875/1875 1872/1872/1872 1874/1874/1874
f 1874/1874/1874 1872/1872/1872 1871/1871/1871
f 1148/1148/1148 1084/1084/1084 1147/1147/1147
f 1084/1084/1084 1062/1062/1062 1083/1083/1083
f 1062/1062/1062 1060/1060/1060 1083/1083/1083
f 1060/1060/1060 1058/1058/1058 1010/1010/1010
f 1056/1056/1056 1054/1054/1054 1012/1012/1012
f 1055/1055/1055 1063/1063/1063 1050/1050/1050
f 1055/1055/1055 1050/1050/1050 1054/1054/1054
f 4157/4157/4157 4137/4137/4137 4052/4052/4052
f 4137/4137/4137 4140/4140/4140 4052/4052/4052
f 4129/4129/4129 4136/4136/4136 4134/4134/4134
f 4140/4140/4140 4136/4136/4136 4129/4129/4129
f 1080/1080/1080 1835/1835/1835 1081/1081/1081
f 2261/2261/2261 2229/2229/2229 2260/2260/2260
f 2229/2229/2229 2269/2269/2269 2260/2260/2260
f 4256/4256/4256 4255/4255/4255 4175/4175/4175
f 4175/4175/4175 4255/4255/4255 4157/4157/4157
f 4157/4157/4157 4255/4255/4255 4138/4138/4138
f 1674/1674/1674 1491/1491/1491 1872/1872/1872
f 1872/1872/1872 1491/1491/1491 1701/1701/1701
f 1491/1491/1491 1490/1490/1490 1492/1492/1492
f 1491/1491/1491 1492/1492/1492 1701/1701/1701
f 1492/1492/1492 1490/1490/1490 1348/1348/1348
f 1348/1348/1348 1346/1346/1346 1117/1117/1117
f 1117/1117/1117 1115/1115/1115 1116/1116/1116
f 1101/1101/1101 1103/1103/1103 1102/1102/1102
f 2125/2125/2125 2114/2114/2114 2113/2113/2113
f 2113/2113/2113 2114/2114/2114 1879/1879/1879
f 4328/4328/4328 4318/4318/4318 4331/4331/4331
f 4331/4331/4331 4318/4318/4318 4329/4329/4329
f 4329/4329/4329 4326/4326/4326 4330/4330/4330
f 1879/1879/1879 1880/1880/1880 1878/1878/1878
f 1880/1880/1880 1963/1963/1963 1878/1878/1878
f 1878/1878/1878 1963/1963/1963 1877/1877/1877
f 1143/1143/1143 1144/1144/1144 1147/1147/1147
f 1148/1148/1148 1150/1150/1150 1084/1084/1084
f 1058/1058/1058 1057/1057/1057 1012/1012/1012
f 1058/1058/1058 1012/1012/1012 1010/1010/1010
f 1068/1068/1068 1637/1637/1637 1079/1079/1079
f 1068/1068/1068 1079/1079/1079 1070/1070/1070
f 1079/1079/1079 1637/1637/1637 1080/1080/1080
f 1637/1637/1637 1834/1834/1834 1080/1080/1080
f 4052/4052/4052 4206/4206/4206 4157/4157/4157
f 1834/1834/1834 1835/1835/1835 1080/1080/1080
f 2230/2230/2230 2229/2229/2229 2261/2261/2261
f 2228/2228/2228 2229/2229/2229 2230/2230/2230
f 4171/4171/4171 4172/4172/4172 4175/4175/4175
f 4170/4170/4170 4172/4172/4172 4171/4171/4171
f 4323/4323/4323 4322/4322/4322 4327/4327/4327
f 1918/1918/1918 1839/1839/1839 1674/1674/1674
f 1924/1924/1924 1839/1839/1839 1918/1918/1918
f 1839/1839/1839 1673/1673/1673 1674/1674/1674
f 1674/1674/1674 1673/1673/1673 1491/1491/1491
f 1490/1490/1490 1346/1346/1346 1348/1348/1348
f 1115/1115/1115 1113/1113/1113 1116/1116/1116
f 1116/1116/1116 1122/1122/1122 1123/1123/1123
f 1126/1126/1126 1107/1107/1107 1101/1101/1101
f 1104/1104/1104 1142/1142/1142 1143/1143/1143
f 4317/4317/4317 4323/4323/4323 4326/4326/4326
f 4317/4317/4317 4326/4326/4326 4329/4329/4329
f 4315/4315/4315 4316/4316/4316 4317/4317/4317
f 4317/4317/4317 4316/4316/4316 4323/4323/4323
f 1142/1142/1142 1144/1144/1144 1143/1143/1143
f 1146/1146/1146 1148/1148/1148 1147/1147/1147
f 1056/1056/1056 1055/1055/1055 1054/1054/1054
f 1063/1063/1063 1055/1055/1055 1064/1064/1064
f 1067/1067/1067 1068/1068/1068 1066/1066/1066
f 1067/1067/1067 1082/1082/1082 1068/1068/1068
f 1720/1720/1720 1755/1755/1755 1068/1068/1068
f 1068/1068/1068 1755/1755/1755 1637/1637/1637
f 4311/4311/4311 4315/4315/4315 4328/4328/4328
f 4315/4315/4315 4318/4318/4318 4328/4328/4328
f 4052/4052/4052 4078/4078/4078 4206/4206/4206
f 1834/1834/1834 343/343/343 1835/1835/1835
f 343/343/343 342/342/342 1835/1835/1835
f 1835/1835/1835 342/342/342 2073/2073/2073
f 2230/2230/2230 2231/2231/2231 2228/2228/2228
f 341/341/341 342/342/342 343/343/343
f 1838/1838/1838 1837/1837/1837 1673/1673/1673
f 1838/1838/1838 1673/1673/1673 1839/1839/1839
f 1837/1837/1837 1515/1515/1515 1673/1673/1673
f 1515/1515/1515 1491/1491/1491 1673/1673/1673
f 1515/1515/1515 1347/1347/1347 1491/1491/1491
f 1491/1491/1491 1347/1347/1347 1490/1490/1490
f 1347/1347/1347 1346/1346/1346 1490/1490/1490
f 1347/1347/1347 1304/1304/1304 1346/1346/1346
f 1346/1346/1346 1304/1304/1304 1117/1117/1117
f 1304/1304/1304 1115/1115/1115 1117/1117/1117
f 1113/1113/1113 1122/1122/1122 1116/1116/1116
f 1123/1123/1123 1108/1108/1108 1126/1126/1126
f 1108/1108/1108 1107/1107/1107 1126/1126/1126
f 1107/1107/1107 1103/1103/1103 1101/1101/1101
f 4319/4319/4319 4321/4321/4321 4322/4322/4322
f 4319/4319/4319 4322/4322/4322 4323/4323/4323
f 1840/1840/1840 1839/1839/1839 1924/1924/1924
f 3121/3121/3121 3005/3005/3005 3004/3004/3004
f 1144/1144/1144 1146/1146/1146 1147/1147/1147
f 1065/1065/1065 1067/1067/1067 1066/1066/1066
f 1082/1082/1082 1720/1720/1720 1068/1068/1068
f 1719/1719/1719 1755/1755/1755 1720/1720/1720
f 1755/1755/1755 1836/1836/1836 1637/1637/1637
f 1637/1637/1637 1836/1836/1836 1834/1834/1834
f 4311/4311/4311 4307/4307/4307 4315/4315/4315
f 4311/4311/4311 4310/4310/4310 4307/4307/4307
f 4307/4307/4307 4313/4313/4313 4315/4315/4315
f 4313/4313/4313 4316/4316/4316 4315/4315/4315
f 1836/1836/1836 344/344/344 1834/1834/1834
f 1834/1834/1834 344/344/344 343/343/343
f 344/344/344 341/341/341 343/343/343
f 1840/1840/1840 1895/1895/1895 1838/1838/1838
f 1895/1895/1895 1483/1483/1483 1838/1838/1838
f 1838/1838/1838 1483/1483/1483 1837/1837/1837
f 1483/1483/1483 1515/1515/1515 1837/1837/1837
f 1515/1515/1515 1331/1331/1331 1347/1347/1347
f 1304/1304/1304 1114/1114/1114 1115/1115/1115
f 1114/1114/1114 1113/1113/1113 1115/1115/1115
f 1122/1122/1122 1108/1108/1108 1123/1123/1123
f 4313/4313/4313 4320/4320/4320 4319/4319/4319
f 4320/4320/4320 4321/4321/4321 4319/4319/4319
f 1146/1146/1146 1149/1149/1149 1148/1148/1148
f 1150/1150/1150 1062/1062/1062 1084/1084/1084
f 1055/1055/1055 1065/1065/1065 1064/1064/1064
f 1065/1065/1065 1066/1066/1066 1064/1064/1064
f 1082/1082/1082 1361/1361/1361 1719/1719/1719
f 1082/1082/1082 1719/1719/1719 1720/1720/1720
f 1707/1707/1707 1755/1755/1755 1719/1719/1719
f 1717/1717/1717 1833/1833/1833 1755/1755/1755
f 1755/1755/1755 1833/1833/1833 1836/1836/1836
f 4309/4309/4309 4312/4312/4312 4313/4313/4313
f 4309/4309/4309 4313/4313/4313 4307/4307/4307
f 4309/4309/4309 4308/4308/4308 4312/4312/4312
f 4174/4174/4174 4179/4179/4179 4181/4181/4181
f 1833/1833/1833 1867/1867/1867 1836/1836/1836
f 1836/1836/1836 1867/1867/1867 344/344/344
f 1895/1895/1895 1484/1484/1484 1483/1483/1483
f 1483/1483/1483 1331/1331/1331 1515/1515/1515
f 1331/1331/1331 1329/1329/1329 1347/1347/1347
f 1329/1329/1329 1304/1304/1304 1347/1347/1347
f 1111/1111/1111 1122/1122/1122 1113/1113/1113
f 1106/1106/1106 1103/1103/1103 1107/1107/1107
f 4324/4324/4324 4320/4320/4320 4313/4313/4313
f 1065/1065/1065 1252/1252/1252 1067/1067/1067
f 1252/1252/1252 1253/1253/1253 1067/1067/1067
f 1253/1253/1253 1082/1082/1082 1067/1067/1067
f 1707/1707/1707 1706/1706/1706 1755/1755/1755
f 1706/1706/1706 1717/1717/1717 1755/1755/1755
f 1833/1833/1833 1995/1995/1995 1867/1867/1867
f 2053/2053/2053 1485/1485/1485 2032/2032/2032
f 2032/2032/2032 1485/1485/1485 1895/1895/1895
f 1485/1485/1485 1484/1484/1484 1895/1895/1895
f 1484/1484/1484 1482/1482/1482 1483/1483/1483
f 1483/1483/1483 1482/1482/1482 1331/1331/1331
f 1330/1330/1330 1329/1329/1329 1331/1331/1331
f 1327/1327/1327 1304/1304/1304 1329/1329/1329
f 1111/1111/1111 1108/1108/1108 1122/1122/1122
f 1106/1106/1106 1107/1107/1107 1108/1108/1108
f 1106/1106/1106 1105/1105/1105 1103/1103/1103
f 4324/4324/4324 4301/4301/4301 4320/4320/4320
f 4425/4425/4425 4426/4426/4426 4427/4427/4427
f 4425/4425/4425 4427/4427/4427 4428/4428/4428
f 4301/4301/4301 4325/4325/4325 4320/4320/4320
f 1142/1142/1142 1146/1146/1146 1144/1144/1144
f 1149/1149/1149 1150/1150/1150 1148/1148/1148
f 1150/1150/1150 1061/1061/1061 1062/1062/1062
f 1061/1061/1061 1059/1059/1059 1060/1060/1060
f 1061/1061/1061 1060/1060/1060 1062/1062/1062
f 1059/1059/1059 1058/1058/1058 1060/1060/1060
f 1253/1253/1253 1360/1360/1360 1082/1082/1082
f 1360/1360/1360 1361/1361/1361 1082/1082/1082
f 1361/1361/1361 1706/1706/1706 1707/1707/1707
f 1706/1706/1706 1638/1638/1638 1717/1717/1717
f 1638/1638/1638 1624/1624/1624 1717/1717/1717
f 1717/1717/1717 1624/1624/1624 1833/1833/1833
f 1624/1624/1624 2020/2020/2020 1833/1833/1833
f 2020/2020/2020 1995/1995/1995 1833/1833/1833
f 1995/1995/1995 2135/2135/2135 1867/1867/1867
f 4284/4284/4284 4285/4285/4285 4286/4286/4286
f 4266/4266/4266 4208/4208/4208 4148/4148/4148
f 1485/1485/1485 1482/1482/1482 1484/1484/1484
f 1482/1482/1482 1330/1330/1330 1331/1331/1331
f 1330/1330/1330 1327/1327/1327 1329/1329/1329
f 1327/1327/1327 1114/1114/1114 1304/1304/1304
f 1114/1114/1114 1112/1112/1112 1113/1113/1113
f 1112/1112/1112 1111/1111/1111 1113/1113/1113
f 1141/1141/1141 1146/1146/1146 1142/1142/1142
f 1057/1057/1057 1056/1056/1056 1012/1012/1012
f 1250/1250/1250 1065/1065/1065 1055/1055/1055
f 1251/1251/1251 1252/1252/1252 1065/1065/1065
f 1360/1360/1360 1474/1474/1474 1361/1361/1361
f 1474/1474/1474 1706/1706/1706 1361/1361/1361
f 1474/1474/1474 1638/1638/1638 1706/1706/1706
f 1624/1624/1624 1741/1741/1741 2020/2020/2020
f 1985/1985/1985 1485/1485/1485 2053/2053/2053
f 1985/1985/1985 1486/1486/1486 1485/1485/1485
f 1485/1485/1485 1486/1486/1486 1482/1482/1482
f 1486/1486/1486 1628/1628/1628 1482/1482/1482
f 1482/1482/1482 1628/1628/1628 1330/1330/1330
f 1109/1109/1109 1106/1106/1106 1108/1108/1108
f 1105/1105/1105 1104/1104/1104 1103/1103/1103
f 1103/1103/1103 1104/1104/1104 1102/1102/1102
f 1146/1146/1146 1145/1145/1145 1149/1149/1149
f 1145/1145/1145 1150/1150/1150 1149/1149/1149
f 1255/1255/1255 1250/1250/1250 1055/1055/1055
f 1250/1250/1250 1251/1251/1251 1065/1065/1065
f 1252/1252/1252 1465/1465/1465 1253/1253/1253
f 1465/1465/1465 1472/1472/1472 1253/1253/1253
f 1253/1253/1253 1472/1472/1472 1360/1360/1360
f 1472/1472/1472 1474/1474/1474 1360/1360/1360
f 1474/1474/1474 1624/1624/1624 1638/1638/1638
f 2020/2020/2020 1857/1857/1857 1995/1995/1995
f 1995/1995/1995 1857/1857/1857 2021/2021/2021
f 1857/1857/1857 2097/2097/2097 2021/2021/2021
f 1366/1366/1366 1364/1364/1364 1330/1330/1330
f 1366/1366/1366 1330/1330/1330 1628/1628/1628
f 1330/1330/1330 1364/1364/1364 1327/1327/1327
f 1364/1364/1364 1363/1363/1363 1327/1327/1327
f 1328/1328/1328 1119/1119/1119 1327/1327/1327
f 1327/1327/1327 1119/1119/1119 1114/1114/1114
f 1119/1119/1119 1112/1112/1112 1114/1114/1114
f 1110/1110/1110 1108/1108/1108 1111/1111/1111
f 1109/1109/1109 1134/1134/1134 1106/1106/1106
f 1134/1134/1134 1105/1105/1105 1106/1106/1106
f 1138/1138/1138 1142/1142/1142 1104/1104/1104
f 1059/1059/1059 1057/1057/1057 1058/1058/1058
f 1056/1056/1056 1255/1255/1255 1055/1055/1055
f 1440/1440/1440 1250/1250/1250 1255/1255/1255
f 1471/1471/1471 1473/1473/1473 1472/1472/1472
f 1472/1472/1472 1473/1473/1473 1474/1474/1474
f 1473/1473/1473 1624/1624/1624 1474/1474/1474
f 1473/1473/1473 1740/1740/1740 1741/1741/1741
f 1473/1473/1473 1741/1741/1741 1624/1624/1624
f 1740/1740/1740 1857/1857/1857 1741/1741/1741
f 1741/1741/1741 1857/1857/1857 2020/2020/2020
f 1889/1889/1889 1486/1486/1486 1985/1985/1985
f 1486/1486/1486 1366/1366/1366 1628/1628/1628
f 1363/1363/1363 1328/1328/1328 1327/1327/1327
f 1119/1119/1119 1120/1120/1120 1112/1112/1112
f 1120/1120/1120 1110/1110/1110 1112/1112/1112
f 1112/1112/1112 1110/1110/1110 1111/1111/1111
f 1110/1110/1110 1109/1109/1109 1108/1108/1108
f 1141/1141/1141 1145/1145/1145 1146/1146/1146
f 1450/1450/1450 1252/1252/1252 1251/1251/1251
f 1465/1465/1465 1471/1471/1471 1472/1472/1472
f 2000/2000/2000 1889/1889/1889 1985/1985/1985
f 1486/1486/1486 1513/1513/1513 1366/1366/1366
f 1365/1365/1365 1364/1364/1364 1366/1366/1366
f 1362/1362/1362 1328/1328/1328 1363/1363/1363
f 1105/1105/1105 1136/1136/1136 1104/1104/1104
f 1138/1138/1138 1141/1141/1141 1142/1142/1142
f 1151/1151/1151 1061/1061/1061 1150/1150/1150
f 1152/1152/1152 1156/1156/1156 1059/1059/1059
f 1152/1152/1152 1059/1059/1059 1061/1061/1061
f 1057/1057/1057 1254/1254/1254 1056/1056/1056
f 1254/1254/1254 1255/1255/1255 1056/1056/1056
f 1448/1448/1448 1447/1447/1447 1250/1250/1250
f 1448/1448/1448 1250/1250/1250 1440/1440/1440
f 1447/1447/1447 1442/1442/1442 1251/1251/1251
f 1447/1447/1447 1251/1251/1251 1250/1250/1250
f 1252/1252/1252 1450/1450/1450 1465/1465/1465
f 1740/1740/1740 1778/1778/1778 1857/1857/1857
f 1778/1778/1778 2047/2047/2047 2042/2042/2042
f 1778/1778/1778 2042/2042/2042 1857/1857/1857
f 2047/2047/2047 2068/2068/2068 2042/2042/2042
f 4354/4354/4354 4355/4355/4355 4356/4356/4356
f 1889/1889/1889 1513/1513/1513 1486/1486/1486
f 1513/1513/1513 1365/1365/1365 1366/1366/1366
f 1364/1364/1364 1365/1365/1365 1363/1363/1363
f 1362/1362/1362 1334/1334/1334 1328/1328/1328
f 1119/1119/1119 1121/1121/1121 1120/1120/1120
f 1110/1110/1110 1131/1131/1131 1109/1109/1109
f 1131/1131/1131 1132/1132/1132 1109/1109/1109
f 1132/1132/1132 1133/1133/1133 1109/1109/1109
f 1109/1109/1109 1133/1133/1133 1134/1134/1134
f 1145/1145/1145 1151/1151/1151 1150/1150/1150
f 1151/1151/1151 1152/1152/1152 1061/1061/1061
f 1059/1059/1059 1156/1156/1156 1057/1057/1057
f 1156/1156/1156 1234/1234/1234 1057/1057/1057
f 1441/1441/1441 1440/1440/1440 1255/1255/1255
f 1443/1443/1443 1450/1450/1450 1251/1251/1251
f 1463/1463/1463 1465/1465/1465 1450/1450/1450
f 1465/1465/1465 1464/1464/1464 1471/1471/1471
f 1464/1464/1464 1473/1473/1473 1471/1471/1471
f 1473/1473/1473 1481/1481/1481 1740/1740/1740
f 1778/1778/1778 2046/2046/2046 2047/2047/2047
f 2047/2047/2047 2046/2046/2046 2068/2068/2068
f 1362/1362/1362 1363/1363/1363 1365/1365/1365
f 1334/1334/1334 1333/1333/1333 1328/1328/1328
f 1120/1120/1120 1190/1190/1190 1110/1110/1110
f 1133/1133/1133 1105/1105/1105 1134/1134/1134
f 1136/1136/1136 1138/1138/1138 1104/1104/1104
f 1141/1141/1141 1140/1140/1140 1145/1145/1145
f 1234/1234/1234 1235/1235/1235 1057/1057/1057
f 1235/1235/1235 1254/1254/1254 1057/1057/1057
f 1441/1441/1441 1255/1255/1255 1254/1254/1254
f 1251/1251/1251 1442/1442/1442 1443/1443/1443
f 1464/1464/1464 1466/1466/1466 1473/1473/1473
f 1466/1466/1466 1481/1481/1481 1473/1473/1473
f 1740/1740/1740 1481/1481/1481 1778/1778/1778
f 2046/2046/2046 2048/2048/2048 2068/2068/2068
f 2000/2000/2000 1890/1890/1890 1889/1889/1889
f 1890/1890/1890 1513/1513/1513 1889/1889/1889
f 1514/1514/1514 1365/1365/1365 1513/1513/1513
f 1121/1121/1121 1119/1119/1119 1328/1328/1328
f 1121/1121/1121 1190/1190/1190 1120/1120/1120
f 1155/1155/1155 1156/1156/1156 1152/1152/1152
f 1155/1155/1155 1234/1234/1234 1156/1156/1156
f 1441/1441/1441 1630/1630/1630 1440/1440/1440
f 1630/1630/1630 1448/1448/1448 1440/1440/1440
f 1630/1630/1630 1631/1631/1631 1448/1448/1448
f 1631/1631/1631 1447/1447/1447 1448/1448/1448
f 1447/1447/1447 1446/1446/1446 1442/1442/1442
f 1463/1463/1463 1464/1464/1464 1465/1465/1465
f 1466/1466/1466 1477/1477/1477 1481/1481/1481
f 1481/1481/1481 1777/1777/1777 1778/1778/1778
f 1778/1778/1778 1777/1777/1777 2046/2046/2046
f 1777/1777/1777 2048/2048/2048 2046/2046/2046
f 1999/1999/1999 1890/1890/1890 2000/2000/2000
f 1514/1514/1514 1505/1505/1505 1365/1365/1365
f 1505/1505/1505 1508/1508/1508 1365/1365/1365
f 1365/1365/1365 1508/1508/1508 1362/1362/1362
f 1508/1508/1508 1334/1334/1334 1362/1362/1362
f 1190/1190/1190 1187/1187/1187 1110/1110/1110
f 1187/1187/1187 1131/1131/1131 1110/1110/1110
f 1138/1138/1138 1140/1140/1140 1141/1141/1141
f 1140/1140/1140 1160/1160/1160 1145/1145/1145
f 1151/1151/1151 1153/1153/1153 1152/1152/1152
f 1153/1153/1153 1154/1154/1154 1152/1152/1152
f 1154/1154/1154 1155/1155/1155 1152/1152/1152
f 1315/1315/1315 1640/1640/1640 1235/1235/1235
f 1235/1235/1235 1640/1640/1640 1254/1254/1254
f 1640/1640/1640 1712/1712/1712 1254/1254/1254
f 1712/1712/1712 1441/1441/1441 1254/1254/1254
f 1631/1631/1631 1629/1629/1629 1447/1447/1447
f 1443/1443/1443 1449/1449/1449 1450/1450/1450
f 1449/1449/1449 1463/1463/1463 1450/1450/1450
f 1477/1477/1477 1777/1777/1777 1481/1481/1481
f 2611/2611/2611 2610/2610/2610 2612/2612/2612
f 2400/2400/2400 2399/2399/2399 2401/2401/2401
f 1890/1890/1890 1509/1509/1509 1513/1513/1513
f 1509/1509/1509 1514/1514/1514 1513/1513/1513
f 1505/1505/1505 1507/1507/1507 1508/1508/1508
f 1508/1508/1508 1343/1343/1343 1334/1334/1334
f 1343/1343/1343 1333/1333/1333 1334/1334/1334
f 1333/1333/1333 1332/1332/1332 1328/1328/1328
f 1332/1332/1332 1121/1121/1121 1328/1328/1328
f 1133/1133/1133 1135/1135/1135 1105/1105/1105
f 1135/1135/1135 1136/1136/1136 1105/1105/1105
f 1145/1145/1145 1159/1159/1159 1151/1151/1151
f 1155/1155/1155 1312/1312/1312 1234/1234/1234
f 1234/1234/1234 1313/1313/1313 1235/1235/1235
f 1313/1313/1313 1315/1315/1315 1235/1235/1235
f 1315/1315/1315 1641/1641/1641 1640/1640/1640
f 1441/1441/1441 1712/1712/1712 1630/1630/1630
f 1712/1712/1712 1714/1714/1714 1630/1630/1630
f 1723/1723/1723 1631/1631/1631 1630/1630/1630
f 1444/1444/1444 1442/1442/1442 1446/1446/1446
f 1442/1442/1442 1449/1449/1449 1443/1443/1443
f 2397/2397/2397 2399/2399/2399 2400/2400/2400
f 1509/1509/1509 1505/1505/1505 1514/1514/1514
f 1505/1505/1505 1506/1506/1506 1507/1507/1507
f 1507/1507/1507 1343/1343/1343 1508/1508/1508
f 1343/1343/1343 1332/1332/1332 1333/1333/1333
f 1121/1121/1121 1189/1189/1189 1190/1190/1190
f 1189/1189/1189 1187/1187/1187 1190/1190/1190
f 1138/1138/1138 1139/1139/1139 1140/1140/1140
f 1159/1159/1159 1145/1145/1145 1160/1160/1160
f 1159/1159/1159 1153/1153/1153 1151/1151/1151
f 1153/1153/1153 1157/1157/1157 1154/1154/1154
f 1154/1154/1154 1310/1310/1310 1155/1155/1155
f 1310/1310/1310 1312/1312/1312 1155/1155/1155
f 1312/1312/1312 1313/1313/1313 1234/1234/1234
f 1315/1315/1315 1642/1642/1642 1641/1641/1641
f 1641/1641/1641 1713/1713/1713 1640/1640/1640
f 1640/1640/1640 1713/1713/1713 1712/1712/1712
f 1713/1713/1713 1715/1715/1715 1712/1712/1712
f 1715/1715/1715 1716/1716/1716 1714/1714/1714
f 1715/1715/1715 1714/1714/1714 1712/1712/1712
f 1716/1716/1716 1723/1723/1723 1714/1714/1714
f 1714/1714/1714 1723/1723/1723 1630/1630/1630
f 1723/1723/1723 1722/1722/1722 1631/1631/1631
f 1722/1722/1722 1629/1629/1629 1631/1631/1631
f 1629/1629/1629 1446/1446/1446 1447/1447/1447
f 1444/1444/1444 1445/1445/1445 1442/1442/1442
f 1456/1456/1456 1464/1464/1464 1463/1463/1463
f 1456/1456/1456 1462/1462/1462 1464/1464/1464
f 1464/1464/1464 1462/1462/1462 1466/1466/1466
f 1462/1462/1462 1477/1477/1477 1466/1466/1466
f 1478/1478/1478 1777/1777/1777 1477/1477/1477
f 2397/2397/2397 2398/2398/2398 2399/2399/2399
f 1506/1506/1506 1356/1356/1356 1507/1507/1507
f 1356/1356/1356 1343/1343/1343 1507/1507/1507
f 1170/1170/1170 1131/1131/1131 1187/1187/1187
f 1170/1170/1170 1132/1132/1132 1131/1131/1131
f 1314/1314/1314 1313/1313/1313 1312/1312/1312
f 1314/1314/1314 1697/1697/1697 1315/1315/1315
f 1314/1314/1314 1315/1315/1315 1313/1313/1313
f 1713/1713/1713 1761/1761/1761 1715/1715/1715
f 1761/1761/1761 1760/1760/1760 1715/1715/1715
f 1715/1715/1715 1760/1760/1760 1716/1716/1716
f 1716/1716/1716 1897/1897/1897 1723/1723/1723
f 1723/1723/1723 1897/1897/1897 1722/1722/1722
f 1897/1897/1897 1850/1850/1850 1722/1722/1722
f 1850/1850/1850 1721/1721/1721 1722/1722/1722
f 1722/1722/1722 1721/1721/1721 1629/1629/1629
f 1721/1721/1721 1446/1446/1446 1629/1629/1629
f 1445/1445/1445 1449/1449/1449 1442/1442/1442
f 1452/1452/1452 1463/1463/1463 1449/1449/1449
f 1452/1452/1452 1456/1456/1456 1463/1463/1463
f 1509/1509/1509 1504/1504/1504 1505/1505/1505
f 1504/1504/1504 1503/1503/1503 1505/1505/1505
f 1505/1505/1505 1503/1503/1503 1506/1506/1506
f 1503/1503/1503 1356/1356/1356 1506/1506/1506
f 1356/1356/1356 1344/1344/1344 1343/1343/1343
f 1344/1344/1344 1341/1341/1341 1343/1343/1343
f 1341/1341/1341 1332/1332/1332 1343/1343/1343
f 1332/1332/1332 1189/1189/1189 1121/1121/1121
f 1136/1136/1136 1137/1137/1137 1138/1138/1138
f 1929/1929/1929 1928/1928/1928 1897/1897/1897
f 1928/1928/1928 1850/1850/1850 1897/1897/1897
f 1140/1140/1140 1161/1161/1161 1160/1160/1160
f 1161/1161/1161 1159/1159/1159 1160/1160/1160
f 1154/1154/1154 1157/1157/1157 1310/1310/1310
f 1697/1697/1697 1698/1698/1698 1315/1315/1315
f 1315/1315/1315 1698/1698/1698 1642/1642/1642
f 1642/1642/1642 1713/1713/1713 1641/1641/1641
f 1761/1761/1761 1823/1823/1823 1760/1760/1760
f 1823/1823/1823 1716/1716/1716 1760/1760/1760
f 1716/1716/1716 1929/1929/1929 1897/1897/1897
f 1451/1451/1451 1452/1452/1452 1449/1449/1449
f 1462/1462/1462 1478/1478/1478 1477/1477/1477
f 1478/1478/1478 1841/1841/1841 1777/1777/1777
f 1777/1777/1777 1841/1841/1841 1986/1986/1986
f 1841/1841/1841 1943/1943/1943 1986/1986/1986
f 1503/1503/1503 1357/1357/1357 1356/1356/1356
f 1357/1357/1357 1344/1344/1344 1356/1356/1356
f 1332/1332/1332 1335/1335/1335 1189/1189/1189
f 1168/1168/1168 1132/1132/1132 1170/1170/1170
f 1168/1168/1168 1133/1133/1133 1132/1132/1132
f 1168/1168/1168 1135/1135/1135 1133/1133/1133
f 1135/1135/1135 1137/1137/1137 1136/1136/1136
f 1928/1928/1928 1805/1805/1805 1850/1850/1850
f 1139/1139/1139 1161/1161/1161 1140/1140/1140
f 1159/1159/1159 1158/1158/1158 1153/1153/1153
f 1310/1310/1310 1311/1311/1311 1312/1312/1312
f 1312/1312/1312 1311/1311/1311 1314/1314/1314
f 1852/1852/1852 1697/1697/1697 1314/1314/1314
f 1852/1852/1852 1853/1853/1853 1697/1697/1697
f 2416/2416/2416 2415/2415/2415 2417/2417/2417
f 1697/1697/1697 1853/1853/1853 1698/1698/1698
f 1698/1698/1698 1699/1699/1699 1642/1642/1642
f 2406/2406/2406 2404/2404/2404 2403/2403/2403
f 1699/1699/1699 1713/1713/1713 1642/1642/1642
f 1699/1699/1699 1858/1858/1858 1713/1713/1713
f 1713/1713/1713 1858/1858/1858 1761/1761/1761
f 1858/1858/1858 1861/1861/1861 1761/1761/1761
f 1761/1761/1761 1861/1861/1861 1823/1823/1823
f 1861/1861/1861 1898/1898/1898 1716/1716/1716
f 1861/1861/1861 1716/1716/1716 1823/1823/1823
f 1898/1898/1898 1929/1929/1929 1716/1716/1716
f 1805/1805/1805 1676/1676/1676 1721/1721/1721
f 1805/1805/1805 1721/1721/1721 1850/1850/1850
f 1721/1721/1721 1676/1676/1676 1446/1446/1446
f 1676/1676/1676 1444/1444/1444 1446/1446/1446
f 1445/1445/1445 1451/1451/1451 1449/1449/1449
f 1999/1999/1999 1726/1726/1726 1890/1890/1890
f 1726/1726/1726 1509/1509/1509 1890/1890/1890
f 1726/1726/1726 1357/1357/1357 1504/1504/1504
f 1726/1726/1726 1504/1504/1504 1509/1509/1509
f 1504/1504/1504 1357/1357/1357 1503/1503/1503
f 1341/1341/1341 1335/1335/1335 1332/1332/1332
f 1335/1335/1335 1188/1188/1188 1189/1189/1189
f 1189/1189/1189 1188/1188/1188 1187/1187/1187
f 1187/1187/1187 1171/1171/1171 1170/1170/1170
f 1137/1137/1137 1139/1139/1139 1138/1138/1138
f 1942/1942/1942 1927/1927/1927 1898/1898/1898
f 1898/1898/1898 1927/1927/1927 1929/1929/1929
f 1927/1927/1927 1925/1925/1925 1928/1928/1928
f 1927/1927/1927 1928/1928/1928 1929/1929/1929
f 1925/1925/1925 1804/1804/1804 1805/1805/1805
f 1925/1925/1925 1805/1805/1805 1928/1928/1928
f 1161/1161/1161 1158/1158/1158 1159/1159/1159
f 1158/1158/1158 1157/1157/1157 1153/1153/1153
f 1157/1157/1157 1309/1309/1309 1310/1310/1310
f 1310/1310/1310 1309/1309/1309 1311/1311/1311
f 1311/1311/1311 1822/1822/1822 1314/1314/1314
f 1822/1822/1822 1852/1852/1852 1314/1314/1314
f 1822/1822/1822 2141/2141/2141 1852/1852/1852
f 2072/2072/2072 1858/1858/1858 1699/1699/1699
f 2072/2072/2072 2071/2071/2071 1858/1858/1858
f 2408/2408/2408 2407/2407/2407 2405/2405/2405
f 2071/2071/2071 2038/2038/2038 1858/1858/1858
f 1805/1805/1805 1804/1804/1804 1676/1676/1676
f 1804/1804/1804 1677/1677/1677 1676/1676/1676
f 1676/1676/1676 1476/1476/1476 1444/1444/1444
f 1480/1480/1480 1841/1841/1841 1478/1478/1478
f 1999/1999/1999 1708/1708/1708 1726/1726/1726
f 1726/1726/1726 1636/1636/1636 1357/1357/1357
f 1636/1636/1636 1866/1866/1866 1357/1357/1357
f 1866/1866/1866 1374/1374/1374 1357/1357/1357
f 1374/1374/1374 1344/1344/1344 1357/1357/1357
f 1374/1374/1374 1341/1341/1341 1344/1344/1344
f 1188/1188/1188 1171/1171/1171 1187/1187/1187
f 2133/2133/2133 317/317/317 2038/2038/2038
f 2038/2038/2038 317/317/317 1932/1932/1932
f 1932/1932/1932 1930/1930/1930 1861/1861/1861
f 1861/1861/1861 1930/1930/1930 1942/1942/1942
f 1930/1930/1930 1927/1927/1927 1942/1942/1942
f 1307/1307/1307 1308/1308/1308 1157/1157/1157
f 1308/1308/1308 1309/1309/1309 1157/1157/1157
f 1309/1309/1309 1956/1956/1956 1311/1311/1311
f 1956/1956/1956 1957/1957/1957 1311/1311/1311
f 4087/4087/4087 4108/4108/4108 4149/4149/4149
f 1311/1311/1311 1957/1957/1957 1822/1822/1822
f 1822/1822/1822 1957/1957/1957 2141/2141/2141
f 2133/2133/2133 2038/2038/2038 2071/2071/2071
f 2409/2409/2409 2413/2413/2413 2419/2419/2419
f 1677/1677/1677 1476/1476/1476 1676/1676/1676
f 1476/1476/1476 1445/1445/1445 1444/1444/1444
f 1453/1453/1453 1452/1452/1452 1451/1451/1451
f 1455/1455/1455 1456/1456/1456 1452/1452/1452
f 1455/1455/1455 1457/1457/1457 1456/1456/1456
f 1457/1457/1457 1458/1458/1458 1456/1456/1456
f 1458/1458/1458 1462/1462/1462 1456/1456/1456
f 1462/1462/1462 1459/1459/1459 1478/1478/1478
f 1480/1480/1480 1831/1831/1831 1841/1841/1841
f 1708/1708/1708 1636/1636/1636 1726/1726/1726
f 1636/1636/1636 1374/1374/1374 1866/1866/1866
f 1374/1374/1374 1345/1345/1345 1341/1341/1341
f 1169/1169/1169 1168/1168/1168 1170/1170/1170
f 1168/1168/1168 1167/1167/1167 1135/1135/1135
f 1167/1167/1167 1137/1137/1137 1135/1135/1135
f 1164/1164/1164 1139/1139/1139 1137/1137/1137
f 1164/1164/1164 1163/1163/1163 1139/1139/1139
f 315/315/315 1931/1931/1931 1932/1932/1932
f 1931/1931/1931 1930/1930/1930 1932/1932/1932
f 1931/1931/1931 1926/1926/1926 1930/1930/1930
f 1930/1930/1930 1926/1926/1926 1927/1927/1927
f 1926/1926/1926 1900/1900/1900 1925/1925/1925
f 1926/1926/1926 1925/1925/1925 1927/1927/1927
f 1925/1925/1925 1900/1900/1900 1804/1804/1804
f 1900/1900/1900 304/304/304 1804/1804/1804
f 1158/1158/1158 1307/1307/1307 1157/1157/1157
f 1308/1308/1308 1958/1958/1958 1309/1309/1309
f 1958/1958/1958 1956/1956/1956 1309/1309/1309
f 2147/2147/2147 1956/1956/1956 1958/1958/1958
f 304/304/304 1677/1677/1677 1804/1804/1804
f 1470/1470/1470 1445/1445/1445 1476/1476/1476
f 1445/1445/1445 1453/1453/1453 1451/1451/1451
f 1453/1453/1453 1455/1455/1455 1452/1452/1452
f 1458/1458/1458 1459/1459/1459 1462/1462/1462
f 1459/1459/1459 1479/1479/1479 1478/1478/1478
f 1479/1479/1479 1480/1480/1480 1478/1478/1478
f 1831/1831/1831 1948/1948/1948 1943/1943/1943
f 1831/1831/1831 1943/1943/1943 1841/1841/1841
f 1948/1948/1948 2121/2121/2121 1943/1943/1943
f 2052/2052/2052 2051/2051/2051 1708/1708/1708
f 2052/2052/2052 1708/1708/1708 1999/1999/1999
f 4444/4444/4444 4445/4445/4445 4446/4446/4446
f 1708/1708/1708 1375/1375/1375 1636/1636/1636
f 1375/1375/1375 1374/1374/1374 1636/1636/1636
f 1375/1375/1375 1345/1345/1345 1374/1374/1374
f 1342/1342/1342 1341/1341/1341 1345/1345/1345
f 1184/1184/1184 1171/1171/1171 1188/1188/1188
f 1167/1167/1167 1164/1164/1164 1137/1137/1137
f 1163/1163/1163 1162/1162/1162 1139/1139/1139
f 1162/1162/1162 1161/1161/1161 1139/1139/1139
f 315/315/315 1926/1926/1926 1931/1931/1931
f 1926/1926/1926 302/302/302 1900/1900/1900
f 302/302/302 304/304/304 1900/1900/1900
f 1161/1161/1161 1288/1288/1288 1158/1158/1158
f 1288/1288/1288 1307/1307/1307 1158/1158/1158
f 1307/1307/1307 1940/1940/1940 1308/1308/1308
f 1940/1940/1940 2014/2014/2014 1308/1308/1308
f 2148/2148/2148 2014/2014/2014 1940/1940/1940
f 1308/1308/1308 2014/2014/2014 1958/1958/1958
f 2014/2014/2014 2147/2147/2147 1958/1958/1958
f 305/305/305 306/306/306 304/304/304
f 304/304/304 306/306/306 1677/1677/1677
f 306/306/306 1476/1476/1476 1677/1677/1677
f 306/306/306 1830/1830/1830 1476/1476/1476
f 2373/2373/2373 2374/2374/2374 2375/2375/2375
f 1830/1830/1830 1470/1470/1470 1476/1476/1476
f 1470/1470/1470 1454/1454/1454 1445/1445/1445
f 1454/1454/1454 1453/1453/1453 1445/1445/1445
f 2051/2051/2051 1516/1516/1516 1708/1708/1708
f 1516/1516/1516 1375/1375/1375 1708/1708/1708
f 1489/1489/1489 1488/1488/1488 1375/1375/1375
f 1488/1488/1488 1345/1345/1345 1375/1375/1375
f 1488/1488/1488 1342/1342/1342 1345/1345/1345
f 1342/1342/1342 1340/1340/1340 1341/1341/1341
f 1340/1340/1340 1335/1335/1335 1341/1341/1341
f 313/313/313 314/314/314 315/315/315
f 314/314/314 1926/1926/1926 315/315/315
f 313/313/313 316/316/316 314/314/314
f 314/314/314 303/303/303 1926/1926/1926
f 303/303/303 302/302/302 1926/1926/1926
f 300/300/300 301/301/301 302/302/302
f 302/302/302 301/301/301 304/304/304
f 301/301/301 305/305/305 304/304/304
f 1162/1162/1162 1166/1166/1166 1161/1161/1161
f 1289/1289/1289 1288/1288/1288 1161/1161/1161
f 1939/1939/1939 2024/2024/2024 1940/1940/1940
f 1939/1939/1939 1940/1940/1940 1307/1307/1307
f 2024/2024/2024 2148/2148/2148 1940/1940/1940
f 2137/2137/2137 2024/2024/2024 1939/1939/1939
f 4021/4021/4021 4243/4243/4243 2420/2420/2420
f 4021/4021/4021 4022/4022/4022 4224/4224/4224
f 1965/1965/1965 1470/1470/1470 1830/1830/1830
f 1652/1652/1652 1454/1454/1454 1470/1470/1470
f 1457/1457/1457 1459/1459/1459 1458/1458/1458
f 1479/1479/1479 1762/1762/1762 1480/1480/1480
f 1480/1480/1480 1762/1762/1762 1831/1831/1831
f 1762/1762/1762 1948/1948/1948 1831/1831/1831
f 2369/2369/2369 2370/2370/2370 2371/2371/2371
f 1516/1516/1516 1489/1489/1489 1375/1375/1375
f 1639/1639/1639 1342/1342/1342 1488/1488/1488
f 1335/1335/1335 1184/1184/1184 1188/1188/1188
f 1171/1171/1171 1169/1169/1169 1170/1170/1170
f 1169/1169/1169 1167/1167/1167 1168/1168/1168
f 1167/1167/1167 1186/1186/1186 1164/1164/1164
f 316/316/316 303/303/303 314/314/314
f 302/302/302 303/303/303 300/300/300
f 1166/1166/1166 1289/1289/1289 1161/1161/1161
f 1937/1937/1937 1938/1938/1938 1288/1288/1288
f 1288/1288/1288 1938/1938/1938 1307/1307/1307
f 2136/2136/2136 1938/1938/1938 1937/1937/1937
f 1307/1307/1307 1938/1938/1938 1939/1939/1939
f 1939/1939/1939 1938/1938/1938 2137/2137/2137
f 1966/1966/1966 1470/1470/1470 1965/1965/1965
f 1966/1966/1966 1652/1652/1652 1470/1470/1470
f 337/337/337 1453/1453/1453 1454/1454/1454
f 1499/1499/1499 1479/1479/1479 1459/1459/1459
f 1479/1479/1479 1734/1734/1734 1762/1762/1762
f 2050/2050/2050 1670/1670/1670 1516/1516/1516
f 2050/2050/2050 1516/1516/1516 2051/2051/2051
f 1669/1669/1669 1489/1489/1489 1516/1516/1516
f 1489/1489/1489 1696/1696/1696 1488/1488/1488
f 1696/1696/1696 1639/1639/1639 1488/1488/1488
f 1639/1639/1639 1340/1340/1340 1342/1342/1342
f 1340/1340/1340 1338/1338/1338 1335/1335/1335
f 1182/1182/1182 1172/1172/1172 1171/1171/1171
f 1171/1171/1171 1172/1172/1172 1169/1169/1169
f 1177/1177/1177 1167/1167/1167 1169/1169/1169
f 1186/1186/1186 1354/1354/1354 1164/1164/1164
f 1354/1354/1354 1165/1165/1165 1164/1164/1164
f 1165/1165/1165 1163/1163/1163 1164/1164/1164
f 1165/1165/1165 1295/1295/1295 1163/1163/1163
f 1295/1295/1295 1162/1162/1162 1163/1163/1163
f 1292/1292/1292 1289/1289/1289 1166/1166/1166
f 1289/1289/1289 1936/1936/1936 1288/1288/1288
f 2138/2138/2138 1936/1936/1936 1289/1289/1289
f 1936/1936/1936 1937/1937/1937 1288/1288/1288
f 1937/1937/1937 1936/1936/1936 2136/2136/2136
f 2120/2120/2120 1652/1652/1652 1966/1966/1966
f 1652/1652/1652 330/330/330 1454/1454/1454
f 330/330/330 337/337/337 1454/1454/1454
f 337/337/337 1455/1455/1455 1453/1453/1453
f 1461/1461/1461 1457/1457/1457 1455/1455/1455
f 1457/1457/1457 1460/1460/1460 1459/1459/1459
f 1499/1499/1499 1734/1734/1734 1479/1479/1479
f 1734/1734/1734 1921/1921/1921 1762/1762/1762
f 1762/1762/1762 1921/1921/1921 1948/1948/1948
f 1670/1670/1670 1669/1669/1669 1516/1516/1516
f 1669/1669/1669 1668/1668/1668 1489/1489/1489
f 1668/1668/1668 1696/1696/1696 1489/1489/1489
f 1672/1672/1672 1639/1639/1639 1696/1696/1696
f 1672/1672/1672 1657/1657/1657 1639/1639/1639
f 1657/1657/1657 1340/1340/1340 1639/1639/1639
f 1338/1338/1338 1184/1184/1184 1335/1335/1335
f 1174/1174/1174 1177/1177/1177 1169/1169/1169
f 1177/1177/1177 1185/1185/1185 1167/1167/1167
f 1185/1185/1185 1186/1186/1186 1167/1167/1167
f 1295/1295/1295 1293/1293/1293 1162/1162/1162
f 1293/1293/1293 1166/1166/1166 1162/1162/1162
f 1292/1292/1292 2002/2002/2002 1289/1289/1289
f 2002/2002/2002 2054/2054/2054 1289/1289/1289
f 2430/2430/2430 2431/2431/2431 2429/2429/2429
f 1289/1289/1289 2054/2054/2054 2138/2138/2138
f 333/333/333 330/330/330 1652/1652/1652
f 333/333/333 331/331/331 330/330/330
f 338/338/338 1455/1455/1455 337/337/337
f 1460/1460/1460 1499/1499/1499 1459/1459/1459
f 1499/1499/1499 1750/1750/1750 1734/1734/1734
f 1921/1921/1921 1979/1979/1979 1948/1948/1948
f 2372/2372/2372 2370/2370/2370 2369/2369/2369
f 1657/1657/1657 1382/1382/1382 1340/1340/1340
f 1382/1382/1382 1338/1338/1338 1340/1340/1340
f 1184/1184/1184 1183/1183/1183 1171/1171/1171
f 1173/1173/1173 1174/1174/1174 1169/1169/1169
f 2090/2090/2090 2091/2091/2091 1354/1354/1354
f 2091/2091/2091 1165/1165/1165 1354/1354/1354
f 2091/2091/2091 1295/1295/1295 1165/1165/1165
f 2776/2776/2776 4128/4128/4128 4223/4223/4223
f 4223/4223/4223 4128/4128/4128 4127/4127/4127
f 2064/2064/2064 1295/1295/1295 2091/2091/2091
f 1293/1293/1293 1294/1294/1294 1166/1166/1166
f 1166/1166/1166 1294/1294/1294 1292/1292/1292
f 2003/2003/2003 2002/2002/2002 1292/1292/1292
f 2427/2427/2427 2428/2428/2428 2429/2429/2429
f 1460/1460/1460 1457/1457/1457 1461/1461/1461
f 1500/1500/1500 1499/1499/1499 1460/1460/1460
f 1500/1500/1500 1502/1502/1502 1499/1499/1499
f 1502/1502/1502 1749/1749/1749 1499/1499/1499
f 1749/1749/1749 1750/1750/1750 1499/1499/1499
f 1750/1750/1750 1864/1864/1864 1734/1734/1734
f 1864/1864/1864 1979/1979/1979 1734/1734/1734
f 1734/1734/1734 1979/1979/1979 1921/1921/1921
f 1670/1670/1670 1666/1666/1666 1669/1669/1669
f 1666/1666/1666 1668/1668/1668 1669/1669/1669
f 1659/1659/1659 1672/1672/1672 1668/1668/1668
f 1659/1659/1659 1656/1656/1656 1672/1672/1672
f 1672/1672/1672 1656/1656/1656 1657/1657/1657
f 1657/1657/1657 1655/1655/1655 1382/1382/1382
f 1183/1183/1183 1184/1184/1184 1338/1338/1338
f 1183/1183/1183 1182/1182/1182 1171/1171/1171
f 1172/1172/1172 1173/1173/1173 1169/1169/1169
f 1173/1173/1173 1175/1175/1175 1174/1174/1174
f 1185/1185/1185 1262/1262/1262 1186/1186/1186
f 1262/1262/1262 310/310/310 1186/1186/1186
f 310/310/310 312/312/312 1186/1186/1186
f 1186/1186/1186 312/312/312 1354/1354/1354
f 309/309/309 312/312/312 310/310/310
f 312/312/312 2090/2090/2090 1354/1354/1354
f 4166/4166/4166 3101/3101/3101 2776/2776/2776
f 2064/2064/2064 1293/1293/1293 1295/1295/1295
f 2064/2064/2064 2063/2063/2063 1293/1293/1293
f 1294/1294/1294 2004/2004/2004 1292/1292/1292
f 2004/2004/2004 2003/2003/2003 1292/1292/1292
f 2425/2425/2425 2426/2426/2426 2427/2427/2427
f 332/332/332 334/334/334 330/330/330
f 4225/4225/4225 3843/3843/3843 4282/4282/4282
f 334/334/334 336/336/336 330/330/330
f 336/336/336 337/337/337 330/330/330
f 338/338/338 1461/1461/1461 1455/1455/1455
f 1749/1749/1749 1864/1864/1864 1750/1750/1750
f 1864/1864/1864 1994/1994/1994 1979/1979/1979
f 2129/2129/2129 1979/1979/1979 1994/1994/1994
f 1664/1664/1664 1666/1666/1666 1670/1670/1670
f 1668/1668/1668 1660/1660/1660 1659/1659/1659
f 1660/1660/1660 1668/1668/1668 1666/1666/1666
f 2076/2076/2076 1670/1670/1670 2050/2050/2050
f 1381/1381/1381 1338/1338/1338 1382/1382/1382
f 311/311/311 307/307/307 1262/1262/1262
f 1262/1262/1262 307/307/307 310/310/310
f 310/310/310 307/307/307 309/309/309
f 307/307/307 308/308/308 309/309/309
f 4166/4166/4166 3100/3100/3100 3101/3101/3101
f 2063/2063/2063 1765/1765/1765 1293/1293/1293
f 2212/2212/2212 2213/2213/2213 2214/2214/2214
f 1293/1293/1293 1765/1765/1765 1294/1294/1294
f 2213/2213/2213 2215/2215/2215 2214/2214/2214
f 1765/1765/1765 2004/2004/2004 1294/1294/1294
f 2180/2180/2180 2181/2181/2181 2182/2182/2182
f 334/334/334 335/335/335 336/336/336
f 336/336/336 338/338/338 337/337/337
f 1500/1500/1500 1748/1748/1748 1502/1502/1502
f 1748/1748/1748 1749/1749/1749 1502/1502/1502
f 1749/1749/1749 1991/1991/1991 1864/1864/1864
f 1991/1991/1991 1994/1994/1994 1864/1864/1864
f 1994/1994/1994 2128/2128/2128 2129/2129/2129
f 2076/2076/2076 1811/1811/1811 1670/1670/1670
f 1811/1811/1811 1664/1664/1664 1670/1670/1670
f 1656/1656/1656 1655/1655/1655 1657/1657/1657
f 1381/1381/1381 1382/1382/1382 1655/1655/1655
f 1172/1172/1172 1175/1175/1175 1173/1173/1173
f 1175/1175/1175 1176/1176/1176 1174/1174/1174
f 1176/1176/1176 1177/1177/1177 1174/1174/1174
f 1177/1177/1177 1178/1178/1178 1185/1185/1185
f 1178/1178/1178 1807/1807/1807 1262/1262/1262
f 1178/1178/1178 1262/1262/1262 1185/1185/1185
f 1807/1807/1807 311/311/311 1262/1262/1262
f 311/311/311 308/308/308 307/307/307
f 340/340/340 335/335/335 334/334/334
f 2219/2219/2219 2217/2217/2217 2216/2216/2216
f 335/335/335 339/339/339 336/336/336
f 339/339/339 338/338/338 336/336/336
f 338/338/338 1468/1468/1468 1461/1461/1461
f 1468/1468/1468 1467/1467/1467 1461/1461/1461
f 1892/1892/1892 1893/1893/1893 1748/1748/1748
f 1748/1748/1748 1893/1893/1893 1749/1749/1749
f 1893/1893/1893 1991/1991/1991 1749/1749/1749
f 1992/1992/1992 1993/1993/1993 1991/1991/1991
f 1991/1991/1991 1993/1993/1993 1994/1994/1994
f 1993/1993/1993 2128/2128/2128 1994/1994/1994
f 1660/1660/1660 1658/1658/1658 1659/1659/1659
f 1658/1658/1658 1656/1656/1656 1659/1659/1659
f 1653/1653/1653 1655/1655/1655 1656/1656/1656
f 1381/1381/1381 1339/1339/1339 1338/1338/1338
f 1336/1336/1336 1183/1183/1183 1338/1338/1338
f 1337/1337/1337 1182/1182/1182 1183/1183/1183
f 1176/1176/1176 1178/1178/1178 1177/1177/1177
f 4279/4279/4279 4090/4090/4090 3100/3100/3100
f 4471/4471/4471 4472/4472/4472 4473/4473/4473
f 1469/1469/1469 1468/1468/1468 338/338/338
f 1461/1461/1461 1467/1467/1467 1460/1460/1460
f 1467/1467/1467 1510/1510/1510 1460/1460/1460
f 1460/1460/1460 1501/1501/1501 1500/1500/1500
f 1501/1501/1501 1748/1748/1748 1500/1500/1500
f 1893/1893/1893 1990/1990/1990 1991/1991/1991
f 1990/1990/1990 1992/1992/1992 1991/1991/1991
f 2290/2290/2290 2289/2289/2289 2292/2292/2292
f 2288/2288/2288 2289/2289/2289 2290/2290/2290
f 1664/1664/1664 1661/1661/1661 1666/1666/1666
f 1661/1661/1661 1660/1660/1660 1666/1666/1666
f 1661/1661/1661 1658/1658/1658 1660/1660/1660
f 1658/1658/1658 1653/1653/1653 1656/1656/1656
f 1653/1653/1653 1383/1383/1383 1655/1655/1655
f 1655/1655/1655 1383/1383/1383 1381/1381/1381
f 1383/1383/1383 1339/1339/1339 1381/1381/1381
f 1336/1336/1336 1338/1338/1338 1339/1339/1339
f 1336/1336/1336 1337/1337/1337 1183/1183/1183
f 1172/1172/1172 1179/1179/1179 1175/1175/1175
f 1175/1175/1175 1180/1180/1180 1176/1176/1176
f 1475/1475/1475 1467/1467/1467 1468/1468/1468
f 1510/1510/1510 1501/1501/1501 1460/1460/1460
f 1501/1501/1501 1891/1891/1891 1748/1748/1748
f 1748/1748/1748 1891/1891/1891 1892/1892/1892
f 1892/1892/1892 1944/1944/1944 1893/1893/1893
f 1944/1944/1944 1990/1990/1990 1893/1893/1893
f 2290/2290/2290 2292/2292/2292 2293/2293/2293
f 2291/2291/2291 2288/2288/2288 2290/2290/2290
f 2083/2083/2083 1811/1811/1811 2076/2076/2076
f 1408/1408/1408 1182/1182/1182 1337/1337/1337
f 1182/1182/1182 1179/1179/1179 1172/1172/1172
f 1179/1179/1179 1180/1180/1180 1175/1175/1175
f 1180/1180/1180 1181/1181/1181 1176/1176/1176
f 1181/1181/1181 1178/1178/1178 1176/1176/1176
f 1178/1178/1178 1806/1806/1806 1807/1807/1807
f 4091/4091/4091 3077/3077/3077 4090/4090/4090
f 2218/2218/2218 2220/2220/2220 2216/2216/2216
f 339/339/339 1691/1691/1691 1469/1469/1469
f 1469/1469/1469 1475/1475/1475 1468/1468/1468
f 1891/1891/1891 1945/1945/1945 1892/1892/1892
f 2295/2295/2295 2294/2294/2294 2293/2293/2293
f 2294/2294/2294 2290/2290/2290 2293/2293/2293
f 2421/2421/2421 2422/2422/2422 2423/2423/2423
f 2423/2423/2423 2422/2422/2422 2424/2424/2424
f 1664/1664/1664 1662/1662/1662 1661/1661/1661
f 1662/1662/1662 1658/1658/1658 1661/1661/1661
f 2083/2083/2083 1665/1665/1665 1811/1811/1811
f 1665/1665/1665 1662/1662/1662 1664/1664/1664
f 1665/1665/1665 1664/1664/1664 1811/1811/1811
f 1662/1662/1662 1654/1654/1654 1658/1658/1658
f 1654/1654/1654 1384/1384/1384 1653/1653/1653
f 1654/1654/1654 1653/1653/1653 1658/1658/1658
f 1384/1384/1384 1383/1383/1383 1653/1653/1653
f 1384/1384/1384 1339/1339/1339 1383/1383/1383
f 1336/1336/1336 1409/1409/1409 1337/1337/1337
f 1409/1409/1409 1408/1408/1408 1337/1337/1337
f 1408/1408/1408 1179/1179/1179 1182/1182/1182
f 1296/1296/1296 1180/1180/1180 1179/1179/1179
f 1181/1181/1181 1625/1625/1625 1178/1178/1178
f 1625/1625/1625 1806/1806/1806 1178/1178/1178
f 4091/4091/4091 3078/3078/3078 3077/3077/3077
f 1691/1691/1691 1690/1690/1690 1469/1469/1469
f 1690/1690/1690 1475/1475/1475 1469/1469/1469
f 1475/1475/1475 1512/1512/1512 1467/1467/1467
f 1467/1467/1467 1511/1511/1511 1510/1510/1510
f 1511/1511/1511 1769/1769/1769 1510/1510/1510
f 1510/1510/1510 1769/1769/1769 1501/1501/1501
f 1769/1769/1769 1891/1891/1891 1501/1501/1501
f 1945/1945/1945 1944/1944/1944 1892/1892/1892
f 2296/2296/2296 2294/2294/2294 2295/2295/2295
f 2421/2421/2421 3965/3965/3965 2422/2422/2422
f 1654/1654/1654 1416/1416/1416 1384/1384/1384
f 1384/1384/1384 1413/1413/1413 1339/1339/1339
f 1413/1413/1413 1336/1336/1336 1339/1339/1339
f 1410/1410/1410 1408/1408/1408 1409/1409/1409
f 1410/1410/1410 1412/1412/1412 1408/1408/1408
f 1408/1408/1408 1412/1412/1412 1179/1179/1179
f 1412/1412/1412 1418/1418/1418 1179/1179/1179
f 1418/1418/1418 1647/1647/1647 1179/1179/1179
f 1647/1647/1647 1646/1646/1646 1179/1179/1179
f 1646/1646/1646 1296/1296/1296 1179/1179/1179
f 1296/1296/1296 1297/1297/1297 1181/1181/1181
f 1296/1296/1296 1181/1181/1181 1180/1180/1180
f 1297/1297/1297 1625/1625/1625 1181/1181/1181
f 3117/3117/3117 3060/3060/3060 3096/3096/3096
f 4254/4254/4254 3078/3078/3078 4091/4091/4091
f 2087/2087/2087 1691/1691/1691 339/339/339
f 2087/2087/2087 2134/2134/2134 1691/1691/1691
f 1512/1512/1512 1511/1511/1511 1467/1467/1467
f 1769/1769/1769 1947/1947/1947 1891/1891/1891
f 1947/1947/1947 1946/1946/1946 1891/1891/1891
f 1891/1891/1891 1946/1946/1946 1945/1945/1945
f 1946/1946/1946 1944/1944/1944 1945/1945/1945
f 1946/1946/1946 2127/2127/2127 1944/1944/1944
f 1665/1665/1665 1663/1663/1663 1662/1662/1662
f 1663/1663/1663 1654/1654/1654 1662/1662/1662
f 1413/1413/1413 1409/1409/1409 1336/1336/1336
f 1413/1413/1413 1411/1411/1411 1409/1409/1409
f 1411/1411/1411 1410/1410/1410 1409/1409/1409
f 1646/1646/1646 1498/1498/1498 1296/1296/1296
f 1498/1498/1498 1497/1497/1497 1296/1296/1296
f 1296/1296/1296 1497/1497/1497 1297/1297/1297
f 1987/1987/1987 1690/1690/1690 1691/1691/1691
f 1690/1690/1690 1512/1512/1512 1475/1475/1475
f 1512/1512/1512 1746/1746/1746 1511/1511/1511
f 1746/1746/1746 1769/1769/1769 1511/1511/1511
f 1769/1769/1769 1977/1977/1977 1947/1947/1947
f 2139/2139/2139 1946/1946/1946 1947/1947/1947
f 1725/1725/1725 1663/1663/1663 1665/1665/1665
f 2122/2122/2122 1665/1665/1665 2083/2083/2083
f 1495/1495/1495 1416/1416/1416 1654/1654/1654
f 1416/1416/1416 1415/1415/1415 1384/1384/1384
f 1415/1415/1415 1414/1414/1414 1384/1384/1384
f 1384/1384/1384 1414/1414/1414 1413/1413/1413
f 1410/1410/1410 1419/1419/1419 1412/1412/1412
f 1412/1412/1412 1419/1419/1419 1418/1418/1418
f 4297/4297/4297 4298/4298/4298 4299/4299/4299
f 4362/4362/4362 4358/4358/4358 4361/4361/4361
f 4361/4361/4361 4358/4358/4358 4360/4360/4360
f 4358/4358/4358 4359/4359/4359 4360/4360/4360
f 2273/2273/2273 2274/2274/2274 2275/2275/2275
f 1646/1646/1646 1885/1885/1885 1498/1498/1498
f 1498/1498/1498 1736/1736/1736 1497/1497/1497
f 1497/1497/1497 1851/1851/1851 1297/1297/1297
f 2189/2189/2189 2190/2190/2190 2191/2191/2191
f 1851/1851/1851 1625/1625/1625 1297/1297/1297
f 4002/4002/4002 3078/3078/3078 4254/4254/4254
f 3096/3096/3096 3097/3097/3097 3992/3992/3992
f 2273/2273/2273 2276/2276/2276 2274/2274/2274
f 1702/1702/1702 1512/1512/1512 1690/1690/1690
f 1832/1832/1832 1769/1769/1769 1746/1746/1746
f 2005/2005/2005 2006/2006/2006 1947/1947/1947
f 2005/2005/2005 1947/1947/1947 1977/1977/1977
f 1947/1947/1947 2006/2006/2006 2139/2139/2139
f 1725/1725/1725 1667/1667/1667 1663/1663/1663
f 1725/1725/1725 2101/2101/2101 1667/1667/1667
f 1667/1667/1667 1671/1671/1671 1654/1654/1654
f 1667/1667/1667 1654/1654/1654 1663/1663/1663
f 1671/1671/1671 1495/1495/1495 1654/1654/1654
f 1495/1495/1495 1494/1494/1494 1416/1416/1416
f 1494/1494/1494 1415/1415/1415 1416/1416/1416
f 1414/1414/1414 1436/1436/1436 1413/1413/1413
f 1436/1436/1436 1411/1411/1411 1413/1413/1413
f 1436/1436/1436 1410/1410/1410 1411/1411/1411
f 1436/1436/1436 1438/1438/1438 1410/1410/1410
f 1410/1410/1410 1438/1438/1438 1419/1419/1419
f 1438/1438/1438 1759/1759/1759 1419/1419/1419
f 2058/2058/2058 1775/1775/1775 1759/1759/1759
f 1759/1759/1759 1775/1775/1775 1419/1419/1419
f 1419/1419/1419 1775/1775/1775 1418/1418/1418
f 4300/4300/4300 4297/4297/4297 4299/4299/4299
f 1885/1885/1885 1737/1737/1737 1736/1736/1736
f 1885/1885/1885 1736/1736/1736 1498/1498/1498
f 1885/1885/1885 2140/2140/2140 1737/1737/1737
f 1737/1737/1737 1497/1497/1497 1736/1736/1736
f 2277/2277/2277 2278/2278/2278 2279/2279/2279
f 1737/1737/1737 2056/2056/2056 1497/1497/1497
f 4468/4468/4468 4469/4469/4469 4470/4470/4470
f 2088/2088/2088 1868/1868/1868 1987/1987/1987
f 1987/1987/1987 1868/1868/1868 1690/1690/1690
f 4435/4435/4435 4433/4433/4433 4432/4432/4432
f 1868/1868/1868 1702/1702/1702 1690/1690/1690
f 1702/1702/1702 1747/1747/1747 1512/1512/1512
f 1512/1512/1512 1747/1747/1747 1746/1746/1746
f 1747/1747/1747 1832/1832/1832 1746/1746/1746
f 1832/1832/1832 1978/1978/1978 1769/1769/1769
f 1978/1978/1978 1977/1977/1977 1769/1769/1769
f 4342/4342/4342 4341/4341/4341 4343/4343/4343
f 2205/2205/2205 2204/2204/2204 2208/2208/2208
f 1667/1667/1667 2089/2089/2089 1671/1671/1671
f 2089/2089/2089 2031/2031/2031 1671/1671/1671
f 1671/1671/1671 2031/2031/2031 1494/1494/1494
f 2031/2031/2031 2030/2030/2030 1494/1494/1494
f 2203/2203/2203 2206/2206/2206 2204/2204/2204
f 2203/2203/2203 2204/2204/2204 2205/2205/2205
f 2030/2030/2030 1627/1627/1627 1494/1494/1494
f 1494/1494/1494 1627/1627/1627 1415/1415/1415
f 1627/1627/1627 1417/1417/1417 1415/1415/1415
f 1415/1415/1415 1417/1417/1417 1414/1414/1414
f 1414/1414/1414 1417/1417/1417 1436/1436/1436
f 1417/1417/1417 1437/1437/1437 1436/1436/1436
f 1437/1437/1437 1438/1438/1438 1436/1436/1436
f 1437/1437/1437 1439/1439/1439 1438/1438/1438
f 1439/1439/1439 1758/1758/1758 1438/1438/1438
f 1438/1438/1438 1758/1758/1758 1759/1759/1759
f 1758/1758/1758 2058/2058/2058 1759/1759/1759
f 2209/2209/2209 2210/2210/2210 2211/2211/2211
f 2001/2001/2001 1865/1865/1865 1702/1702/1702
f 2001/2001/2001 1702/1702/1702 1868/1868/1868
f 4453/4453/4453 4454/4454/4454 4455/4455/4455
f 1865/1865/1865 1747/1747/1747 1702/1702/1702
f 1747/1747/1747 2007/2007/2007 1832/1832/1832
f 2007/2007/2007 2040/2040/2040 1832/1832/1832
f 4456/4456/4456 4457/4457/4457 4458/4458/4458
f 3862/3862/3862 3887/3887/3887 4162/4162/4162
f 3862/3862/3862 4162/4162/4162 3771/3771/3771
f 2040/2040/2040 1978/1978/1978 1832/1832/1832
f 4429/4429/4429 4430/4430/4430 4431/4431/4431
f 1978/1978/1978 2016/2016/2016 1977/1977/1977
f 1978/1978/1978 2146/2146/2146 2016/2016/2016
f 1977/1977/1977 2016/2016/2016 2005/2005/2005

